Id,Name,Location__c,Sub_Location__c,Current_Location__c,Inventory_Count_Date__c,Stock_Checked__c,LastModifiedDate
a064O00001UU4eNQAT,111912,"Tampa, FL","Tampa, FL",TPA | FG | 115 | A2,2026-04-10,,2026-06-19T15:04:26.000+0000
a064O00001UU7pnQAD,112550,"Tampa, FL","Tampa, FL",TPA | FG | 110 | C5,2026-04-10,,2026-06-19T15:04:42.000+0000
a064O00001UU82nQAD,112683,"Tampa, FL","Tampa, FL",TPA | FG | 115 | A2,2026-04-10,,2026-06-19T15:04:45.000+0000
a064O00001UUG4nQAH,113770,"Tampa, FL","Tampa, FL",TPA | FG | 110 | B4,2026-04-10,,2026-06-19T15:05:11.000+0000
a064O00001UUIniQAH,114160,"Tampa, FL","Tampa, FL",TPA | FG | 115 | B1,2026-04-10,,2026-06-19T15:05:20.000+0000
a064O00001UUMNiQAP,114904,"Tampa, FL","Tampa, FL",TPA | FG | 125 | G1,2026-04-10,,2026-06-19T15:05:38.000+0000
a064O00001UUNJEQA5,114958,"Tampa, FL","Tampa, FL",TPA | FG | 110 | G5,2026-04-10,,2026-06-19T15:05:39.000+0000
a064O00001UUNRDQA5,115043,"Tampa, FL","Tampa, FL",TPA | FG | 105 | E2,2026-04-10,,2026-07-08T14:23:58.000+0000
a064O00001UURnQQAX,115581,"Tampa, FL","Tampa, FL",TPA | FG | 105 | G1,2026-04-10,,2026-06-19T15:05:54.000+0000
a064O00001UUSnDQAX,115888,"Tampa, FL","Tampa, FL",TPA | FG | 110 | J2,2026-04-10,,2026-06-19T15:06:01.000+0000
a064O00001UUTOnQAP,115931,"Tampa, FL",WIP/EBALLARD,TPA | NC | 225 | B5,2026-08-05,,2026-08-07T14:05:21.000+0000
a064O00001UUfn1QAD,118069,"Tampa, FL","Tampa, FL",TPA | FG | 105 | G1,2026-04-10,,2026-06-19T15:06:52.000+0000
a064O00001UUgnBQAT,118242,"Tampa, FL","Tampa, FL",TPA | FG | 130 | E1,2026-04-10,,2026-06-19T15:06:56.000+0000
a064O00001UbIpnQAF,107601,Tampa,RENTAL,,2025-12-11,,2026-06-19T15:13:56.000+0000
a064O00001UbKNkQAN,107798,"Tampa, FL","Tampa, FL",TPA | FG | 105 | G1,2026-04-10,,2026-06-19T15:14:01.000+0000
a064O00001UbNO2QAN,108303,"Tampa, FL","Tampa, FL",TPA | FG | 100 | F3,2026-04-10,,2026-06-19T15:14:12.000+0000
a064O00001UbNO4QAN,108308,"Tampa, FL","Tampa, FL",TPA | FG | 110 | C2,2026-04-10,,2026-06-19T15:14:13.000+0000
a064O00001UbNOCQA3,108305,"Tampa, FL","Tampa, FL",TPA | FG | 130 | C1,2026-04-10,,2026-06-19T15:14:13.000+0000
a064O00001UbNQNQA3,108326,"Tampa, FL","Tampa, FL",TPA | FG | 120 | B2,2026-04-10,,2026-06-19T15:14:13.000+0000
a064O00001UbRVNQA3,108771,"Tampa, FL","Tampa, FL",TPA | FG | 125 | A4,2026-04-10,,2026-06-19T15:14:24.000+0000
a064O00001Ul66nQAB,120308,"Tampa, FL","Tampa, FL",TPA | FG | 120 | A4,2026-04-10,,2026-06-19T15:16:30.000+0000
a064O00001UlCHNQA3,121280,"Tampa, FL","Tampa, FL",TPA | FG | 125 | K4,2026-04-10,,2026-06-19T15:16:53.000+0000
a064O00001UlKnpQAF,122255,Tampa,WIP/JRODRIGUEZ,,2025-12-12,,2026-06-19T15:17:16.000+0000
a064O00001UlN4TQAV,122754,"Tampa, FL","Tampa, FL",TPA | FG | 135 | K2,2026-04-10,,2026-06-19T15:17:29.000+0000
a064O00001UlhnpQAB,125946,"Tampa, FL","Tampa, FL",TPA | FG | 110 | H3,2026-04-10,,2026-06-19T15:18:44.000+0000
a064O00001WfjlnQAB,131000,"Tampa, FL","Tampa, FL",TPA | FG | 100 | E2,2026-04-10,,2026-06-19T15:20:49.000+0000
a064O00001Wg1nfQAB,134275,"Tampa, FL","Tampa, FL",TPA | FG | 105 | F4,2026-04-10,,2026-06-19T15:22:13.000+0000
a064O00001Wg1npQAB,134277,"Tampa, FL","Tampa, FL",TPA | FG | 105 | F4,2026-04-10,,2026-06-19T15:22:13.000+0000
a064O00001Wg7NsQAJ,135179,"Tampa, FL","Tampa, FL",TPA | FG | 100 | C2,2026-04-10,,2026-06-19T15:22:35.000+0000
a065b00000bmSwnAAE,140377,Tampa,RENTAL,,2026-08-14,,2026-08-14T15:16:45.000+0000
a065b00000bmn84AAA,141539,"Tampa, FL","Tampa, FL",TPA | FG | 130 | B5,2026-04-10,,2026-06-19T15:25:09.000+0000
a065b00000bmnPmAAI,141564,"Tampa, FL","Tampa, FL",TPA | FG | 100 | J2,2026-04-10,,2026-06-19T15:25:09.000+0000
a065b00000bnBRTAA2,142732,"Tampa, FL","Tampa, FL",TPA | FG | 125 | K4,2026-04-10,,2026-06-19T15:25:37.000+0000
a065b00000bnCZ8AAM,142859,"Tampa, FL","Tampa, FL",TPA | FG | 100 | K1,2026-04-10,,2026-06-19T15:25:39.000+0000
a065b00000bnHE7AAM,143218,"Tampa, FL","Tampa, FL",TPA | FG | 110 | A4,2026-04-10,,2026-06-19T15:25:47.000+0000
a065b00000bnJoIAAU,143359,"Tampa, FL","Tampa, FL",TPA | FG | 110 | A1,2026-04-10,,2026-07-08T14:20:57.000+0000
a065b00000bnMVsAAM,143533,"Tampa, FL","Tampa, FL",TPA | FG | 110 | A1,2026-04-10,,2026-06-19T15:25:56.000+0000
a065b00000bnMznAAE,143571,"Tampa, FL","Tampa, FL",TPA | FG | 125 | G2,2026-04-10,,2026-06-19T15:25:56.000+0000
a065b00000bnN7NAAU,143593,"Tampa, FL","Tampa, FL",TPA | FG | 135 | A2,2026-04-10,,2026-06-19T15:25:57.000+0000
a065b00000bnQZ4AAM,143810,"Tampa, FL","Tampa, FL",TPA | FG | 130 | K2,2026-04-10,,2026-06-19T15:26:02.000+0000
a065b00000bnQsOAAU,143820,"Tampa, FL","Tampa, FL",TPA | FG | 130 | G4,2026-04-10,,2026-06-19T15:26:02.000+0000
a065b00000bnVwPAAU,144132,"Tampa, FL","Tampa, FL",TPA | FG | 100 | H2,2026-04-10,,2026-06-19T15:26:10.000+0000
a065b00000bnXE6AAM,144234,"Tampa, FL","Tampa, FL",TPA | FG | 100 | C2,2026-04-10,,2026-06-19T15:26:12.000+0000
a065b00000bnXE9AAM,144237,"Tampa, FL","Tampa, FL",TPA | FG | 105 | C1,2026-04-10,,2026-06-19T15:26:12.000+0000
a065b00000bnaIpAAI,144460,"Tampa, FL","Tampa, FL",TPA | FG | 125 | E1,2026-04-10,,2026-06-19T15:26:17.000+0000
a065b00000bncn7AAA,144658,"Tampa, FL","Tampa, FL",TPA | FG | 100 | G1,2026-04-10,,2026-06-19T15:26:22.000+0000
a065b00000bnfQ4AAI,144781,"Tampa, FL","Tampa, FL",TPA | FG | 110 | G2,2026-04-10,,2026-06-19T15:26:26.000+0000
a065b00000bng54AAA,144838,"Tampa, FL","Tampa, FL",TPA | FG | 135 | F1,2026-04-10,,2026-06-19T15:26:27.000+0000
a065b00000bngIqAAI,144865,"Tampa, FL","Tampa, FL",TPA | FG | 130 | B2,2026-04-10,,2026-07-08T14:22:17.000+0000
a065b00000bngk9AAA,144927,"Tampa, FL","Tampa, FL",TPA | FG | 125 | E5,2026-04-10,,2026-06-19T15:26:29.000+0000
a065b00000bnjLAAAY,145136,"Tampa, FL","Tampa, FL",TPA | FG | 105 | K3,2026-04-10,,2026-06-19T15:26:34.000+0000
a065b00000bnkrwAAA,145242,"Tampa, FL","Tampa, FL",TPA | FG | 115 | J1,2026-04-10,,2026-06-19T15:26:37.000+0000
a065b00000bnlWPAAY,145327,"Tampa, FL","Tampa, FL",TPA | FG | 105 | J2,2026-04-10,,2026-06-19T15:26:39.000+0000
a065b00000bnlZZAAY,145335,"Tampa, FL","Tampa, FL",TPA | FG | 105 | J2,2026-04-10,,2026-06-19T15:26:39.000+0000
a065b00000bnleUAAQ,145345,"Tampa, FL","Tampa, FL",TPA | FG | 130 | B5,2026-04-10,,2026-06-19T15:26:39.000+0000
a065b00000bnmHBAAY,145377,"Tampa, FL","Tampa, FL",TPA | FG | 110K3,2026-04-10,,2026-06-19T15:26:41.000+0000
a065b00000bnoY4AAI,145525,Tampa,FG09D1A,,2025-12-11,,2026-06-19T15:26:44.000+0000
a065b00000bnoYiAAI,145526,"Tampa, FL","Tampa, FL",TPA | FG | 105 | K3,2026-04-10,,2026-06-19T15:26:44.000+0000
a065b00000bnpTIAAY,145630,"Tampa, FL","Tampa, FL",TPA | FG | 100 | G3,2026-04-10,,2026-06-19T15:26:46.000+0000
a065b00000bnr34AAA,145714,"Tampa, FL","Tampa, FL",TPA | FG | 105 | C1,2026-04-10,,2026-06-19T15:26:48.000+0000
a065b00000bnr3XAAQ,145707,"Tampa, FL","Tampa, FL",TPA | FG | 105 | C1,2026-04-10,,2026-06-19T15:26:48.000+0000
a065b00000bnr4UAAQ,145711,"Tampa, FL","Tampa, FL",TPA | FG | 105 | C1,2026-04-10,,2026-06-19T15:26:48.000+0000
a065b00000bnr4ZAAQ,145712,"Tampa, FL","Tampa, FL",TPA | FG | 105 | C1,2026-04-10,,2026-06-19T15:26:48.000+0000
a065b00000bnxYGAAY,146046,"Tampa, FL","Tampa, FL",TPA | FG | 110 | B4,2026-04-10,,2026-06-19T15:26:56.000+0000
a065b00000boSnFAAU,147437,"Tampa, FL","Tampa, FL",TPA | FG | 110 | K2,2026-04-10,,2026-06-19T15:27:29.000+0000
a065b00000cmnIDAAY,150831,"Tampa, FL","Tampa, FL",TPA | FG | 125 | B1,2026-04-10,,2026-06-19T15:28:54.000+0000
a065b00000cnAFQAA2,151773,"Tampa, FL","Tampa, FL",TPA | FG | 125 | K3,2026-04-10,,2026-06-19T15:29:14.000+0000
a065b00000cnEkxAAE,151914,"Tampa, FL","Tampa, FL",TPA | FG | 125 | C1,2026-04-10,,2026-06-19T15:29:17.000+0000
a065b00000cnOHNAA2,152363,"Tampa, FL","Tampa, FL",TPA | FG | 110 | E2,2026-04-10,,2026-06-19T15:29:28.000+0000
a065b00000cnQpKAAU,152441,"Tampa, FL","Tampa, FL",TPA | FG | 130 | E4,2026-04-10,,2026-06-19T15:29:30.000+0000
a065b00000cnqALAAY,153534,"Tampa, FL","Tampa, FL",TPA | FG | 135 | K2,2026-04-10,,2026-06-19T15:29:56.000+0000
a065b00000cnuF6AAI,153755,"Tampa, FL","Tampa, FL",TPA | FG | 115 | A5,2026-04-22,,2026-06-19T15:30:00.000+0000
a065b00000cnuF7AAI,153759,"Tampa, FL","Tampa, FL",TPA | FG | 130 | E4,2026-04-10,,2026-06-19T15:30:00.000+0000
a065b00000cnxt5AAA,153884,"Tampa, FL","Tampa, FL",TPA | FG | 100 | J2,2026-04-10,,2026-07-08T14:41:04.000+0000
a065b00000colNhAAI,155704,"Tampa, FL","Tampa, FL",TPA | FG | 115 | K2,2026-04-10,,2026-06-19T15:30:48.000+0000
a065b00000con1TAAQ,155720,"Tampa, FL","Tampa, FL",TPA | FG | 110 | H4,2026-04-10,,2026-06-19T15:30:48.000+0000
a065b00000conW3AAI,155742,"Tampa, FL","Tampa, FL",TPA | FG | 110 | C2,2026-04-10,,2026-06-19T15:30:49.000+0000
a065b00000coxn7AAA,156386,"Tampa, FL","Tampa, FL",TPA | FG | 110 | K4,2026-04-10,,2026-06-19T15:31:04.000+0000
a065b00000dVDNGAA4,204288,"Tampa, FL","Tampa, FL",TPA | FG | 125 | G2,2026-04-10,,2026-06-19T15:39:23.000+0000
a065b00000dzOnSAAU,173388,"Tampa, FL","Tampa, FL",TPA | FG | 110 | A1,2026-04-10,,2026-06-19T15:40:27.000+0000
a065b00000e00tNAAQ,186037,Tampa,RENTAL,,2025-12-11,,2026-06-19T15:46:49.000+0000
a065b00000g9hNNAAY,215950,"Tampa, FL","Tampa, FL",TPA | FG | 100 | K2,2026-04-10,,2026-06-19T15:51:19.000+0000
a065b00000g9unfAAA,218954,Tampa,FG01E1A,,2025-12-11,,2026-06-19T15:52:34.000+0000
a065b00000gANSgAAO,225017,"Tampa, FL","Tampa, FL",TPA | NC | 205 | B3,2026-08-05,,2026-08-07T14:05:12.000+0000
a065b00000gAQpNAAW,225869,Tampa,Harvest Rack 3,Customer Loan / Demo,2025-12-11,,2026-06-19T15:55:29.000+0000
a065b00000gQmeNAAS,209161,"Tampa, FL","Tampa, FL",TPA | NC | 225 | D5,2026-08-05,,2026-08-07T14:05:18.000+0000
a065b00000gR7INAA0,212184,"Tampa, FL","Tampa, FL",TPA | FG | 130 | J3,2026-04-10,,2026-06-19T16:00:45.000+0000
a065b00000gSK0nAAG,235175,"Tampa, FL","Tampa, FL",TPA | FG | 105 | J1,2026-04-10,,2026-06-19T16:03:40.000+0000
a065b00000gSNhgAAG,235848,"Tampa, FL","Tampa, FL",TPA | FG | 115 | J2,2026-04-10,,2026-06-19T16:03:57.000+0000
a065b00000gSNnEAAW,235892,"Tampa, FL","Tampa, FL",TPA | FG | 120 | F5,2026-04-10,,2026-06-19T16:03:58.000+0000
a065b00000gSWbnAAG,237570,"Tampa, FL","Tampa, FL",TPA | FG | 115 | F4,2026-04-10,,2026-06-19T16:04:40.000+0000
a065b00000jRT6nAAG,245258,"Tampa, FL","Tampa, FL",TPA | NC | 225 | B1,2026-08-05,,2026-08-07T14:05:18.000+0000
a065b00000jXDntAAG,240722,"Tampa, FL","Tampa, FL",TPA | FG | 105 | K7,2026-04-10,,2026-06-19T16:06:33.000+0000
a065b00000jxHPnAAM,246152,"Tampa, FL","Tampa, FL",TPA | FG | 120J2,2026-04-10,,2026-06-19T16:08:16.000+0000
a065b00000jzmDnAAI,246341,"Tampa, FL","Tampa, FL",TPA | FG | 120 | F3,2026-04-10,,2026-06-19T16:08:21.000+0000
a065b00000jznC1AAI,246851,"Tampa, FL","Tampa, FL",TPA | FG | 125 | A3,2026-04-10,,2026-06-19T16:08:34.000+0000
a065b00000jznzUAAQ,247052,"Tampa, FL","Tampa, FL",TPA | NC | 205 | A3,2026-08-05,,2026-08-07T14:05:12.000+0000
a065b00000k03nQAAQ,250310,Tampa,WIP/GCHADWICK,,2025-12-12,,2026-06-19T16:10:00.000+0000
a065b00000k03ndAAA,250323,Tampa,WIP/GCHADWICK,,2025-12-12,,2026-06-19T16:10:01.000+0000
a065b00000k0AnhAAE,251657,"Tampa, FL","Tampa, FL",TPA | FG | 115 | C1,2026-04-10,,2026-06-19T16:10:33.000+0000
a065b00000k0NbHAAU,255225,Tampa,FG05B3A,,2025-12-11,,2026-06-19T16:12:02.000+0000
a065b00000k0NfsAAE,255271,"Tampa, FL","Tampa, FL",TPA | FG | 135 | B3,2026-04-10,,2026-06-19T16:12:03.000+0000
a065b00000k0RNTAA2,256638,"Tampa, FL","Tampa, FL",TPA | FG | 110H2,2026-04-10,,2026-06-19T16:12:36.000+0000
a065b00000k0UznAAE,258488,"Tampa, FL",WIP01/SYSTEMS,Customer Loan / Demo,2024-01-01,,2026-08-18T19:34:47.000+0000
a06Ro0000056entIAA,263136,"Tampa, FL","Tampa, FL",TPA | NC | 225 | E3,2026-08-05,,2026-08-07T14:05:18.000+0000
a06Ro000006J1ONIA0,268245,"Tampa, FL","Tampa, FL",TPA | FG | 115 | J2,2026-04-10,,2026-06-19T16:17:27.000+0000
a06Ro000006RINBIA4,269066,"Tampa, FL","Tampa, FL",TPA | FG | 105 | J3,2026-04-10,,2026-06-19T16:17:47.000+0000
a06Ro000006SQ5nIAG,269205,"Tampa, FL","Tampa, FL",TPA | FG | 135 | C1,2026-04-10,,2026-06-19T16:17:49.000+0000
a06Ro000006lhnfIAA,271073,"Tampa, FL",,TPA | FG | 110 | E1,2026-05-07,,2026-07-06T15:35:12.000+0000
a06Ro000006nSkUIAU,271302,"Tampa, FL","Tampa, FL",TPA | WIP | 200,2025-12-11,,2026-06-19T16:18:39.000+0000
a06Ro000007VNnVIAW,276267,"Tampa, FL","Tampa, FL",TPA | FG | 100 | C1,2026-04-10,,2026-06-19T16:20:42.000+0000
a06Ro000007iNZZIA2,277480,"Tampa, FL","Tampa, FL",TPA | FG | 105 | C2,2026-04-10,,2026-06-19T16:21:13.000+0000
a06Ro000007iunJIAQ,277519,"Tampa, FL","Tampa, FL",TPA | FG | 115 | H3,2026-04-10,,2026-06-19T16:21:13.000+0000
a06Ro000008On1NIAS,280984,"Tampa, FL","Tampa, FL",TPA | NC | 215 | C2,2026-08-05,,2026-08-07T14:05:15.000+0000
a06Ro000009ryNRIAY,296959,"Tampa, FL","Tampa, FL",TPA | FG | 120 | E3,2026-04-10,,2026-06-19T16:27:19.000+0000
a06Ro00000BWnSIIA1,312875,Tampa,FG10E1A,,2025-12-11,,2026-06-19T16:33:01.000+0000
a06Ro00000BosN5IAJ,321582,"Tampa, FL","Tampa, FL",TPA | FG | 110 | B2,2026-04-10,,2026-06-19T16:35:46.000+0000
a06Ro00000C5N57IAF,322889,"Tampa, FL","Tampa, FL",TPA | FG | 130 | A1,2026-04-10,,2026-06-19T16:36:16.000+0000
a06Ro00000CjOnFIAV,357328,"Tampa, FL","Tampa, FL",TPA | FG | 100 | C1,2026-04-10,,2026-06-19T17:13:27.000+0000
a06Ro00000CtNWXIA3,358125,"Tampa, FL","Tampa, FL",TPA | FG | 135 | A3,2026-04-10,,2026-06-19T17:13:47.000+0000
a06Ro00000CuGnxIAF,358382,"Tampa, FL","Tampa, FL",TPA | FG | 110 | G4,2026-04-10,,2026-06-19T17:13:54.000+0000
a06Ro00000DbaMnIAJ,363506,"Tampa, FL",WIP/KWHYBREW,Shipping,2026-04-15,,2026-08-18T11:53:12.000+0000
a06Ro00000ENhCeIAL,368660,"Tampa, FL","Tampa, FL",TPA | FG | 110 | G5,2026-04-10,,2026-06-19T17:19:47.000+0000
a06Ro00000ET1GnIAL,369481,"Tampa, FL","Tampa, FL",TPA | NC | 225 | B1,2026-08-05,,2026-08-07T14:05:18.000+0000
a06Ro00000EpnGLIAZ,371293,"Tampa, FL","Tampa, FL",TPA | NC | 225 | B4,2026-08-05,,2026-08-07T14:05:21.000+0000
a06Ro00000G6nEXIAZ,380538,"Tampa, FL","Tampa, FL",TPA | FG | 105 | E1,2026-04-10,,2026-06-19T17:24:41.000+0000
a06Ro00000GiNqwIAF,385075,Tampa,COIL/A1,Coils,2026-04-15,,2026-06-19T17:26:34.000+0000
a06Ro00000IoNByIAN,398903,"Tampa, FL","Tampa, FL",TPA | FG | 105 | C4,2026-04-10,,2026-06-19T17:32:15.000+0000
a06Ro00000JPFYnIAP,402060,"Tampa, FL","Tampa, FL",TPA | FG | 120F5,2026-04-10,,2026-06-19T17:33:34.000+0000
a06Ro00000JnsVlIAJ,404948,"Tampa, FL","Tampa, FL",TPA | FG | 105 | F2,2026-04-10,,2026-06-19T17:34:47.000+0000
a06Ro00000JnyOIIAZ,404958,"Tampa, FL","Tampa, FL",TPA | FG | 115 | E4,2026-04-10,,2026-08-11T17:41:58.000+0000
a06Ro00000JnysvIAB,404955,"Tampa, FL","Tampa, FL",TPA | FG | 115 | E4,2026-04-10,,2026-08-11T17:41:46.000+0000
a06Ro00000KjbnwIAB,410658,"Tampa, FL","Tampa, FL",TPA | WIP | 200,2025-12-12,,2026-06-19T17:37:12.000+0000
a06Ro00000LNLSfIAP,414303,Tampa,WIP01/SYSTEMS,,2025-12-10,,2026-06-19T17:38:41.000+0000
a06Ro00000LcKknIAF,415920,Tampa,Barb Demo Room,Customer Loan / Demo,,,2026-06-19T17:39:20.000+0000
a06Ro00000Le8NmIAJ,416275,Tampa,RENTAL,Customer Loan / Demo,2025-12-11,,2026-06-19T17:39:29.000+0000
a06Ro00000MZzwnIAD,421536,"Tampa, FL","Tampa, FL",TPA | FG | 100 | E2,2026-04-10,,2026-06-19T17:41:39.000+0000
a06Ro00000MvCnlIAF,423379,"Tampa, FL","Tampa, FL",TPA | NC | 205 | D3,2026-08-05,,2026-08-07T14:05:09.000+0000
a06Ro00000N3ZVVIA3,424097,"Tampa, FL","Tampa, FL",TPA | NC | 215 | A2,2026-08-05,,2026-08-07T14:05:15.000+0000
a06Ro00000N6BmjIAF,424405,"Tampa, FL","Tampa, FL",TPA | FG | 135 | F3,2026-04-10,,2026-06-19T17:42:49.000+0000
a06Ro00000N6HddIAF,424435,"Tampa, FL","Tampa, FL",TPA | FG | 135J3,2026-04-10,,2026-06-19T17:42:50.000+0000
a06Ro00000N90y2IAB,424752,"Tampa, FL","Tampa, FL",TPA | FG | 100 | C2,2026-04-10,,2026-06-19T17:42:56.000+0000
a06Ro00000N93O3IAJ,424756,"Tampa, FL","Tampa, FL",TPA | FG | 100 | C2,2026-04-10,,2026-06-19T17:42:56.000+0000
a06Ro00000N9BrpIAF,424751,"Tampa, FL","Tampa, FL",TPA | FG | 100 | C2,2026-04-10,,2026-06-19T17:42:57.000+0000
a06Ro00000NCMZ0IAP,425137,Tampa,WIP01/SYSTEMS,,2025-12-10,,2026-06-19T17:43:05.000+0000
a06Ro00000NJrzTIAT,425593,"Jeffersonville, IN",Harvest,"Jeffersonville, IN | Core BP 1",,2025-12-18,2026-08-12T15:42:04.000+0000
a06Ro00000NK2zkIAD,425625,"Tampa, FL",WIP/KWHYBREW,"Jeffersonville, IN | Production MRBAY01",,2026-05-26,2026-08-12T13:50:29.000+0000
a06Ro00000NcsJvIAJ,427398,"Tampa, FL","Tampa, FL",TPA | NC | 215 | A2,2026-08-05,,2026-08-07T14:05:15.000+0000
a06Ro00000Nmn7dIAB,427918,"Tampa, FL","Tampa, FL",TPA | FG | 135 | C2,2026-04-10,,2026-06-19T17:44:13.000+0000
a06Ro00000NmzyTIAR,428181,"Tampa, FL","Tampa, FL",TPA | NC | 210 | C3,2026-08-05,,2026-08-07T14:05:00.000+0000
a06Ro00000NpzdiIAB,428534,Tampa,WIP01/SYSTEMS,,2025-12-10,,2026-06-19T17:44:28.000+0000
a06Ro00000Nsp1uIAB,428913,Tampa,FG01/SYSTEMS,Shipping,2025-12-10,,2026-07-16T15:15:55.000+0000
a06Ro00000NwkbXIAR,429215,Tampa,WIP Portable Rack 1,Customer Loan / Demo,2025-12-10,,2026-06-19T17:44:45.000+0000
a06Ro00000NwxwyIAB,429239,"Tampa, FL","Tampa, FL",TPA | FG | 105 | E1,2026-04-10,,2026-06-19T17:44:45.000+0000
a06Ro00000NxWcvIAF,429351,Tampa,FG/PRB/04F1,,2025-12-11,,2026-06-19T17:44:49.000+0000
a06Ro00000NywK1IAJ,429442,"Tampa, FL","Tampa, FL",TPA | NC | 205 | D1,2026-08-05,,2026-08-07T14:05:09.000+0000
a06Ro00000OOxNlIAL,431533,"Tampa, FL","Tampa, FL",TPA | NC | 210 | C3,2026-08-05,,2026-08-07T14:05:00.000+0000
a06Ro00000OPnJ3IAL,431697,"Tampa, FL","Tampa, FL",TPA | FG | 105 | K1,2026-04-10,,2026-06-19T17:45:48.000+0000
a06Ro00000OpcNBIAZ,433975,"Tampa, FL","Tampa, FL",TPA | FG | 105 | E1,2026-04-10,,2026-06-19T17:46:45.000+0000
a06Ro00000PAJpNIAX,435906,"Tampa, FL","Tampa, FL",TPA | FG | 130 | A2,2026-04-10,,2026-06-19T17:47:35.000+0000
a06Ro00000PeUNaIAN,438174,"Tampa, FL","Tampa, FL",TPA | NC | 225 | B3,2026-08-05,,2026-08-07T14:05:18.000+0000
a06Ro00000PeWPNIA3,438164,"Tampa, FL","Tampa, FL",TPA | NC | 210 | C1,2026-08-05,,2026-08-07T14:05:00.000+0000
a06Ro00000Pec3NIAR,438178,"Tampa, FL","Tampa, FL",TPA | FG | 110 | H3,2026-04-10,,2026-06-19T17:48:32.000+0000
a06Ro00000QNk9dIAD,441808,"Tampa, FL","Tampa, FL",TPA | FG | 105 | C1,2026-04-10,,2026-06-19T17:50:03.000+0000
a06Ro00000QNkj7IAD,441811,"Tampa, FL","Tampa, FL",TPA | NC | 215 | A3,2026-08-05,,2026-08-07T14:05:15.000+0000
a06Ro00000QNlbyIAD,441819,"Tampa, FL","Tampa, FL",Acq Mod Repair Queue,2026-08-01,,2026-08-05T14:39:04.000+0000
a06Ro00000QdoPNIAZ,443252,"Tampa, FL","Tampa, FL",TPA | NC | 225 | A3,2026-08-05,,2026-08-07T14:05:05.000+0000
a06Ro00000Qm8XNIAZ,443971,"Tampa, FL","Tampa, FL",TPA | FG | 105 | C2,2026-04-10,,2026-06-19T17:50:48.000+0000
a06Ro00000QnDjVIAV,444264,"Tampa, FL","Tampa, FL",TPA | FG | 130 | C2,2026-04-10,,2026-06-19T17:50:54.000+0000
a06Ro00000QnEMDIA3,444270,"Tampa, FL",,TPA | NC | 210 | A2,2026-08-05,,2026-08-07T14:05:00.000+0000
a06Ro00000QtNpqIAF,444954,Tampa,SOLD PENDING SHIPMENT,Inter-Company / Material Transfer,2025-12-10,,2026-06-19T17:51:06.000+0000
a06Ro00000R9NdlIAF,446917,"Tampa, FL","Tampa, FL",TPA | NC | 225 | B4,2026-08-05,,2026-08-07T14:05:21.000+0000
a06Ro00000RDe9nIAD,447295,Tampa,WIP01/SYSTEMS,,2025-12-10,,2026-06-19T17:51:43.000+0000
a06Ro00000SK8xNIAT,452120,"Tampa, FL","Tampa, FL",TPA | FG | 120 | F2,2026-04-10,,2026-06-19T17:53:44.000+0000
a06Ro00000SNJcwIAH,452473,Tampa,FG01/SYSTEMS,,2025-12-10,,2026-06-19T17:53:52.000+0000
a06Ro00000SNMz0IAH,452476,Tampa,FG01/SYSTEMS,,2025-12-10,,2026-06-19T17:53:52.000+0000
a06Ro00000SginhIAB,454199,"Tampa, FL","Tampa, FL",TPA | NC | 215 | B2,2026-08-05,,2026-08-07T14:05:15.000+0000
a06Ro00000T0nOFIAZ,456020,"Tampa, FL","Tampa, FL",TPA | FG | 120 | B2,2026-04-10,,2026-06-19T17:55:22.000+0000
a06Ro00000TCgNlIAL,456848,"Tampa, FL","Tampa, FL",TPA | NC | 210 | A3,2026-08-05,,2026-08-07T14:05:00.000+0000
a06Ro00000TNj3lIAD,457713,"Tampa, FL",WIP Portable Rack 1,Shipping,2025-12-11,,2026-08-13T16:50:32.000+0000
a06Ro00000U445NIAR,460672,"Tampa, FL","Tampa, FL",TPA | FG | 115 | B1,2026-04-10,,2026-06-19T17:57:16.000+0000
a06Ro00000Ul0zNIAR,464168,"Tampa, FL","Tampa, FL",TPA | FG | 135 | B1,2026-04-10,,2026-06-26T14:22:48.000+0000
a06Ro00000UpMN2IAN,464410,"Tampa, FL","Tampa, FL",TPA | FG | 100 | E1,2026-04-10,,2026-06-19T17:58:45.000+0000
a06Ro00000UqWnNIAV,464603,"Tampa, FL","Tampa, FL",TPA | NC | 205 | D3,2026-08-05,,2026-08-07T14:05:09.000+0000
a06Ro00000VCINVIA5,466932,"Tampa, FL",,On Rental,2026-04-10,,2026-07-07T13:14:41.000+0000
a06Ro00000VWDN9IAP,468254,Tampa,WIP/GCHADWICK,,2025-12-10,,2026-08-10T14:45:09.000+0000
a06Ro00000Vn2LNIAZ,469858,Tampa,FG01/SYSTEMS,,2025-12-10,,2026-06-19T18:01:02.000+0000
a06Ro00000VqAnpIAF,470195,Tampa,FG01/SYSTEMS,,,,2026-06-19T18:01:12.000+0000
a06Ro00000WB9wnIAD,472306,"Tampa, FL","Tampa, FL",TPA | FG | 105 | E2,2026-04-10,,2026-06-19T18:02:06.000+0000
a06Ro00000WfnDhIAJ,475318,"Tampa, FL","Tampa, FL",TPA | FG | 120 | G3,2026-04-10,,2026-06-19T18:03:23.000+0000
a06Ro00000WjIHnIAN,475364,Tampa,FG01/SYSTEMS,,,,2026-06-19T18:03:26.000+0000
a06Ro00000WjqknIAB,475471,"Tampa, FL","Tampa, FL",TPA | FG | 120 | G4,2026-04-10,,2026-06-19T18:03:30.000+0000
a06Ro00000Wk2qnIAB,475557,"Tampa, FL","Tampa, FL",TPA | FG | 125 | B4,2026-04-10,,2026-07-28T18:46:25.000+0000
a06Ro00000Wkq2nIAB,475933,"Tampa, FL","Tampa, FL",TPA | NC | 225 | A2,2026-08-05,,2026-08-07T14:05:05.000+0000
a06Ro00000Wn4XtIAJ,476141,"Tampa, FL","Tampa, FL",TPA | NC | 225 | A1,2026-08-05,,2026-08-07T14:05:05.000+0000
a06Ro00000WqsEnIAJ,476592,Tampa,WIP01/SYSTEMS,,,,2026-06-19T18:04:00.000+0000
a06Ro00000XaXNRIA3,480293,"Tampa, FL","Tampa, FL",TPA | NC | 215 | B3,2026-08-05,,2026-08-07T14:05:15.000+0000
a06Ro00000XanOzIAJ,480339,"Tampa, FL","Tampa, FL",TPA | NC | 210 | B2,2026-08-05,,2026-08-07T14:05:00.000+0000
a06Ro00000XrNZmIAN,481078,"Tampa, FL",SOLD PENDING SHIPMENT,Material Transfer,,,2026-08-13T18:58:02.000+0000
a06Ro00000XsnjtIAB,481279,"Tampa, FL","Tampa, FL",TPA | FG | 100 | E1,2026-04-10,,2026-06-19T18:05:55.000+0000
a06Ro00000XsnrxIAB,481281,"Tampa, FL","Tampa, FL",TPA | FG | 100 | E1,2026-04-10,,2026-06-19T18:05:57.000+0000
a06Ro00000YGGN0IAP,482890,Tampa,Check-In,,,,2026-06-19T18:06:33.000+0000
a06Ro00000YiPTnIAN,484893,"Tampa, FL","Tampa, FL",TPA | FG | 135 | F4,2026-04-10,,2026-07-08T00:29:12.000+0000
a06Ro00000YnbSfIAJ,485346,"Jeffersonville, IN",Harvest,,,,2026-06-19T18:07:39.000+0000
a06Ro00000YnhbJIAR,485350,"Jeffersonville, IN",Harvest,,,,2026-06-19T18:07:39.000+0000
a06Ro00000ZNcLOIA1,509645,"Tampa, FL","Tampa, FL",TPA | NC | 205 | A3,2026-08-05,,2026-08-07T14:05:12.000+0000
a06Ro00000ZQnP7IAL,509807,"Tampa, FL","Tampa, FL",TPA | FG | 105 | C2,2026-04-10,,2026-06-19T18:12:18.000+0000
a06Ro00000Zn61kIAB,511450,"Tampa, FL","Tampa, FL",TPA | FG | 120K4,2026-04-10,,2026-06-19T18:12:56.000+0000
a06Ro00000ZnQmoIAF,511440,"Tampa, FL","Tampa, FL",TPA | FG | 120K4,2026-04-10,,2026-06-19T18:12:59.000+0000
a06Ro00000ZnR2wIAF,511423,"Tampa, FL","Tampa, FL",TPA | FG | 135 | K5,2026-04-10,,2026-07-01T13:50:44.000+0000
a06Ro00000ZnRm5IAF,511420,"Tampa, FL","Tampa, FL",TPA | FG | 135 | K5,2026-04-10,,2026-06-19T18:12:59.000+0000
a06Ro00000ZnVOIIA3,511439,"Tampa, FL","Tampa, FL",TPA | FG | 120K4,2026-04-10,,2026-06-19T18:12:59.000+0000
a06Ro00000aCucnIAC,513027,"Tampa, FL","Tampa, FL",TPA | FG | 130G2,2026-04-10,,2026-06-19T18:13:38.000+0000
a06Ro00000aMNdxIAG,513944,"Tampa, FL","Tampa, FL",Acq Mod Repair Queue,2026-08-01,,2026-08-05T14:39:05.000+0000
a06Ro00000b5XinIAE,516971,"Tampa, FL","Tampa, FL",TPA | NC | 215 | A4,2026-08-05,,2026-08-07T14:05:18.000+0000
a06Ro00000bEfqnIAC,517561,"Tampa, FL",,TPA | FG | 110C2,2026-04-22,,2026-06-19T18:15:30.000+0000
a06Ro00000bYnaTIAS,518918,Tampa,WIP/KWHYBREW,,,,2026-08-18T11:03:57.000+0000
a06Ro00000bdnrbIAA,519374,"Tampa, FL",Final Tested - Pending FG,,,,2026-06-19T18:16:16.000+0000
a06Ro00000bpfNBIAY,519919,"Tampa, FL","Tampa, FL",TPA | NC | 210 | E3,2026-08-05,,2026-08-07T14:05:02.000+0000
a06Ro00000by6N2IAI,520674,"Tampa, FL","Tampa, FL",TPA | FG | 100 | G5,2026-04-10,,2026-06-19T18:16:47.000+0000
a06Ro00000bz0nNIAQ,520712,"Tampa, FL","Tampa, FL",TPA | NC | 210 | E3,2026-08-05,,2026-08-07T14:05:02.000+0000
a06Ro00000c3n38IAA,521074,"Tampa, FL","Tampa, FL",TPA | FG | 120 | J5,2026-04-10,,2026-06-19T18:16:58.000+0000
a06Ro00000cENWjIAO,521497,"Tampa, FL","Tampa, FL",TPA | FG | 130 | J2,2026-04-21,,2026-06-19T18:17:09.000+0000
a06Ro00000cEhonIAC,521513,"Tampa, FL","Tampa, FL",FG | TPA | 120 | H2,2026-04-10,,2026-06-23T20:11:57.000+0000
a06Ro00000cNW9RIAW,522092,"Tampa, FL","Tampa, FL",TPA | NC | 205 | E1,2026-08-05,,2026-08-07T14:05:05.000+0000
a06Ro00000cPIn3IAG,522253,"Tampa, FL","Tampa, FL",TPA | FG | 105 | K3,2026-04-21,,2026-06-19T18:17:27.000+0000
a06Ro00000cVmNTIA0,522760,"Tampa, FL",,TPA | NC | 225 | D1,2026-08-05,,2026-08-07T14:05:18.000+0000
a06Ro00000cXnyXIAS,522868,"Tampa, FL","Tampa, FL",TPA | NC | 205 | E3,2026-08-05,,2026-08-07T14:05:09.000+0000
a06Ro00000cXo3NIAS,522869,"Tampa, FL","Tampa, FL",TPA | NC | 205 | E3,2026-08-05,,2026-08-07T14:05:09.000+0000
a06Ro00000cvYdNIAU,524396,"Tampa, FL","Tampa, FL",TPA | NC | 205 | E4,2026-08-05,,2026-08-07T14:05:09.000+0000
a06Ro00000d3vcnIAA,525097,"Tampa, FL","Tampa, FL",TPA | FG | 110 | A1,,,2026-06-19T18:18:35.000+0000
a06Ro00000dPutNIAS,526492,"Tampa, FL","Tampa, FL",TPA | FG | 115 | F1,2026-05-07,,2026-07-28T12:51:11.000+0000
a06Ro00000dTkNaIAK,526920,"Tampa, FL",,TPA | NC | 205 | E2,2026-08-05,,2026-08-07T14:05:09.000+0000
a06Ro00000dcACnIAM,527631,"Tampa, FL","Tampa, FL",TPA | FG | 120 | J2,2026-05-14,,2026-06-19T18:19:36.000+0000
a06Ro00000dcHpNIAU,527676,"Tampa, FL",Final Tested - Pending FG,,2026-05-14,,2026-07-09T22:13:15.000+0000
a06Ro00000dn4gkIAA,528212,"Tampa, FL","Tampa, FL",TPA | FG | 120 | H3,2026-05-14,,2026-06-19T18:19:51.000+0000
a06Ro00000dn6XGIAY,528213,"Tampa, FL","Tampa, FL",TPA | FG | 120 | H3,2026-05-14,,2026-06-19T18:19:51.000+0000
a06Ro00000dnRAIIA2,528261,"Tampa, FL",Final Tested - Pending FG,,,,2026-06-19T18:19:52.000+0000
a06Ro00000dsMEnIAM,528615,"Tampa, FL",Final Tested - Pending FG,,,,2026-08-03T19:31:12.000+0000
a06Ro00000dynAkIAI,529013,"Tampa, FL",WIP01/SYSTEMS,,2026-08-14,,2026-08-14T15:16:45.000+0000
a06Ro00000dynHAIAY,528989,"Tampa, FL",Check-In,,,,2026-06-19T18:20:10.000+0000
a06Ro00000dz7NtIAI,529022,"Tampa, FL",Check-In,,,,2026-06-19T18:20:10.000+0000
a06Ro00000e4EtNIAU,529496,"Tampa, FL","Tampa, FL",TPA | FG | 110 | C1,,,2026-06-19T18:20:23.000+0000
a06Ro00000eQsnJIAS,530869,"Tampa, FL",Final Tested - Pending FG,FG | TPA | 125 | B2,2026-06-19,,2026-06-19T18:20:57.000+0000
a06Ro00000efNHmIAM,531761,"Tampa, FL",Final Tested - Pending FG,FG | TPA | 135 | K1,2026-06-19,,2026-06-19T18:21:20.000+0000
a06Ro00000ene26IAA,532266,"Tampa, FL",,TPA | NC | 215 | D2,2026-08-05,,2026-08-07T14:05:12.000+0000
a06Ro00000f7nNmIAI,533780,"Tampa, FL","Tampa, FL",FG | TPA | 130 | G5,,,2026-08-12T12:45:46.000+0000
a06Ro00000f9L0nIAE,533868,"Tampa, FL","Tampa, FL",FG | TPA | 130 | J4,,,2026-06-23T20:02:46.000+0000
a06Ro00000fB54nIAC,533915,"Tampa, FL","Tampa, FL",FG | TPA | 120 | H1,,,2026-07-17T17:38:08.000+0000
a06Ro00000fNUc5IAG,534669,"Tampa, FL",SHIPPING,FG | TPA | 115 | C2,2026-06-19,,2026-07-06T15:57:24.000+0000
a06Ro00000fNlTFIA0,534703,"Tampa, FL",,FG | TPA | 120 | E2,2026-06-19,,2026-06-19T18:22:33.000+0000
a06Ro00000fOmNFIA0,534760,"Tampa, FL",Final Tested - Pending FG,,,,2026-07-06T15:57:19.000+0000
a06Ro00000fRkqNIAS,534869,"Tampa, FL",,FG | TPA | 105 | E4,2026-06-19,,2026-08-04T15:16:25.000+0000
a06Ro00000fTHnRIAW,535010,"Tampa, FL",Final Tested - Pending FG,,,,2026-07-06T15:57:19.000+0000
a06Ro00000fWRn3IAG,535152,"Tampa, FL",,,,,2026-07-06T15:57:25.000+0000
a06Ro00000fnXUfIAM,536281,"Tampa, FL",Final Tested - Pending FG,,,,2026-07-06T15:57:21.000+0000
a06Ro00000fnb3dIAA,536292,"Tampa, FL",Final Tested - Pending FG,FG | TPA | 120 | J3,2026-07-15,,2026-07-15T14:54:59.000+0000
a06Ro00000g74EnIAI,537726,Shipping,,Shipping,,,2026-07-30T14:45:54.000+0000
a06Ro00000gHRDNIA4,538375,"Tampa, FL",,TPA | TRIP,2026-07-14,,2026-08-17T18:59:41.000+0000
a06Ro00000gZrNwIAK,539516,"Tampa, FL",,FG | TPA | 110 | J3,2026-07-15,,2026-07-15T14:54:59.000+0000
a06Ro00000gaN9CIAU,539494,"Tampa, FL",,,,,2026-06-30T16:13:51.000+0000
a06Ro00000gaNAnIAM,539452,"Tampa, FL",SHIPPING,FG | TPA | 130 | K5,2026-07-15,,2026-07-15T14:54:59.000+0000
a06Ro00000gaZn3IAE,539504,"Tampa, FL",,,,,2026-06-30T16:13:56.000+0000
a06Ro00000gbvVNIAY,539640,"Tampa, FL",Final Tested - Pending FG,TPA | NC | 205 | B1,2026-08-05,,2026-08-07T14:05:12.000+0000
a06Ro00000gxARNIA2,540709,"Tampa, FL",WIP/KWHYBREW,,,,2026-07-13T14:20:35.000+0000
a06Ro00000h2NJ7IAM,541082,"Tampa, FL",Final Tested - Pending FG,,,,2026-07-08T19:24:08.000+0000
a06Ro00000h6cjNIAQ,541407,"Tampa, FL",Trophon Depot Repair,,,,2026-07-15T15:10:35.000+0000
a06Ro00000hLNfBIAW,541963,"Tampa, FL",,FG | TPA | 100 | F1,2026-07-22,,2026-07-22T13:38:28.000+0000
a06Ro00000hfn5dIAA,543243,"Tampa, FL",,FG | TPA | 100 | E1,2026-07-22,,2026-07-22T13:38:28.000+0000
a06Ro00000hfnNNIAY,543246,"Tampa, FL",,FG | TPA | 100 | F1,2026-07-22,,2026-07-22T13:38:28.000+0000
a06Ro00000hhSEnIAM,543481,"Tampa, FL",,FG | TPA | 120 | K4,2026-07-22,,2026-07-22T13:38:28.000+0000
a06Ro00000hjynFIAQ,543670,"Tampa, FL",,,,,2026-07-22T13:33:54.000+0000
a06Ro00000hn6mgIAA,544000,"Tampa, FL",,,,,2026-07-22T12:12:45.000+0000
a06Ro00000hn9cTIAQ,544001,"Tampa, FL",,,,,2026-07-22T12:13:18.000+0000
a06Ro00000hn9m9IAA,544006,"Tampa, FL",,,,,2026-07-22T12:13:52.000+0000
a06Ro00000hn9pNIAQ,544007,"Tampa, FL",,TPA | WIP | 220 | B1,2026-08-05,,2026-08-07T14:05:27.000+0000
a06Ro00000hnANFIA2,544013,"Tampa, FL",,,,,2026-07-22T12:16:03.000+0000
a06Ro00000hnUx3IAE,544041,"Tampa, FL",,,,,2026-07-22T14:22:45.000+0000
a06Ro00000hnV9xIAE,544042,"Tampa, FL",,,,,2026-07-22T14:22:46.000+0000
a06Ro00000hnbNSIAY,544082,"Tampa, FL",,,,,2026-08-12T14:03:01.000+0000
a06Ro00000hnbgoIAA,544070,"Tampa, FL",,,,,2026-07-22T20:21:47.000+0000
a06Ro00000hnepxIAA,544074,"Tampa, FL",,,,,2026-07-22T20:21:50.000+0000
a06Ro00000hng6zIAA,544079,"Tampa, FL",,,,,2026-08-18T15:28:03.000+0000
a06Ro00000hngDRIAY,544080,"Tampa, FL",,,,,2026-08-12T14:01:38.000+0000
a06Ro00000hni2LIAQ,544094,"Tampa, FL",,,,,2026-07-22T15:47:47.000+0000
a06Ro00000hnlHxIAI,544100,Material Transfer,,Material Transfer,,,2026-07-22T20:45:00.000+0000
a06Ro00000hpONhIAM,544274,"Tampa, FL",,,,,2026-07-23T16:30:53.000+0000
a06Ro00000hsM2nIAE,544669,"Tampa, FL",,,,,2026-08-12T16:51:54.000+0000
a06Ro00000hunJqIAI,544842,"Tampa, FL",,,,,2026-07-24T13:43:18.000+0000
a06Ro00000huyTnIAI,544840,"Tampa, FL",,,,,2026-07-24T13:43:18.000+0000
a06Ro00000hvnPrIAI,544991,"Tampa, FL",,,,,2026-08-18T14:42:45.000+0000
a06Ro00000hx4LNIAY,545154,"Tampa, FL",,TPA | NC | 205 | A2,2026-08-05,,2026-08-07T14:05:12.000+0000
a06Ro00000i3AntIAE,545311,"Tampa, FL",,Shipping,,,2026-08-11T18:18:09.000+0000
a06Ro00000i6N73IAE,545517,"Tampa, FL",,,,,2026-07-29T19:14:22.000+0000
a06Ro00000i8kXNIAY,545748,"Tampa, FL",WIP/EBALLARD,FSE | Victor Rodgers,2026-07-28,,2026-08-07T17:51:54.000+0000
a06Ro00000iBDn0IAG,545931,"Tampa, FL",,,,,2026-07-30T15:38:26.000+0000
a06Ro00000iFFNEIA4,546227,"Tampa, FL",,,,,2026-07-30T15:04:02.000+0000
a06Ro00000ipxnvIAA,548733,"Tampa, FL",Final Tested - Pending FG,,,,2026-08-10T18:24:43.000+0000
a06Ro00000ixzniIAA,549271,"Tampa, FL",,,,,2026-08-12T15:21:41.000+0000
a06Ro00000j1ognIAA,549651,"Tampa, FL",,,,,2026-08-13T13:23:01.000+0000
