Id,PermissionSetGroupId,PermissionSetGroup.DeveloperName,PermissionSetGroup.MasterLabel,PermissionSetId,PermissionSet.Name,PermissionSet.Label,PermissionSet.Type,CreatedDate,LastModifiedDate
0PMRo0000000A93OAE,0PGRo00000005KfOAI,Chargent_Admin_User,Chargent Admin User,0PSRo0000002mDTOAY,Chargent_Edit_Payment_Methods,Chargent Edit Payment Methods,Regular,2024-05-31T15:07:29.000+0000,2026-07-07T22:27:26.000+0000
0PMRo0000000A94OAE,0PGRo00000005KfOAI,Chargent_Admin_User,Chargent Admin User,0PS4O000000zpNhWAI,Chargent_Admin_Base,Chargent Admin (Base),Regular,2024-05-31T15:07:29.000+0000,2026-07-07T22:27:26.000+0000
0PMRo0000000A95OAE,0PGRo00000005KfOAI,Chargent_Admin_User,Chargent Admin User,0PSRo0000002mGhOAI,Chargent_Payment_Methods_Use_Pay_Forms,Chargent Payment Methods Use Pay Forms,Regular,2024-05-31T15:07:29.000+0000,2026-07-07T22:27:26.000+0000
0PMRo0000000A96OAE,0PGRo00000005KfOAI,Chargent_Admin_User,Chargent Admin User,0PS4O000000zpNmWAI,Chargent_Admin_Orders,Chargent Admin (Orders),Regular,2024-05-31T15:07:29.000+0000,2026-07-07T22:27:26.000+0000
0PMRo0000000A97OAE,0PGRo00000005KfOAI,Chargent_Admin_User,Chargent Admin User,0PSRo0000002mDROAY,Chargent_Create_Payment_Methods,Chargent Create Payment Methods,Regular,2024-05-31T15:07:29.000+0000,2026-07-07T22:27:26.000+0000
0PMRo0000000A98OAE,0PGRo00000005KfOAI,Chargent_Admin_User,Chargent Admin User,0PSRo0000002mDSOAY,Chargent_Delete_Payment_Methods,Chargent Delete Payment Methods,Regular,2024-05-31T15:07:29.000+0000,2026-07-07T22:27:26.000+0000
0PMRo0000000A99OAE,0PGRo00000005KgOAI,Chargent_Community_User,Chargent Community User,0PSRo0000002mDTOAY,Chargent_Edit_Payment_Methods,Chargent Edit Payment Methods,Regular,2024-05-31T15:07:31.000+0000,2025-07-01T22:18:43.000+0000
0PMRo0000000A9AOAU,0PGRo00000005KgOAI,Chargent_Community_User,Chargent Community User,0PS4O000000zpNjWAI,Permission_Set_for_Payment_Request_Base,Permission Set for Payment Request (Base),Regular,2024-05-31T15:07:31.000+0000,2025-07-01T22:18:43.000+0000
0PMRo0000000A9COAU,0PGRo00000005KgOAI,Chargent_Community_User,Chargent Community User,0PSRo0000002mDUOAY,Chargent_Read_Gateways,Chargent Read Gateways,Regular,2024-05-31T15:07:31.000+0000,2025-07-01T22:18:43.000+0000
0PMRo0000000A9DOAU,0PGRo00000005KgOAI,Chargent_Community_User,Chargent Community User,0PS4O000000zpNoWAI,Permission_Set_for_Payment_Request_Chargent_Orders,Permission Set for Payment Request (Chargent Orders),Regular,2024-05-31T15:07:31.000+0000,2025-07-01T22:18:43.000+0000
0PMRo0000000A9FOAU,0PGRo00000005KgOAI,Chargent_Community_User,Chargent Community User,0PSRo0000002mDROAY,Chargent_Create_Payment_Methods,Chargent Create Payment Methods,Regular,2024-05-31T15:07:31.000+0000,2025-07-01T22:18:43.000+0000
0PMRo0000000A9HOAU,0PGRo00000005KhOAI,Chargent_Guest_User,Chargent Guest User,0PS4O000000zpNjWAI,Permission_Set_for_Payment_Request_Base,Permission Set for Payment Request (Base),Regular,2024-05-31T15:07:32.000+0000,2026-07-07T22:27:26.000+0000
0PMRo0000000A9KOAU,0PGRo00000005KhOAI,Chargent_Guest_User,Chargent Guest User,0PSRo0000002mDROAY,Chargent_Create_Payment_Methods,Chargent Create Payment Methods,Regular,2024-05-31T15:07:32.000+0000,2026-07-07T22:27:26.000+0000
0PMRo0000000A9LOAU,0PGRo00000005KiOAI,Chargent_Standard_User,Chargent Standard User,0PS4O000000zpNnWAI,Chargent_User_Orders,Chargent User (Orders),Regular,2024-05-31T15:07:33.000+0000,2024-05-31T15:07:33.000+0000
0PMRo0000000A9MOAU,0PGRo00000005KiOAI,Chargent_Standard_User,Chargent Standard User,0PSRo0000002mDTOAY,Chargent_Edit_Payment_Methods,Chargent Edit Payment Methods,Regular,2024-05-31T15:07:33.000+0000,2024-05-31T15:07:33.000+0000
0PMRo0000000A9NOAU,0PGRo00000005KiOAI,Chargent_Standard_User,Chargent Standard User,0PS4O000000zpNiWAI,Chargent_User_Base,Chargent User (Base),Regular,2024-05-31T15:07:33.000+0000,2024-05-31T15:07:33.000+0000
0PMRo0000000A9OOAU,0PGRo00000005KiOAI,Chargent_Standard_User,Chargent Standard User,0PSRo0000002mGhOAI,Chargent_Payment_Methods_Use_Pay_Forms,Chargent Payment Methods Use Pay Forms,Regular,2024-05-31T15:07:33.000+0000,2024-05-31T15:07:33.000+0000
0PMRo0000000A9POAU,0PGRo00000005KiOAI,Chargent_Standard_User,Chargent Standard User,0PSRo0000002mDROAY,Chargent_Create_Payment_Methods,Chargent Create Payment Methods,Regular,2024-05-31T15:07:33.000+0000,2024-05-31T15:07:33.000+0000
0PMRo0000002OFxOAM,0PGRo00000018ErOAI,US_FSL,US FSL,0PSRo0000003wnROAQ,FSL_Dispatcher_Permissions,Field Service Dispatcher Permissions,Regular,2026-02-09T21:23:18.000+0000,2026-02-09T21:23:18.000+0000
0PMRo0000002OFyOAM,0PGRo00000018ErOAI,US_FSL,US FSL,0PSRo0000003wp5OAA,FSL_Mobile_License,Field Service Mobile License,Regular,2026-02-09T21:23:18.000+0000,2026-02-09T21:23:18.000+0000
0PMRo0000002OFzOAM,0PGRo00000018ErOAI,US_FSL,US FSL,0PSRo0000003wp4OAA,FSL_Resource_License,Field Service Resource License,Regular,2026-02-09T21:23:18.000+0000,2026-02-09T21:23:18.000+0000
0PMRo0000002OG0OAM,0PGRo00000018ErOAI,US_FSL,US FSL,0PSRo0000003wp3OAA,FSL_Resource_Permissions,Field Service Resource Permissions,Regular,2026-02-09T21:23:18.000+0000,2026-02-09T21:23:18.000+0000
0PMRo0000005HwHOAU,0PGRo00000005KfOAI,Chargent_Admin_User,Chargent Admin User,0PSRo000000FknJOAS,Chargent_View_All_Modify_All_Payment_Methods,Chargent View All Modify All Payment Methods,Regular,2026-07-07T22:27:26.000+0000,2026-07-07T22:27:26.000+0000
0000001DMb0CNsAAMW,0PGRo0000001DMbOAM,UnifiedCatalogAdminPsl,UnifiedCatalogAdminPsl,0PSRo000000CNsAOAW,UnifiedCatalogAdmin,Unified Catalog Admin,Standard,2026-06-13T00:00:00.000+0000,2026-06-13T00:00:00.000+0000
0000001DMb0CNs5AMG,0PGRo0000001DMbOAM,UnifiedCatalogAdminPsl,UnifiedCatalogAdminPsl,0PSRo000000CNs5OAG,ProductCatalogManagementAdministrator,Product Catalog Management Designer,Standard,2026-06-13T00:00:00.000+0000,2026-06-13T00:00:00.000+0000
0000001DMb04gWxAMI,0PGRo0000001DMbOAM,UnifiedCatalogAdminPsl,UnifiedCatalogAdminPsl,0PSRo0000004gWxOAI,ContextServiceAdminPsl,Context Service Admin,Standard,2026-06-13T00:00:00.000+0000,2026-06-13T00:00:00.000+0000
0000001DMb0CNs9AMG,0PGRo0000001DMbOAM,UnifiedCatalogAdminPsl,UnifiedCatalogAdminPsl,0PSRo000000CNs9OAG,ProductDiscoveryUser,Product Discovery User,Standard,2026-06-13T00:00:00.000+0000,2026-06-13T00:00:00.000+0000
0000001DMb0CNs8AMG,0PGRo0000001DMbOAM,UnifiedCatalogAdminPsl,UnifiedCatalogAdminPsl,0PSRo000000CNs8OAG,ProductDiscoveryAdmin,Product Discovery Admin,Standard,2026-06-13T00:00:00.000+0000,2026-06-13T00:00:00.000+0000
0000001Ot802WAIAE2,0PGRo0000001Ot8OAE,SalesCloudSeller,SalesCloudSeller,0PSRo0000002WAIOA2,CallCoachingStandardUserPsl,Conversation Insights for Sales,Standard,2026-06-13T00:00:00.000+0000,2026-06-13T00:00:00.000+0000
0000001Ot80b6rNAEQ,0PGRo0000001Ot8OAE,SalesCloudSeller,SalesCloudSeller,0PS0B000000b6rNWAQ,StandardEinsteinActivityCapturePsl,Standard Einstein Activity Capture,Standard,2026-06-13T00:00:00.000+0000,2026-06-13T00:00:00.000+0000
0000001Ot81V0z1AEC,0PGRo0000001Ot8OAE,SalesCloudSeller,SalesCloudSeller,0PS5b000001V0z1GAC,PipelineInspectionUser,Pipeline Inspection User,Standard,2026-06-13T00:00:00.000+0000,2026-06-13T00:00:00.000+0000
0000001hPV0b6rNAYQ,0PGRo0000001hPVOAY,SalesCloudCallCoachingSeller,SalesCloudCallCoachingSeller,0PS0B000000b6rNWAQ,StandardEinsteinActivityCapturePsl,Standard Einstein Activity Capture,Standard,2026-07-07T00:00:00.000+0000,2026-07-07T00:00:00.000+0000
0000001hPV1V0z1AYC,0PGRo0000001hPVOAY,SalesCloudCallCoachingSeller,SalesCloudCallCoachingSeller,0PS5b000001V0z1GAC,PipelineInspectionUser,Pipeline Inspection User,Standard,2026-07-07T00:00:00.000+0000,2026-07-07T00:00:00.000+0000
0000000PUf08PHfAMM,0PGRo0000000PUfOAM,ScaleCenterUsers,ScaleCenterUsers,0PSRo0000008PHfOAM,ScaleCenterStandardPS,Scale Center Standard Permission Set,Standard,2025-08-01T00:00:00.000+0000,2025-08-01T00:00:00.000+0000
0000000DDN04jJVA2Y,0PGRo0000000DDNOA2,CopilotSalesforceAdminPSG,CopilotSalesforceAdminPSG,0PSRo0000004jJVOAY,CopilotSalesforceAdmin,Agentforce Default Admin,Standard,2026-04-07T00:00:00.000+0000,2026-04-07T00:00:00.000+0000
0000000DDN04jJYA2Y,0PGRo0000000DDNOA2,CopilotSalesforceAdminPSG,CopilotSalesforceAdminPSG,0PSRo0000004jJYOAY,EinsteinGPTPromptTemplateUser,Prompt Template User,Standard,2026-04-07T00:00:00.000+0000,2026-04-07T00:00:00.000+0000
0000000DDO04jJWA2Y,0PGRo0000000DDOOA2,CopilotSalesforceUserPSG,CopilotSalesforceUserPSG,0PSRo0000004jJWOAY,CopilotSalesforceUser,Access Agentforce Default Agent,Standard,2026-04-07T00:00:00.000+0000,2026-04-07T00:00:00.000+0000
0000000DDO04jJYA2Y,0PGRo0000000DDOOA2,CopilotSalesforceUserPSG,CopilotSalesforceUserPSG,0PSRo0000004jJYOAY,EinsteinGPTPromptTemplateUser,Prompt Template User,Standard,2026-04-07T00:00:00.000+0000,2026-04-07T00:00:00.000+0000
0000001Ot708PHcAEM,0PGRo0000001Ot7OAE,SalesCloudSellerUnlimited,SalesCloudSellerUnlimited,0PSRo0000008PHcOAM,SalesCloudUnlimitedIncluded,Sales Cloud Included Bundle,Standard,2026-06-13T00:00:00.000+0000,2026-06-13T00:00:00.000+0000
0000000vxZ0AqTaAQK,0PGRo0000000vxZOAQ,SalesWorkspacePSG,SalesWorkspacePSG,0PSRo000000AqTaOAK,SalesWorkspace,Sales Workspace User,Standard,2026-01-09T00:00:00.000+0000,2026-01-09T00:00:00.000+0000
0000000vxZ1V0z1AQC,0PGRo0000000vxZOAQ,SalesWorkspacePSG,SalesWorkspacePSG,0PS5b000001V0z1GAC,PipelineInspectionUser,Pipeline Inspection User,Standard,2026-01-09T00:00:00.000+0000,2026-01-09T00:00:00.000+0000
0000001DMc0CNsBAMW,0PGRo0000001DMcOAM,UnifiedCatalogAgentPsl,UnifiedCatalogAgentPsl,0PSRo000000CNsBOAW,UnifiedCatalogAgent,Unified Catalog Agent,Standard,2026-06-13T00:00:00.000+0000,2026-06-13T00:00:00.000+0000
0000001DMc0CNs7AMG,0PGRo0000001DMcOAM,UnifiedCatalogAgentPsl,UnifiedCatalogAgentPsl,0PSRo000000CNs7OAG,ProductCatalogManagementViewer,Product Catalog Management Viewer,Standard,2026-06-13T00:00:00.000+0000,2026-06-13T00:00:00.000+0000
0000001DMc04gWyAMI,0PGRo0000001DMcOAM,UnifiedCatalogAgentPsl,UnifiedCatalogAgentPsl,0PSRo0000004gWyOAI,ContextServiceRuntimePsl,Context Service Runtime,Standard,2026-06-13T00:00:00.000+0000,2026-06-13T00:00:00.000+0000
0000001DMd0CNsCAMW,0PGRo0000001DMdOAM,UnifiedCatalogCommunityUserPsl,UnifiedCatalogCommunityUserPsl,0PSRo000000CNsCOAW,UnifiedCatalogCommunityUser,Unified Catalog Community User,Standard,2026-06-13T00:00:00.000+0000,2026-06-13T00:00:00.000+0000
0000001DMd0CNs7AMG,0PGRo0000001DMdOAM,UnifiedCatalogCommunityUserPsl,UnifiedCatalogCommunityUserPsl,0PSRo000000CNs7OAG,ProductCatalogManagementViewer,Product Catalog Management Viewer,Standard,2026-06-13T00:00:00.000+0000,2026-06-13T00:00:00.000+0000
0000001DMd04gWyAMI,0PGRo0000001DMdOAM,UnifiedCatalogCommunityUserPsl,UnifiedCatalogCommunityUserPsl,0PSRo0000004gWyOAI,ContextServiceRuntimePsl,Context Service Runtime,Standard,2026-06-13T00:00:00.000+0000,2026-06-13T00:00:00.000+0000
