Id,DeveloperName,MasterLabel,Status,TotalLicenses,UsedLicenses,PermissionSetLicenseKey,ExpirationDate,LicenseExpirationPolicy,IsSupplementLicense,IsAvailableForIntegrations,CreatedDate,LastModifiedDate
0PL4O00000003NAWAY,IsotopePermissionSet,(Retired) Salesforce Mobile Chat Experience,Disabled,0,0,IsotopePermissionSet,2021-01-25,,false,false,2020-02-19T08:07:27.000+0000,2026-08-15T06:02:59.000+0000
0PL5b000000PSkzGAG,AccountEngagementPsl,Account Engagement,Active,1000,4,AccountEngagementPsl,2027-01-12,,false,false,2022-10-20T02:41:06.000+0000,2026-08-15T06:02:59.000+0000
0PLRo000000BJDpOAO,AccountPlansPsl,Account Plans,Active,325,0,AccountPlansPsl,2027-08-02,,false,false,2026-06-13T04:27:40.000+0000,2026-08-15T06:02:59.000+0000
0PLRo0000003P1tOAE,EinsteinGPTCopilotPsl,Agentforce (Default),Active,100,1,EinsteinGPTCopilotPsl,2027-01-12,,false,false,2024-10-18T01:45:49.000+0000,2026-08-15T06:02:59.000+0000
0PLRo0000009rQAOAY,AgentforcePlatformUserPsl,Agentforce Platform User,Active,60,0,AgentforcePlatformUserPsl,2027-08-02,,false,false,2026-03-06T18:16:58.000+0000,2026-08-15T06:02:59.000+0000
0PLRo0000006lCTOAY,SalesCloudUnlimitedAnalyticsAdminPsl,Analytics Template Administration,Active,3,0,SalesCloudUnlimitedAnalyticsAdminPsl,2027-08-02,,false,false,2025-08-01T04:08:22.000+0000,2026-08-15T06:02:59.000+0000
0PL4O000000GqLdWAK,AnalyticsViewOnlyEmbeddedAppPsl,Analytics View Only Embedded App,Active,465,0,AnalyticsViewOnlyEmbeddedAppPsl,2027-08-02,,false,false,2019-06-18T16:21:29.000+0000,2026-08-15T06:02:59.000+0000
0PLRo000000ABLZOA4,ArticleRecommendationsForCasesOnDCPsl,Article Recommendations For Cases on Data Cloud,Active,445,0,ArticleRecommendationsForCasesOnDCPsl,2027-08-02,,false,false,2026-03-27T16:20:17.000+0000,2026-08-15T06:02:59.000+0000
0PLRo0000006lCLOAY,AutomatedActionsPsl,Automated Actions,Active,325,0,AutomatedActionsPsl,2027-08-02,,false,false,2025-08-01T04:08:22.000+0000,2026-08-15T06:02:59.000+0000
0PL4O000000TRcsWAG,B2BMarketingAnalytics,B2B Marketing Analytics,Active,11,7,B2BMarketingAnalytics,2027-01-12,,false,false,2020-09-08T21:01:12.000+0000,2026-08-15T06:02:59.000+0000
0PLRo0000003MooOAE,BREDesigner,Business Rules Engine Designer,Active,445,0,BREDesigner,2027-08-02,,false,false,2024-10-17T01:36:06.000+0000,2026-08-15T06:02:59.000+0000
0PLRo0000003MopOAE,BRERuntime,Business Rules Engine Runtime,Active,445,0,BRERuntime,2027-08-02,,false,false,2024-10-17T01:36:06.000+0000,2026-08-15T06:02:59.000+0000
0PLRo0000006lCUOAY,SalesBotsPsl,Buyer Assistant,Active,325,0,SalesBotsPsl,2027-08-02,,false,false,2025-08-01T04:08:22.000+0000,2026-08-15T06:02:59.000+0000
0PLRo0000005ptBOAQ,ChannelPartnerInventoryReadOnlyPsl,Channel Inventory Read-Only Access,Active,300,0,ChannelPartnerInventoryReadOnlyPsl,2027-08-02,,false,false,2025-04-12T13:14:49.000+0000,2026-08-15T06:02:59.000+0000
0PL5b0000010x5nGAA,CodeBuilderUserPsl,Code Builder,Active,100,0,CodeBuilderUserPsl,2027-08-02,,false,false,2023-10-14T05:06:00.000+0000,2026-08-15T06:02:59.000+0000
0PLRo000000BuTVOA0,CommandCenterPsl,Command Center,Active,1240,0,CommandCenterPsl,2027-08-02,,false,false,2026-07-07T22:36:47.000+0000,2026-08-15T06:02:59.000+0000
0PLRo0000003MonOAE,ContextServiceAdminPsl,Context Service Admin,Active,230,0,ContextServiceAdminPsl,2027-08-02,,false,false,2024-10-17T01:36:06.000+0000,2026-08-15T06:02:59.000+0000
0PLRo0000003MorOAE,ContextServiceRuntimePsl,Context Service Runtime,Active,290,0,ContextServiceRuntimePsl,2027-08-02,,false,false,2024-10-17T01:36:06.000+0000,2026-08-15T06:02:59.000+0000
0PLRo0000001UyXOAU,CallCoachingIntegrationPsl,Conversation Insights Integration User,Active,10,0,CallCoachingIntegrationPsl,2027-08-02,,false,false,2024-05-15T02:57:26.000+0000,2026-08-15T06:02:59.000+0000
0PLU0000000Cdg4OAC,CRMUserPsl,CRM User,Active,300,6,CRMUserPsl,2027-08-02,,false,false,2016-05-07T20:10:06.000+0000,2026-08-15T06:02:59.000+0000
0PLRo00000064tlOAA,CSVAdvancedDataImportPsl,CSV Advanced Data Import,Active,170,0,CSVAdvancedDataImportPsl,2027-08-02,,false,false,2025-04-28T19:41:31.000+0000,2026-08-15T06:02:59.000+0000
0PLRo00000064tmOAA,CSVDataImportPsl,CSV Basic Data Import,Active,170,0,CSVDataImportPsl,2027-08-02,,false,false,2025-04-28T19:41:31.000+0000,2026-08-15T06:02:59.000+0000
0PLRo000000BZ7JOAW,CustomerEngagementAgentPsl,Customer Engagement Agent,Active,20,0,CustomerEngagementAgentPsl,2027-01-12,,false,false,2026-06-18T05:17:06.000+0000,2026-08-15T06:02:59.000+0000
0PLRo000000BZ7KOAW,CustomerEngagementAccessPsl,Customer Engagement Agent Access,Active,100,0,CustomerEngagementAccessPsl,2027-01-12,,false,false,2026-06-18T05:17:06.000+0000,2026-08-15T06:02:59.000+0000
0PLRo0000003MosOAE,DecisionExplainerPSL,Decision Explainer Permission Set License,Active,445,0,DecisionExplainerPSL,2027-08-02,,false,false,2024-10-17T01:36:06.000+0000,2026-08-15T06:02:59.000+0000
0PLRo0000005ptAOAQ,DesignRegistrationReadOnlyPsl,Design Registration Read Only Access,Active,300,0,DesignRegistrationReadOnlyPsl,2027-08-02,,false,false,2025-04-12T13:14:49.000+0000,2026-08-15T06:02:59.000+0000
0PL4O00000003NBWAY,EinsteinAgentPsl,Einstein Agent,Active,445,1,EinsteinAgentPsl,2027-08-02,,false,false,2020-02-19T08:07:27.000+0000,2026-08-15T06:02:59.000+0000
0PL4O000000bnsRWAQ,EinsteinAgentCWUPsl,Einstein Agent CWU,Active,445,0,EinsteinAgentCWUPsl,2027-08-02,,false,false,2021-06-18T14:03:26.000+0000,2026-08-15T06:02:59.000+0000
0PLRo0000006lCROAY,EinsteinGPTSalesCallSummariesPsl,Einstein Conversation Insights AI User License,Active,325,0,EinsteinGPTSalesCallSummariesPsl,2027-08-02,,false,false,2025-08-01T04:08:22.000+0000,2026-08-15T06:02:59.000+0000
0PLRo0000001UyYOAU,CallCoachingStandardPsl,Einstein Conversation Insights Standard,Disabled,0,0,CallCoachingStandardPsl,2027-05-16,,false,false,2024-05-15T02:57:26.000+0000,2026-08-15T06:02:59.000+0000
0PLRo0000003P1uOAE,EinsteinGPTGroundingStructuredDataPsl,Einstein GPT Metadata Studio,Active,50,1,EinsteinGPTGroundingStructuredDataPsl,2027-01-12,,false,false,2024-10-18T01:45:49.000+0000,2026-08-15T06:02:59.000+0000
0PLRo0000006lCOOAY,EinsteinGPTSalesEmailsPsl,Einstein GPT Sales Emails,Active,325,0,EinsteinGPTSalesEmailsPsl,2027-08-02,,false,false,2025-08-01T04:08:22.000+0000,2026-08-15T06:02:59.000+0000
0PLRo0000003P1wOAE,EinsteinGPTPromptTemplatesPsl,Einstein Prompt Templates,Active,100,4,EinsteinGPTPromptTemplatesPsl,2027-01-12,,false,false,2024-10-18T01:45:49.000+0000,2026-08-15T06:02:59.000+0000
0PLRo0000006lCSOAY,EinsteinGPTSalesSummariesPsl,Einstein Sales Summaries,Active,325,0,EinsteinGPTSalesSummariesPsl,2027-08-02,,false,false,2025-08-01T04:08:22.000+0000,2026-08-15T06:02:59.000+0000
0PL4O00000003GGWAY,MySearchPsl,Einstein Search,Active,326,0,MySearchPsl,2027-08-02,,false,false,2019-10-17T00:03:55.000+0000,2026-08-15T06:02:59.000+0000
0PL5b0000010xGPGAY,EmployeeUserPsl,Employee Access,Active,445,0,EmployeeUserPsl,2027-08-02,,false,false,2023-12-30T00:24:21.000+0000,2026-08-15T06:02:59.000+0000
0PL5b0000010xGOGAY,EmployeeManagementPsl,Employee Management,Active,445,0,EmployeeManagementPsl,2027-08-02,,false,false,2023-12-30T00:24:21.000+0000,2026-08-15T06:02:59.000+0000
0PLRo0000000OlVOAU,EnablementLitePsl,Enablement Lite,Active,15,0,EnablementLitePsl,2027-08-02,,false,false,2024-02-10T06:05:11.000+0000,2026-08-15T06:02:59.000+0000
0PLRo0000006lCNOAY,EmbeddedServiceMessagingUserPsl,Enhanced Chat User,Active,470,0,EmbeddedServiceMessagingUserPsl,2027-08-02,,false,false,2025-08-01T04:08:22.000+0000,2026-08-15T06:02:59.000+0000
0PLRo0000006lCWOAY,ERIPlatformBasic,ERI Basic,Active,325,0,ERIPlatformBasic,2027-08-02,,false,false,2025-08-01T04:08:22.000+0000,2026-08-15T06:02:59.000+0000
0PLRo0000001V6dOAE,FieldServiceDispatcherPsl,Field Service Dispatcher,Active,50,43,FieldServiceDispatcherPsl,2027-08-02,,false,false,2024-05-15T04:04:40.000+0000,2026-08-15T06:02:59.000+0000
0PLRo0000001V6bOAE,FieldServiceGuestUserPsl,Field Service Guest User,Active,17000,0,FieldServiceGuestUserPsl,2027-08-02,,false,false,2024-05-15T04:04:40.000+0000,2026-08-15T06:02:59.000+0000
0PLRo0000001V6cOAE,FieldServiceMobilePsl,Field Service Mobile,Active,145,113,FieldServiceMobilePsl,2027-08-02,,false,false,2024-05-15T04:04:40.000+0000,2026-08-15T06:02:59.000+0000
0PLRo0000001V6eOAE,FieldServiceSchedulingPsl,Field Service Scheduling,Active,145,112,FieldServiceSchedulingPsl,2027-08-02,,false,false,2024-05-15T04:04:40.000+0000,2026-08-15T06:02:59.000+0000
0PLRo0000001V6gOAE,FieldServiceStandardPsl,Field Service Standard,Active,1450170,30,FieldServiceStandardPsl,2027-08-02,,false,false,2024-05-15T04:04:40.000+0000,2026-08-15T06:02:59.000+0000
0PLRo0000003MoqOAE,IndustriesServiceExcellencePsl,Industry Service Excellence,Active,445,0,IndustriesServiceExcellencePsl,2027-08-02,,false,false,2024-10-17T01:36:06.000+0000,2026-08-15T06:02:59.000+0000
0PLRo0000003E4rOAE,MarketingCloudPsl,Marketing Cloud,Active,1000,4,MarketingCloudPsl,2027-01-12,,false,false,2024-10-12T05:15:58.000+0000,2026-08-15T06:02:59.000+0000
0PLRo0000003P1vOAE,MarketingCopilotCampaignActionsPsl,Marketing Copilot Campaign Actions,Active,1000,1,MarketingCopilotCampaignActionsPsl,2027-01-12,,false,false,2024-10-18T01:45:49.000+0000,2026-08-15T06:02:59.000+0000
0PL5b000000LW3nGAG,PipelineInspectionPsl,Pipeline Inspection,Active,326,3,PipelineInspectionPsl,2027-08-02,,false,false,2023-03-22T08:09:08.000+0000,2026-08-15T06:02:59.000+0000
0PLRo0000005pt7OAA,PriceProtectionStandardUserPsl,Price Protection for Standard Users,Active,300,0,PriceProtectionStandardUserPsl,2027-08-02,,false,false,2025-04-12T13:14:49.000+0000,2026-08-15T06:02:59.000+0000
0PLRo0000009rQ8OAI,ProductCatalogManagementAdministratorPsl,Product Catalog Management Administrator,Active,60,0,ProductCatalogManagementAdministratorPsl,2027-08-02,,false,false,2026-03-06T18:16:58.000+0000,2026-08-15T06:02:59.000+0000
0PLRo0000009rQ7OAI,ProductCatalogManagementViewerPsl,Product Catalog Management Viewer,Active,120,0,ProductCatalogManagementViewerPsl,2027-08-02,,false,false,2026-03-06T18:16:58.000+0000,2026-08-15T06:02:59.000+0000
0PLRo0000009rQ6OAI,ProductDiscoveryUserPsl,Product Discovery User,Active,60,0,ProductDiscoveryUserPsl,2027-08-02,,false,false,2026-03-06T18:16:58.000+0000,2026-08-15T06:02:59.000+0000
0PLRo000000BJDqOAO,RebateAndAccrualMgmtAdvncdReadOnlyPsl,Rebate and Accrual Management Advanced Read Only,Active,300,0,RebateAndAccrualMgmtAdvncdReadOnlyPsl,2027-08-02,,false,false,2026-06-13T04:27:40.000+0000,2026-08-15T06:02:59.000+0000
0PLRo0000005pt9OAA,RebateManagementReadOnlyPsl,Rebate Management Read-Only Access,Active,300,0,RebateManagementReadOnlyPsl,2027-08-02,,false,false,2025-04-12T13:14:49.000+0000,2026-08-15T06:02:59.000+0000
0PLRo000000269NOAQ,RemoteDataCloudPsl,Remote Data Cloud,Active,200000,0,RemoteDataCloudPsl,2027-08-02,,false,false,2024-06-20T17:40:33.000+0000,2026-08-15T06:02:59.000+0000
0PLRo0000005FG9OAM,SalesActionPlansPsl,Sales Action Plans,Active,325,0,SalesActionPlansPsl,2027-08-02,,false,false,2025-02-27T23:09:14.000+0000,2026-08-15T06:02:59.000+0000
0PLRo0000006lCVOAY,SalesCloudEinsteinPartnersPsl,Sales Cloud Einstein for Partners,Active,1000000,0,SalesCloudEinsteinPartnersPsl,2027-08-02,,false,false,2025-08-01T04:08:22.000+0000,2026-08-15T06:02:59.000+0000
0PLRo0000006lCPOAY,SalesCloudUnlimitedPsl,Sales Cloud Unlimited,Active,325,0,SalesCloudUnlimitedPsl,2027-08-02,,false,false,2025-08-01T04:08:22.000+0000,2026-08-15T06:02:59.000+0000
0PLU0000000Cdg3OAC,SalesConsoleUser,Sales Console User,Active,326,2,SalesConsoleUser,2027-08-02,,false,false,2016-05-07T20:10:06.000+0000,2026-08-15T06:02:59.000+0000
0PL5b000000PTGAGA4,SalesEngagementBasicPsl,Sales Engagement Basic,Active,100,8,SalesEngagementBasicPsl,2027-08-02,,false,false,2023-07-22T05:49:40.000+0000,2026-08-15T06:02:59.000+0000
0PLU0000000GpqBOAS,SalesUserPsl,Sales User,Active,26,18,SalesUserPsl,2027-08-02,,false,false,2016-08-17T17:12:13.000+0000,2026-08-15T06:02:59.000+0000
0PLRo0000007vKvOAI,SalesWorkspacePsl,Sales Workspace User,Active,471,0,SalesWorkspacePsl,2027-08-02,,false,false,2025-10-28T03:34:17.000+0000,2026-08-15T06:02:59.000+0000
0PL5b000000LVs1GAG,SalesforceAPIIntegrationPsl,Salesforce API Integration,Active,5,0,SalesforceAPIIntegrationPsl,2027-08-02,,false,false,2023-03-17T05:33:52.000+0000,2026-08-15T06:02:59.000+0000
0PLRo0000005pt8OAA,SalesforceForecastingPsl,Salesforce Forecasting,Active,325,0,SalesforceForecastingPsl,2027-08-02,,false,false,2025-04-12T13:14:49.000+0000,2026-08-15T06:02:59.000+0000
0PLRo0000006lCQOAY,SalesforceMeetingsPsl,Salesforce Meetings,Active,326,0,SalesforceMeetingsPsl,2027-08-02,,false,false,2025-08-01T04:08:22.000+0000,2026-08-15T06:02:59.000+0000
0PLRo0000006lCMOAY,ScaleCenterPsl,Scale Center,Active,5,0,ScaleCenterPsl,2027-08-02,,false,false,2025-08-01T04:08:22.000+0000,2026-08-15T06:02:59.000+0000
0PL5b0000010xGQGAY,ServiceCatalogUserPsl,Service Catalog Access,Active,445,0,ServiceCatalogUserPsl,2027-08-02,,false,false,2023-12-30T00:24:21.000+0000,2026-08-15T06:02:59.000+0000
0PLRo0000001qhJOAQ,CustomerServiceCatalogGuestAccessPsl,Service Catalog Guest Access,Active,100,0,CustomerServiceCatalogGuestAccessPsl,2027-08-02,,false,false,2024-06-15T06:40:43.000+0000,2026-08-15T06:02:59.000+0000
0PLRo0000001V6fOAE,ServiceUserPsl,Service User,Active,170,0,ServiceUserPsl,2027-08-02,,false,false,2024-05-15T04:04:40.000+0000,2026-08-15T06:02:59.000+0000
0PLRo0000005ptCOAQ,ShipAndDebitManagementReadOnlyPsl,Ship and Debit Read-Only Access,Active,300,0,ShipAndDebitManagementReadOnlyPsl,2027-08-02,,false,false,2025-04-12T13:14:49.000+0000,2026-08-15T06:02:59.000+0000
0PL5b0000004OXHGA2,SlackServiceUserPsl,Slack Service User,Active,470,0,SlackServiceUserPsl,2027-08-02,,false,false,2022-04-17T05:51:21.000+0000,2026-08-15T06:02:59.000+0000
0PL0B0000008Rr3WAE,StandardEinsteinActivityCapturePsl,Standard Einstein Activity Capture User,Active,100,0,StandardEinsteinActivityCapturePsl,2027-08-02,,false,false,2018-06-18T05:10:23.000+0000,2026-08-15T06:02:59.000+0000
0PLRo000000AOXJOA4,StandardEinsteinActivityCapture2Psl,StandardEinsteinActivityCapture2Psl,Active,326,0,StandardEinsteinActivityCapture2Psl,2027-08-02,,false,false,2026-04-19T03:32:01.000+0000,2026-08-15T06:02:59.000+0000
0PLRo0000009attOAA,StockRotationReadOnlyPsl,Stock Rotation Read-Only Access,Active,300,0,StockRotationReadOnlyPsl,2027-08-02,,false,false,2026-02-21T05:14:57.000+0000,2026-08-15T06:02:59.000+0000
0PLRo0000004m4TOAQ,TableauEinsteinIncludedAppPsl,Tableau Einstein Included App,Active,1275,0,TableauEinsteinIncludedAppPsl,2027-08-02,,false,false,2025-01-10T05:06:54.000+0000,2026-08-15T06:02:59.000+0000
0PL4O000000TRjtWAG,TrustCardManagerPsl,Trust Card Manager,Active,10000,0,TrustCardManagerPsl,2027-08-02,,false,false,2020-10-19T03:20:45.000+0000,2026-08-15T06:02:59.000+0000
0PLRo0000009rQ5OAI,UnifiedCatalogAdminPsl,Unified Catalog Admin,Active,60,0,UnifiedCatalogAdminPsl,2027-08-02,,false,false,2026-03-06T18:16:58.000+0000,2026-08-15T06:02:59.000+0000
0PLRo0000009rQ9OAI,UnifiedCatalogAgentPsl,Unified Catalog Agent,Active,60,0,UnifiedCatalogAgentPsl,2027-08-02,,false,false,2026-03-06T18:16:58.000+0000,2026-08-15T06:02:59.000+0000
0PLRo0000009rQBOAY,UnifiedCatalogCommunityUserPsl,Unified Catalog Community User,Active,60,0,UnifiedCatalogCommunityUserPsl,2027-08-02,,false,false,2026-03-06T18:16:58.000+0000,2026-08-15T06:02:59.000+0000
0PLRo0000009atuOAA,UnifiedEHDViewerPsl,View Unified Engagement History Dashboards,Active,465,0,UnifiedEHDViewerPsl,2027-08-02,,false,false,2026-02-21T05:14:57.000+0000,2026-08-15T06:02:59.000+0000
0PL5b0000004ONwGAM,SubscriptionManagementPsl,Your Account App: Identity User,Active,100,0,SubscriptionManagementPsl,2027-08-02,,false,false,2022-02-12T06:03:06.000+0000,2026-08-15T06:02:59.000+0000
