Id,QueueId,Queue.Name,SobjectType
03g4O000000Cmo1QAC,00G4O0000049XFfUAM,Adrianna Englands Leads Queue,Lead
03g4O000000XJsDQAW,00G4O000003dLNLUA2,After Hours Call Queue,Lead
03g5b000000VNsoAAG,00G5b0000043jRJEAY,Alexandro Salas Leads Queue,Lead
03gRo00000F6eWpIAJ,00GRo00000H0iqbMAB,Aline Ekizian Leads Queue,Lead
03g5b00000050qSAAQ,00G5b00000363IaEAI,Alyssa Haley Leads Queue,Lead
03gRo00000JN3FBIA1,00GRo00000Knln4MAB,Andreea Dura's Lead Queue,Lead
03g4O000000xGyGQAU,00G4O000004PUXPUA4,Anthony's Leads Queue,Lead
03g4O000000xHqcQAE,00G4O000004Pgh6UAC,Apps Requests,Case
03g4O000000CmoLQAS,00G4O0000049XNtUAM,April Lebo's Leads Queue,Lead
03gRo00000Hm2vNIAR,00GRo00000JYnplMAD,April Rogers Leads Queue,Lead
03gRo00000SIPG9IAP,00GRo00000PXFRhMAP,AR Queue,Case
03g5b00000050qXAAQ,00G5b00000363IfEAI,Ashley Power Leads Queue,Lead
03gRo00000Fbn5xIAB,00GRo00000HV5ODMA1,Barb Sheriff Leads Queue,Lead
03g0B000000XFhzQAG,00G0B000003cuaxUAA,Ben Irons' Leads Queue,Lead
03gRo000005gLwQIAU,00GRo000006oljRMAQ,Ben Rice Leads Queue,Lead
03g5b0000004yx7AAA,00G5b0000035KqdEAE,Brandon Rector's Leads Queue,Lead
03gRo000005bX29IAE,00GRo000006kEnhMAE,Brian Gill's Leads Queue,Lead
03g4O000000CmyQQAS,00G4O0000049YHGUA2,Brian Kosar Leads Queue,Lead
03gRo000005gTPKIA2,00GRo000006oll3MAA,Bud Kuhn Leads Queue,Lead
03gRo00000Uu6UTIAZ,00GRo00000RBb7zMAD,Camille Bailly Lead Queue,Lead
03g5b0000004zP1AAI,00G5b0000035b9qEAA,Cannon McDaniel's Leads Queue,Lead
03g0B000000XFhpQAG,00G0B000003cuanUAA,Chad Pannucci's Leads Queue,Lead
03gRo000007K8GjIAK,00GRo000008TEMLMA4,Charles Abel Lead Queue,Lead
03gRo000009KTNKIA4,00GRo00000AOii5MAD,Ciara Webster Leads Queue,Lead
03g4O000000xH07QAE,00G4O000004PVd9UAG,Claudia's Leads Queue,Lead
03g4O000000xH0CQAU,00G4O000004PVdEUAW,Claudiu's Leads Queue,Lead
03g5b0000012HUGAA2,00G5b000003u2QREAY,CM Queue,Credit_Memo__c
03g5b0000012HUBAA2,00G5b000003u2QREAY,CM Queue,Task
03g5b0000012GurAAE,00G5b000003tyAFEAY,Corne Swart's Leads Queue,Lead
03g5b00000052D3AAI,00G5b00000367nyEAA,Dani Langson's Leads Queue,Lead
03gRo00000g71qQIAQ,00GRo00000aCsEPMA0,Danny Tapia Leads Queue,Lead
03g0B000000XFi4QAG,00G0B000003cub2UAA,David Barnett's Leads Queue,Lead
03g5b00000052DmAAI,00G5b00000367ohEAA,David Mount's Leads Queue,Lead
03g5b00000050q8AAA,00G5b00000363IGEAY,Dawn Boyd Leads Queue,Lead
03gRo00000E6OHJIA3,00GRo00000FsYnFMAV,Diane Baroni Leads Queue,Lead
03g4O000000xHiOQAU,00G4O000004PdqsUAC,Dispatch Requests,Case
03g4O000000CmknQAC,00G4O0000049WaKUAU,Donation Leads,Lead
03g0B000000XFhaQAG,00G0B000003cuaYUAQ,Elizabeth Cook Leads Queue,Lead
03g0B000000XFhBQAW,00G0B000003cua9UAA,Enrico Franchini Leads Queue,Lead
03g5b0000004zMgAAI,00G5b0000035YsOEAU,Equipment Acquisition - UK,Lead
03g5b0000004zMHAAY,00G5b0000035YrzEAE,EU Rental,Lead
03g5b0000004zMlAAI,00G5b0000035YsTEAU,EU Ultrasound Sales,Lead
03g4O000000Cmn3QAC,00G4O0000049WvzUAE,Existing Accounts,Lead
03g4O000000CmmyQAC,00G4O0000049WvuUAE,Existing Contacts,Lead
03g0B000000XFhQQAW,00G0B000003cuaOUAQ,Feldmann's Leads Queue,Lead
03g5b000000VO41AAG,00G5b0000043lJIEAY,Fred Fimbres Leads Queue,Lead
03g4O000000xHiJQAU,00G4O000004PdqnUAC,FSE Requests,Case
03g5b00000050qIAAQ,00G5b00000363IQEAY,Gary Stokes Leads Queue,Lead
03g4O000000CmoGQAS,00G4O0000049XNoUAM,Gina Olsen's Leads Queue,Lead
03g5b000000515NAAQ,00G5b00000364HnEAI,Gisselle Cox Leads Queue,Lead
03gRo00000HrMv3IAF,00GRo00000JeJCHMA3,Glassware Leads Queue,Lead
03g0B000000XFhfQAG,00G0B000003cuadUAA,Glenn Josephik Leads Queue,Lead
03g5b00000050qNAAQ,00G5b00000363IVEAY,Grayson West Leads Queue,Lead
03g5b00000052DNAAY,00G5b00000367oIEAQ,Gugandeep Bhogal's Leads Queue,Lead
03gRo00000KC4dpIAD,00GRo00000LKHv3MAH,Holly Graves Leads Queue,Lead
03g5b000000VO46AAG,00G5b0000043lJNEAY,Howard Taroff Leads Queue,Lead
03g5b00000050pyAAA,00G5b00000363I6EAI,Hunter Hill Leads Queue,Lead
03g5b0000004z7MAAQ,00G5b0000035Rv6EAE,Invoice Approval Queue,Invoice__c
03g5b000000515IAAQ,00G5b00000364HdEAI,Ivis Kamack Lead Queue,Lead
03g0B000000XFhuQAG,00G0B000003cuasUAA,Jace Gentil's Leads Queue,Lead
03gRo00000BKAheIAH,00GRo00000COeTdMAL,James Kilgour's Leads Queue,Lead
03g5b00000050qcAAA,00G5b00000363IkEAI,Jason Plank Leads Queue,Lead
03g4O0000008VFDQA2,00G4O000003u9F3UAI,Jeff Gromack's Lead Queue,Lead
03gRo00000F6PzDIAV,00GRo00000H0QASMA3,Jeff Volpp Leads Queue,Lead
03g5b00000052DhAAI,00G5b00000367ocEAA,Jennifer Mace's Leads Queue,Lead
03g0B000000XFhVQAW,00G0B000003cuaTUAQ,Joe Hicks Leads Queue,Lead
03gRo000007gjeDIAQ,00GRo000008ne7nMAA,Joe Williams Leads Queue,Lead
03g5b00000052D8AAI,00G5b00000367o3EAA,Joe Witcomb's Leads Queue,Lead
03g4O000000xH0RQAU,00G4O000004PViOUAW,Jonathan Vargas's Leads Queue,Lead
03g4O000000xGxwQAE,00G4O000004PUX5UAO,Jose's Leads Queue,Lead
03g5b000000PvrEAAS,00G5b000004JhCYEA0,Josh Sutton Leads Queue,Lead
03g5b0000012H8UAAU,00G5b000003u044EAA,Julie Nickerson's Leads Queue,Lead
03gRo00000Y4xh3IAB,00GRo00000TwaFJMAZ,Kelly Padgett,Lead
03g5b000000Px2hAAC,00G5b000004KZufEAG,Kevin Gregory's Lead Queue,Lead
03g5b00000052DwAAI,00G5b00000367orEAA,Kitty Parker's Leads Queue,Lead
03g5b000000PuOBAA0,00G5b0000047ZyOEAU,Kristen Kennebeck's Lead Queue,Lead
03g5b00000052ZxAAI,00G5b00000368hXEAQ,Lauren Fitzgerald Lead Queue,Lead
03gRo00000WVSs1IAH,00GRo00000ShA41MAF,Lee Moger Lead Queue,Lead
03gRo00000WVSlZIAX,00GRo00000Sh9ntMAB,Leon Parsons Lead Queue,Lead
03g5b00000052DXAAY,00G5b00000367oSEAQ,Lewis Newell's Leads Queue,Lead
03g5b00000052E1AAI,00G5b00000367owEAA,Marcus Reynolds' Leads Queue,Lead
03gRo00000Uu6RFIAZ,00GRo00000RBdEcMAL,Marine Dye Lead Queue,Lead
03g4O000000CmjGQAS,00G4O0000049WRIUA2,Mark Arbelo's Lead Queue,Lead
03g0B000000XFhGQAW,00G0B000003cuaEUAQ,Mark Asmer Leads Queue,Lead
03gRo000003gkMTIAY,00GRo000004IjqnMAC,Mark Rabe Leads Queue,Lead
03g4O000000CmjLQAS,00G4O0000049WRNUA2,Mark Toflinski's Lead Queue,Lead
03gRo000003gZCaIAM,00GRo000004IbTTMA0,Matt Ehlke Leads Queue,Lead
03g4O000000xHmpQAE,00G4O000004Pg0pUAC,Matt Hill's Leads Queue,Lead
03gRo00000Uu6SrIAJ,00GRo00000RBdXxMAL,Maxime Roussel Lead Queue,Lead
03g0B000000XFhkQAG,00G0B000003cuaiUAA,Mike Davis Leads Queue,Lead
03g5b0000012GCzAAM,00G5b000003ttUoEAI,Mike Herzer Leads Queue,Lead
03g5b00000050q3AAA,00G5b00000363IBEAY,Mike Iacovelli Leads Queue,Lead
03g5b00000050ptAAA,00G5b00000363HwEAI,Mike Roda Leads Queue,Lead
03g5b000000VO3wAAG,00G5b0000043lJDEAY,Mike Wilson Leads Queue,Lead
03g0B000000XFhLQAW,00G0B000003cuaJUAQ,Mooney's Leads Queue,Lead
03g5b00000052DrAAI,00G5b00000367omEAA,Nadia Akhtar's Leads Queue,Lead
03g4O000000CmnDQAS,00G4O0000049WyZUAU,New Leads,Lead
03g5b00000052DIAAY,00G5b00000367oDEAQ,Nick Radwell's Leads Queue,Lead
03gRo00000E6OIvIAN,00GRo00000FsM7oMAF,Nicole Day-Shepperly's Leads Queue,Lead
03g5b00000050qDAAQ,00G5b00000363ILEAY,Owen Manor Leads Queue,Lead
03g4O0000008WVRQA2,00G4O000003uS58UAE,Parts Leads Queue,Lead
03gRo00000GDaVtIAL,00GRo00000I9RzVMAV,Pete Lockwood's Leads Queue,Lead
03g4O000000xGy1QAE,00G4O000004PUXAUA4,Pete Tierney Leads Queue,Lead
03gRo00000LJwllIAD,00GRo00000LtNRJMA3,Philippa Campbell Leads Queue,Lead
03g4O000000CmjuQAC,00G4O0000049WTsUAM,Probo - Probes,Lead
03g4O000000CmjzQAC,00G4O0000049WTxUAM,Providian - Probes,Lead
03gRo00000XqKZ7IAN,00GRo00000TlusTMAR,Prudence Hawkins,Lead
03gRo00000bJoAHIA0,00GRo00000VDUw5MAH,Quality Assurance,ApprovalSubmission
03gRo00000ZWiwEIAT,00GRo00000VDUw5MAH,Quality Assurance,Change_Request__c
03gRo00000ZWiwFIAT,00GRo00000VDUw5MAH,Quality Assurance,Document_Review__c
03gRo00000ZWjVhIAL,00GRo00000VDUw5MAH,Quality Assurance,Training_Item__c
03g5b0000004zMbAAI,00G5b0000035YsJEAU,Radiology Sales,Lead
03g4O000000Cmk4QAC,00G4O0000049WU2UAM,Rental Leads,Lead
03g4O000000CmjpQAC,00G4O0000049WTdUAM,Repair Leads,Lead
03g5b0000004z7HAAQ,00G5b0000035Rv1EAE,RMA Approval Queue,RMA__c
03g4O000000xGy6QAE,00G4O000004PUXFUA4,Ryan's Leads Queue,Lead
03g5b00000052E6AAI,00G5b00000367p1EAA,Sacha Pearce's Leads Queue,Lead
03gRo00000SIPGAIA5,00GRo00000PXFRiMAP,Sales Ops Queue,Case
03g4O000000xHiEQAU,00G4O000004PdqiUAC,Sales Requests,Case
03g5b000000Pw6TAAS,00G5b000004JpbUEAS,Sanjay Mirchia's Leads Queue,Lead
03g4O000000CmjQQAS,00G4O0000049WRSUA2,Scott Brandt's Lead Queue,Lead
03g4O000000xGyBQAU,00G4O000004PUXKUA4,Scott Hassler's Leads Queue,Lead
03g5b0000004zp4AAA,00G5b0000035ibcEAA,Sean Flynn's Lead Queue,ChargentOrders__Email_Notification__c
03g5b0000004zopAAA,00G5b0000035ibcEAA,Sean Flynn's Lead Queue,Lead
03g4O000000xHjlQAE,00G4O000004PeV6UAK,Service Contract Quote Requests,Case
03g4O000000CmjkQAC,00G4O0000049WTYUA2,Service Leads Queue,Lead
03g5b00000052DcAAI,00G5b00000367oXEAQ,Simon Fairhurst's Leads Queue,Lead
03gRo00000Uu6W5IAJ,00GRo00000RBdcnMAD,Simon Roussel Lead Queue,Lead
03g4O000000CmiwQAC,00G4O0000049WKHUA2,Stacey's Lead Queue,Lead
03gRo000007qKGLIA2,00GRo000008wALlMAM,Stephanie Jankowski Leads Queue,Lead
03g4O000000xH0gQAE,00G4O000004PVjHUAW,Stephen Glasgow Leads Queue,Lead
03g5b00000052DSAAY,00G5b00000367oNEAQ,Steve Andrews' Leads Queue,Lead
03g4O000000xHjgQAE,00G4O000004PeV1UAK,System Quote Requests,Case
03g5b00000052DDAAY,00G5b00000367o8EAA,Tamara Harwood's Leads Queue,Lead
03g4O000000xHqhQAE,00G4O000004PghBUAS,Tech Support,Case
03g4O000000XJscQAG,00G4O000003dLQUUA2,Terry Mascia Leads Queue,Lead
03g4O000000CmjVQAS,00G4O0000049WRXUA2,Tim Maltby's Lead Queue,Lead
03gRo00000JGO3RIAX,00GRo00000KkeerMAB,Tom Lawton's Lead Queue,Lead
03g5b0000012H7WAAU,00G5b000003tztuEAA,Tommy Lee's Leads Queue,Lead
03g4O000000GesuQAC,00G4O000003WAIwUAO,Trisonics Lead Queue,Lead
03gRo000006AG9hIAG,00GRo000007IHftMAG,UK - Non-Contract Ultrasound,Lead
03gRo000006ACHOIA4,00GRo000007IAGFMA4,UK - Non-Contract X-Ray,Lead
03g5b0000004zGnAAI,00G5b0000035UgEEAU,UK Leads Queue,Lead
03g5b0000004zMWAAY,00G5b0000035YsEEAU,UK Product Sales,Lead
03g5b0000004zMRAAY,00G5b0000035Ys9EAE,UK Service,Lead
03g5b0000004zMMAAY,00G5b0000035Ys4EAE,UK Vet,Lead
03gRo00000TIAReIAP,00GRo00000Q8DfSMAV,UK Warehouse Queue,Case
03g4O000000h3lfQAA,00G4O000004UEo8UAG,Unassigned Leads Queue,Lead
03gRo00000b1fTdIAI,00GRo00000WaFPVMA3,Wayne O'Brien Leads Queue,Lead
03g5b000000VOcXAAW,00G5b0000043ptqEAA,WC Peeler Leads Queue,Lead
03g4O000000xGzJQAU,00G4O000004PVSfUAO,Zoe's Leads Queue,Lead
