Id,Name,DeveloperName,ParentRoleId,ParentRole.Name,RollupDescription,OpportunityAccessForAccountOwner,CaseAccessForAccountOwner,ContactAccessForAccountOwner,PortalType,ForecastUserId,MayForecastManagerShare,LastModifiedDate
00E0B000000ag5HUAQ,"Agiliti Surgical Equipment Repair, Inc Customer Manager",NorthfieldMedicalCustomerManager,00E0B000000aeSPUAY,Sales Rep,"Agiliti Surgical Equipment Repair, Inc Customer Manager",Read,None,None,CustomerPortal,,false,2020-02-02T19:29:52.000+0000
00E0B000000ag5IUAQ,"Agiliti Surgical Equipment Repair, Inc Customer User",NorthfieldMedicalCustomerUser,00E0B000000ag5HUAQ,"Agiliti Surgical Equipment Repair, Inc Customer Manager","Agiliti Surgical Equipment Repair, Inc Customer User",Read,None,None,CustomerPortal,,false,2018-04-18T18:53:54.000+0000
00E0B000000ah3CUAQ,Alpha Source Inc. Customer Manager,AlphaSourceIncCustomerManager,00E0B000000aeSPUAY,Sales Rep,Alpha Source Inc. Customer Manager,Read,None,None,CustomerPortal,,false,2022-01-19T18:41:59.000+0000
00E0B000000ah3DUAQ,Alpha Source Inc. Customer User,AlphaSourceIncCustomerUser,00E0B000000ah3CUAQ,Alpha Source Inc. Customer Manager,Alpha Source Inc. Customer User,Read,None,None,CustomerPortal,,false,2018-07-20T17:36:51.000+0000
00E5b000000debAEAQ,Barnabas Health Customer Manager,BarnabasHealthCustomerManager,00E0B000000aeSOUAY,Sales Manager,Barnabas Health Customer Manager,Read,None,None,CustomerPortal,,false,2023-04-25T20:13:38.000+0000
00E5b000000debBEAQ,Barnabas Health Customer User,BarnabasHealthCustomerUser,00E5b000000debAEAQ,Barnabas Health Customer Manager,Barnabas Health Customer User,Read,None,None,CustomerPortal,,false,2021-10-20T13:30:46.000+0000
00E5b000001v2NjEAI,Block Imaging International Inc. Customer Manager,BlockImagingInternationalIncCustomerManager,00E0B000000aeSPUAY,Sales Rep,Block Imaging International Inc. Customer Manager,None,None,None,CustomerPortal,,false,2023-10-11T18:14:27.000+0000
00E5b000001v2NkEAI,Block Imaging International Inc. Customer User,BlockImagingInternationalIncCustomerUser,00E5b000001v2NjEAI,Block Imaging International Inc. Customer Manager,Block Imaging International Inc. Customer User,None,None,None,CustomerPortal,,false,2023-10-11T18:14:27.000+0000
00E0B000000aeSYUAY,Business Development Manager,Business_Development_Manager,00E5b000000dqFBEAY,Managing Director,,Edit,Edit,Edit,None,,false,2022-02-14T09:39:01.000+0000
00E0B000000aeSdUAI,Business Development Rep,Business_Development_Rep,00E0B000000aeSYUAY,Business Development Manager,,Edit,Edit,Edit,None,,false,2017-12-06T19:43:43.000+0000
00E0B000000ailYUAQ,Catholic Health Initiatives (CHI) Customer Manager,CatholicHealthInitiativesCHICustomerManager,00E0B000000aeSOUAY,Sales Manager,Catholic Health Initiatives (CHI) Customer Manager,Read,None,None,CustomerPortal,,false,2023-04-25T20:13:38.000+0000
00E0B000000ailZUAQ,Catholic Health Initiatives (CHI) Customer User,CatholicHealthInitiativesCHICustomerUser,00E0B000000ailYUAQ,Catholic Health Initiatives (CHI) Customer Manager,Catholic Health Initiatives (CHI) Customer User,Read,None,None,CustomerPortal,,false,2018-11-26T16:51:09.000+0000
00E0B000000afBYUAY,Consensys Imaging Customer Manager,ConsensysImagingCustomerManager,00E0B000000aeSOUAY,Sales Manager,Consensys Imaging Customer Manager,Read,None,None,CustomerPortal,,false,2023-04-25T20:13:38.000+0000
00E0B000000afBZUAY,Consensys Imaging Customer User,ConsensysImagingCustomerUser,00E0B000000afBYUAY,Consensys Imaging Customer Manager,Consensys Imaging Customer User,Read,None,None,CustomerPortal,,false,2018-02-13T17:40:19.000+0000
00E5b000000dqE8EAI,Coordinator - UK,Coordinator_UK,00E5b000000dqE3EAI,Manager - UK,Coordinator - UK,Edit,Edit,Edit,None,,false,2022-02-14T09:08:11.000+0000
00E0B000000ad83UAA,Customer Repair Coordinator,Customer_Repair_Coordinator,00E5b000000dqFBEAY,Managing Director,,Edit,Edit,Edit,None,,false,2022-02-14T09:40:09.000+0000
00ERo000005IUKvMAO,DCarr Customer Person Account,DCarrCustomerPersonAccount,00E0B000000aeSPUAY,Sales Rep,DCarr Customer Person Account,None,None,None,CustomerPortal,,false,2024-07-23T19:20:50.000+0000
00E5b000000dqDyEAI,Dept. Head - UK,Dept_Head_UK,00E5b000000dqDoEAI,Director - UK,Dept. Head - UK,Edit,Edit,Edit,None,,false,2022-02-14T09:06:45.000+0000
00E5b000000dqDoEAI,Director - UK,Director_UK,00E5b000000dqDjEAI,Managing Director - UK,Director - UK,Edit,Edit,Edit,None,,false,2022-02-14T09:05:43.000+0000
00E5b000000dqEXEAY,Engineer - UK,Engineer_UK,00E5b000000dqE3EAI,Manager - UK,Engineer - UK,Edit,Edit,Edit,None,,false,2022-02-14T09:12:01.000+0000
00ERo00000JNEH8MAP,Field Engineer,Field_Engineer,00E0B000000aeSOUAY,Sales Manager,Field Engineer,Edit,Edit,Edit,None,,false,2026-07-09T20:26:21.000+0000
00E0B000000aeSTUAY,General Manager,General_Manager,,,,Edit,Edit,Edit,None,,false,2017-12-06T19:41:31.000+0000
00E5b000000dqE3EAI,Manager - UK,Manager_UK,00E5b000000dqDyEAI,Dept. Head - UK,Manager - UK,Edit,Edit,Edit,None,,false,2022-10-27T14:55:58.000+0000
00E5b000000dqFBEAY,Managing Director,Managing_Director,,,Managing Director,Edit,Edit,Edit,None,,false,2022-02-14T09:38:35.000+0000
00E5b000000dqDjEAI,Managing Director - UK,Managing_Director_UK,,,Managing Director - UK,Edit,Edit,Edit,None,,false,2022-02-14T09:05:18.000+0000
00E5b000000dqEIEAY,Mechanical Services - UK,Mechanical_Services_UK,00E5b000000dqE3EAI,Manager - UK,Mechanical Services - UK,Edit,Edit,Edit,None,,false,2022-02-14T09:08:56.000+0000
00E5b000000deb5EAA,mmoon Customer Person Account,mmoonCustomerPersonAccount,00E0B000000aeSOUAY,Sales Manager,mmoon Customer Person Account,Read,None,None,CustomerPortal,,false,2023-04-25T20:13:38.000+0000
00E0B000000ah74UAA,Mobile Instrument Service and Repair Customer Manager,MobileInstrumentServiceandRepairCustomerManager,00E0B000000aeSOUAY,Sales Manager,Mobile Instrument Service and Repair Customer Manager,Read,None,None,CustomerPortal,,false,2024-04-30T20:51:41.000+0000
00E0B000000ah75UAA,Mobile Instrument Service and Repair Customer User,MobileInstrumentServiceandRepairCustomerUser,00E0B000000ah74UAA,Mobile Instrument Service and Repair Customer Manager,Mobile Instrument Service and Repair Customer User,Read,None,None,CustomerPortal,,false,2018-07-25T19:20:18.000+0000
00E0B000000ad88UAA,MXR/Conquest Imaging Customer User,ConquestImagingCustomerUser,00E0B000000aeSOUAY,Sales Manager,MXR/Conquest Imaging Customer User,Read,None,None,CustomerPortal,,false,2023-04-25T20:13:38.000+0000
00E5b000000ddiUEAQ,nboger Customer Person Account,nbogerCustomerPersonAccount,00E5b000000dcM3EAI,Portal Role: FSE,nboger Customer Person Account,Read,None,None,CustomerPortal,,false,2021-10-12T19:13:40.000+0000
00ERo00000AIbhhMAD,Oncura Partners Customer Manager,OncuraPartnersCustomerManager,00E0B000000aeSYUAY,Business Development Manager,Oncura Partners Customer Manager,None,None,None,CustomerPortal,,false,2025-05-05T21:27:54.000+0000
00ERo00000AIbhiMAD,Oncura Partners Customer User,OncuraPartnersCustomerUser,00ERo00000AIbhhMAD,Oncura Partners Customer Manager,Oncura Partners Customer User,None,None,None,CustomerPortal,,false,2025-05-05T21:27:54.000+0000
00E0B000000aeSnUAI,Ops Manager,Ops_Manager,00E5b000000dqFBEAY,Managing Director,,Edit,Edit,Edit,None,,false,2022-02-14T09:39:27.000+0000
00E0B000000aeSsUAI,Ops Tech,Ops_Tech,00E0B000000aeSnUAI,Ops Manager,,Edit,Edit,Edit,None,,false,2017-12-06T19:45:08.000+0000
00E0B000000aeSxUAI,Outdated,Outdated,,,,Edit,Edit,Edit,None,,false,2017-12-06T19:45:28.000+0000
00E5b000000dcM3EAI,Portal Role: FSE,Portal_Role_FSE,00E0B000000aeSOUAY,Sales Manager,Portal Role: FSE,Edit,Edit,Edit,None,,false,2021-09-29T20:26:36.000+0000
00E5b000000deXwEAI,Probo Medical - Portal Customer Manager,ProboMedicalPortalCustomerManager,00E5b000000dcM3EAI,Portal Role: FSE,Probo Medical - Portal Customer Manager,Read,None,None,CustomerPortal,,false,2021-10-20T04:09:01.000+0000
00E5b000000deXxEAI,Probo Medical - Portal Customer User,ProboMedicalPortalCustomerUser,00E5b000000deXwEAI,Probo Medical - Portal Customer Manager,Probo Medical - Portal Customer User,Read,None,None,CustomerPortal,,false,2021-10-20T04:09:01.000+0000
00E0B000000aeSiUAI,Purchasing Manager,Purchasing_Manager,00E5b000000dqFBEAY,Managing Director,,Edit,Edit,Edit,None,,false,2022-02-14T09:39:45.000+0000
00E0B000000aeT2UAI,Purchasing Rep,Purchasing_Rep,00E0B000000aeSiUAI,Purchasing Manager,,Edit,Edit,Edit,None,,false,2017-12-06T19:49:02.000+0000
00E5b000000dtklEAA,Renovo Solutions Customer Manager,RenovoSolutionsCustomerManager,00E0B000000aeSPUAY,Sales Rep,Renovo Solutions Customer Manager,Read,None,None,CustomerPortal,,false,2022-03-21T21:08:38.000+0000
00E5b000000dtkmEAA,Renovo Solutions Customer User,RenovoSolutionsCustomerUser,00E5b000000dtklEAA,Renovo Solutions Customer Manager,Renovo Solutions Customer User,Read,None,None,CustomerPortal,,false,2022-03-21T21:08:38.000+0000
00E0B000000aeSOUAY,Sales Manager,Sales_Manager,00E5b000000dqFBEAY,Managing Director,,Edit,Edit,Edit,None,,false,2022-02-14T09:39:56.000+0000
00E0B000000aeSPUAY,Sales Rep,Sales_Rep,00E0B000000aeSOUAY,Sales Manager,,Edit,Edit,Edit,None,,false,2017-12-06T19:31:26.000+0000
00E5b000000dnkuEAA,"Sodexo CTM, LLC Customer Manager",SodexoCTMLLCCustomerManager,00E0B000000aeSOUAY,Sales Manager,"Sodexo CTM, LLC Customer Manager",Read,None,None,CustomerPortal,,false,2023-04-25T20:13:38.000+0000
00E5b000000dnkvEAA,"Sodexo CTM, LLC Customer User",SodexoCTMLLCCustomerUser,00E5b000000dnkuEAA,"Sodexo CTM, LLC Customer Manager","Sodexo CTM, LLC Customer User",Read,None,None,CustomerPortal,,false,2022-01-28T17:29:38.000+0000
00E5b000000dqENEAY,Stores Person - UK,Stores_Person_UK,00E5b000000dqEIEAY,Mechanical Services - UK,Stores Person - UK,Edit,Edit,Edit,None,,false,2022-02-14T09:09:41.000+0000
