"Sheet","WorkbookRow","CaseNumber","WorkbookSummary","WorkbookTheme","WorkbookProductArea","WorkbookStatus","WorkTypeOrSize","WorkbookAssignedTo","SalesforceCaseId","SalesforceSubject","SalesforceStatus","SalesforceIsClosed","SalesforcePriority","SalesforceClassification","SalesforceRelatedObject","SalesforceObjectOfIssue","SalesforceErrorType","SalesforceOwner","SalesforceCreatedDate","SalesforceLastModifiedDate","SalesforceClosedDate","SalesforceDescription","SalesforceResolutionNotes","SalesforceAssignedToId","HistoryCount","FeedItemCount","FeedCommentCount","FileCount","DryRunDisposition"
"Projects (Major and Minor)","72","00008310","FSL Calendar appointment not generating/appearing","New/Edit Workflows, Dashboards/Reports/Notifications, New/Edit Fields",,"Not Yet Started","S/M","Sacha Pearce","500Ro00000WHtk1IAD","FSL - calendar appointment not appearing","In progress","False","Medium","Other","Field Service Lightning",,,"Tom Meredith","22-05-2025 21:23:47","18-02-2026 19:11:35",,"a second job for an engineer was not populating on the calendar, i attempted to move the SA in the Gantt and redispatch in case it was due to them overlapping, but still no change. SA-6896 (not on calendar) and SA-6855 was visible. Informed by Caroline C",,"0055b00000REnyEAAT","3","2","6","0","Ready for case-level requirements analysis"
"Projects (Major and Minor)","72","00008361","FSL Calendar appointment not generating/appearing","New/Edit Workflows, Dashboards/Reports/Notifications, New/Edit Fields",,"Not Yet Started","S/M","Sacha Pearce","500Ro00000WguoAIAR","FSL - No calendar appointment generated in coordinator mailbox for some time after dispatch (long delay)","In progress","False","High","Other","Field Service Lightning",,,"Tom Meredith","30-05-2025 19:11:33","18-02-2026 19:11:27",,"SA-6298 still not showing in calendar at 1440 however dispatched on Gantt at 10:13. Reported by Caroline C - Harriet also mentioned Alison W had similar delay.

Some appointments are not generating a Calendar appointment at all and concerned this may cause missed visits. Escalated to Priority High 09/06/25. Only applicable if 2 appts are logged for the same engineer, same day. Eg SA-7253",,"0055b00000REnyEAAT","7","4","1","0","Ready for case-level requirements analysis"
"Projects (Major and Minor)","103","00009087","Part number needs to pull into product field on PO","New/Edit Workflows, Dashboards/Reports/Notifications, New/Edit Fields",,"Not Yet Started","S","Sacha Pearce","500Ro00000jedC3IAI","Part Number not puling in PO Product","New","False","Medium","Salesforce Improvement","Opportunity",,,"Tom Meredith","28-10-2025 14:58:08","26-03-2026 21:50:24",,"need Part number to pull through in to the product field. This is needed to be done manually but should automatically pull through from the designated product. There is a field visible on the PO Product but it does not get populated.

Once resolved to pull in the PO - can this also be added to pull in to the Purchase Order Pandadoc? Can we get this pulled in to the Description box after the Product Name?",,"0055b00000REnyEAAT","4","2","1","0","Ready for case-level requirements analysis"
"Projects (Major and Minor)","62","00009220","FSL UK - parts too large/heavy for engineer to return","New/Edit Workflows, Dashboards/Reports/Notifications, New/Edit Fields",,"Not Yet Started","M","Sacha Pearce","500Ro00000lJ9OEIA0","Parts requiring return option within FSL SA close out","New","False","Medium","Salesforce Improvement","Field Service Lightning",,,"Tom Meredith","20-11-2025 15:20:13","18-02-2026 19:11:56",,"if parts are too large or heavy for engineer to return, can we have a method for flagging parts needing return. will need input from Jon Kean, and stores/logitics for info required.

Could this lead on to automation/filling from the engineer on FSL rather than physical labels of on the part (part status and warranty claim/core exchange on the RMA associated with the asset)",,"0055b00000REnyEAAT","4","2","1","0","Ready for case-level requirements analysis"
"Projects (Major and Minor)","17","00009282","Still manually set Sub-Location on add asset page for Harvest Work Orders, need permanent solution","New/Edit Workflows, Dashboards/Reports/Notifications, New/Edit Fields",,"Build/Unit Testing","XL","Natalie Boger","500Ro00000m5HnqIAE","Enable Ability To Change ""Sub Location"" on an asset","In progress","False","Medium","Other","Asset2",,,"Blake Nielsen","04-12-2025 01:20:30","05-12-2025 09:31:00",,"Would you please allow/enable myself, Derek Larsen, Brenner Webb, Kyle Kast and Shawn Vo to Change ""Sub Location"" on an asset.",,"0050B000006qIImQAM","3","1","0","1","Ready for case-level requirements analysis"
"Projects (Major and Minor)","38","00009284","Automatically move an asset to ""consumed"" location after used to repair another asset.","New/Edit Workflows","Products/Assets","User Testing","M","Natalie Boger","500Ro00000m6jWhIAI","Asset consumption into a repair order.","In progress","False","Medium","Salesforce Improvement","Asset2",,,"Derek Larsen","04-12-2025 05:09:40","04-12-2025 21:58:20",,"Looking to see if there is a way to automatically move an asset to a “Consumed” location after it has been used to repair another asset. Currently, the system just marks the asset as sold and it remains in its current location. I’m hoping this process could be automated—similar to when an asset is consumed on an opportunity and its location is transferred to Shipping.",,"0050B000006qIImQAM","2","1","0","0","Ready for case-level requirements analysis"
"Errors & Just do its","3","00009302","Mike Wilson virtual assistant create user","Data","User","?","JDI","Lisa Litviak","500Ro00000mK84QIAS","Request from Mike Wilson","On Hold","False","Medium","Other","Permission(s)/Permission Set",,,"Lisa Litviak","08-12-2025 20:01:44","27-03-2026 03:50:35",,"Hi Lisa,
Can you please create a Salesforce case for me? I’m moving forward with bringing on a Virtual Assistant, and I want to make sure we set everything up properly, cleanly, and securely.
My plan is to have the assistant added as a delegated email user on my MWilson@ProboMedical.com account so they can help manage inbound communications without duplicating or missing messages. If there’s a better or safer method than delegated access, I’m completely open to your guidance — my goal is simply to keep the workflow clean, secure, and efficient.
This new hire should significantly improve communication with my customers and free up more of my time to focus on sales calls, site visits, and customer follow-up.
I believe I’ll need both Salesforce Admin and IT involved in the setup, especially around permissions, email delegation, and system access, so please route accordingly.
For now, can we create a generic Salesforce user (e.g., “MWAssist”) as a placeholder while we finalize permissions and access levels?
Below is the access structure I’m recommending for review. Please feel free to add or remove anything you feel is appropriate based on security policy or workflow best practices:
 
 
________________________________________
Recommended Access for My Virtual Assistant
1. Full Create / Read / Edit Access (ONLY on records owned by Michael Wilson)
The VA should be able to fully work within any record that belongs to me, including the ability to create new items, update existing ones, and manage all supporting documentation.
This includes:
•	Opportunities
•	Accounts
•	Contacts
•	RMAs / Service Requests
•	Work Orders
•	SRI (Service Request Intake)
•	Pricing Requests
•	Demo Requests
•	Applications Requests
•	Quotes / Opportunity Line Items
o	Add products
o	Enter pricing
o	Adjust quantities
•	Tasks & Activities
•	Notes
This level of access is necessary so they can update my pipeline, assist with customer follow-ups, check statuses, enter pricing, and help keep my workflow moving while I’m on the road.
________________________________________
2. View-Only Access for Other Reps’ Records
The VA should only have READ access to similar objects owned by other reps.
This is needed so they can:
•	Check whether a new lead is already assigned to another rep
•	Identify if an account already exists
•	Prevent duplicate opportunities
•	Understand context when reviewing RMAs, work orders, or customer activity
•	Monitor flow and overall status to support me effectively
They should NOT be able to modify or update any records owned by other reps.
________________________________________
3. Reports & Dashboards (View Only)
They should be able to:
•	View dashboards
•	View reports
•	Monitor pipeline, shipping, RMAs, and other activity
They should NOT be able to:
•	Create new reports
•	Edit existing reports
•	Delete reports
•	Modify dashboards
________________________________________
4. Products & Pricing
They should be able to:
•	View product catalog and pricebooks
•	Add products to MY opportunities
•	Manually enter sales pricing
•	Update quantities
This is necessary for preparing opportunities, quotes, and pricing requests.
________________________________________
5. Orders, Shipments & RMAs
They should be able to view:
•	Orders
•	Shipment details
•	Tracking numbers
•	RMA status
•	Work Orders / Service records
And edit/update only the records associated with opportunities or accounts that I own.
________________________________________
6. Access That Should NOT Be Granted
For security, I recommend the VA NOT have access to:
•	Any ability to export data
•	Data Loader or mass upload tools
•	Delete permissions
•	Setup, admin, or configuration tools
•	API or connected app permissions
•	Ability to change ownership of records
•	Ability to edit other reps’ accounts, contacts, or opportunities
•	Ability to create or modify reports and dashboards
________________________________________
7. Security Requirements
•	MFA required
•	Export permissions disabled
•	Login and field activity tracking enabled
•	Use of a restricted VA profile or permission set
________________________________________
Please Note
These are my recommendations based on the responsibilities the VA will have assisting me with customer follow-ups, opportunity management, pricing, service requests, and shipping/RMA tracking.
Please feel free to add or subtract anything you feel appropriate based on company policy, security requirements, or workflow considerations. I’m happy to discuss this further or adjust as needed.
Thank you,",,"005Ro000007qBJVIA2","2","1","0","0","Ready for case-level requirements analysis"
"Projects (Major and Minor)","104","00009312","FSL - can the SA details be visible on clicking the appointment ie ""reason for return visit"" as it currently brings up the WO as opposed to SA","New/Edit Workflows, New/Edit Fields","Service Appointment","Not Yet Started","S","Sacha Pearce","500Ro00000mXy09IAC","FSL - can the SA details be visible on clicking the appointment ie ""reason for return visit"" as it currently brings up the WO as opposed to SA","New","False","High","Salesforce Improvement","Field Service Lightning",,,"Tom Meredith","11-12-2025 16:28:46","26-03-2026 21:50:24",,"the fault description seen on clicking the SA in the app displays the Work Order description, and not the SA - this fault can change between visits and can be confusing for engineer. We have had instances where the engineer has action the WO description, as opposed to the SA. Can this be changed to reflect the latest SA? (and the SA number displayed in the schedule screen)",,"0055b00000REnyEAAT","3","1","0","0","Ready for case-level requirements analysis"
"Projects (Major and Minor)","51","00009327","Creating new equipment says serial number instead of equipment number and cant use eqp tag number","New/Edit Workflows, New/Edit Fields","Products/Assets","Requirement Gathering","M","Natalie Boger","500Ro00000mm8isIAA","creating new equipment","On Hold","False","Medium","Other","Equipment",,,"Jackielyn Fampo","16-12-2025 02:29:07","11-08-2026 06:57:12",,"when creating a new equipment, instead of ""equipment number"" it says ""serial number"". we cant use the equipment tag number when inputting the repair using that equipment because salesforce generates a new different number (different from equipment tag )",,"0050B000006qIImQAM","2","1","0","0","Ready for case-level requirements analysis"
"Errors & Just do its","22","00009336","GL error message...you can not create a receipt at this time a gl account is not assigned to syncing","BUG","Item Receipts","?","Bug","Natalie Boger","500Ro00000mpMkSIAU","GL error message","Closed","True","Medium","Salesforce Error","Item Receipt",,,"Gretchen Scarborough","16-12-2025 21:31:43","11-08-2026 06:52:45","11-08-2026 06:52:45","GL error message",,"0050B000006qIImQAM","4","3","0","0","Review - active workbook row but Salesforce closed"
"Errors & Just do its","23","00009338","Change RMA type to Warranty Claim","Validation Rules/Access","RMA","?","JDI","Natalie Boger","500Ro00000mqSPeIAM","Change RMA Type","Closed","True","Medium","Other","Opportunity",,,"Preston Allred","17-12-2025 00:24:43","11-08-2026 06:53:10","11-08-2026 06:53:10","I am needing to change both RMA types to Warranty Claim on O-00505551. These parts came back as DOA, however I am unable to do so as the opportunity has synced to intacct.",,"0050B000006qIImQAM","3","2","0","0","Review - active workbook row but Salesforce closed"
"Errors & Just do its","30","00009343","Please could ''closed'' be added as a option to select in the status of an SA","Data","Service Appointment","?","JDI","Sacha Pearce","500Ro00000mxSe9IAE","Add status to SA","New","False","Medium","Salesforce Improvement","Field Service Lightning",,,"Harriet Langley","18-12-2025 15:51:06","18-02-2026 19:12:39",,"Please could ''closed'' be added as a option to select in the status of an SA",,"0055b00000REnyEAAT","1","0","0","0","Ready for case-level requirements analysis"
"Errors & Just do its","24","00009345","Submitting this case for Arin Grider - Please change Sales Force Permissions to allow Cathy Flinchum to Change Review Status for assets","Validation Rules/Access","Assets","Requirement Gathering","JDI","Natalie Boger","500Ro00000mxyxUIAQ","Change Sales Force Permissions to Allow Cathy Flinchum to Change Review Status","Closed","True","Medium","Other","Asset2",,,"David Barnett","18-12-2025 20:50:13","11-08-2026 06:53:20","11-08-2026 06:53:20","Submitting this case for Arin Grider - Please change Sales Force Permissions to allow Cathy Flinchum to Change Review Status for assets",,"0050B000006qIImQAM","3","2","0","0","Review - active workbook row but Salesforce closed"
"Projects (Major and Minor)","55","00009347","For any Service Opps with NHS Supply chain as the account can we take off 5%, then 2% off the total and have another field with the discounted value in?","New/Edit Workflows, New/Edit Fields","Opportunity","Requirement Gathering","M","Sacha Pearce","500Ro00000n1f9lIAA","Service Opps","New","False","Medium","Salesforce Improvement","Opportunity",,,"Nicky Lloyd-Jones","19-12-2025 17:44:11","26-03-2026 21:55:07",,"For any Service Opps with NHS Supply chain as the account  can we take off 5%, then 2% off the total and have another field  with the discounted value in?",,"0055b00000REnyEAAT","1","0","0","0","Ready for case-level requirements analysis"
"Projects (Major and Minor)","84","00009373","Expired Contract Stage on Service Sales Opp","New/Edit Workflows, New/Edit Fields","Opportunity","Design","S","Natalie Boger","500Ro00000nEvocIAC","Expired Contract Stage","On Hold","False","Medium","Salesforce Improvement","Opportunity",,,"Mindy Bender","24-12-2025 04:08:34","11-08-2026 06:56:26",,"Please create an Expired Contract Stage on the Service Sales Opportunity Record Type.

Closed Won/Closed Lost is not a good status for a contract that has expired.  The team is currently putting it back into Pending status again which isn't right either.",,"0050B000006qIImQAM","3","2","0","0","Ready for case-level requirements analysis"
"Errors & Just do its","25","00009377","Unhandled fault message when 2nd PR is being made","BUG","Purchase Return","?","BUG","Natalie Boger","500Ro00000nLJReIAO","Error when trying to create 2nd Purch ret.","Closed","True","Medium","Salesforce Error","Purchasing Return",,,"Chris Wildman","26-12-2025 22:45:50","11-08-2026 06:48:58","11-08-2026 06:48:58","Unhandled fault message when 2nd PR is being made",,"0050B000006qIImQAM","3","3","0","0","Review - active workbook row but Salesforce closed"
"Projects (Major and Minor)","41","00009386","Multiple Warranties being created on same opportunity","New Fields","Opportunities","Design","M","Natalie Boger","500Ro00000nSQ51IAG","Warranty Contract Duplication","In progress","False","Medium","Salesforce Improvement","Opportunity",,,"Mindy Bender","30-12-2025 04:05:31","01-01-2026 04:34:42",,"Duplicate contracts are being created when opportunities are being modified after ""Closed Won"" with a ship date.  The Create Warranty Service Contract flow needs to verify if a current warranty contract exists and modify lines if so.

Example: ""Alta Medical Solutions - Warranty Contract - Alta Medical Solutions-Mindray M6"" was created 3 times.",,"0050B000006qIImQAM","3","1","0","0","Ready for case-level requirements analysis"
"Projects (Major and Minor)","99","00009390","Pricing Review and Pricing Review Notes fields on Product Page editable pencil and accessible to all users","Validation Rules/Access","Products/Assets","Not Yet Started","S","Natalie Boger","500Ro00000nU9OEIA0","Pricing Review & Review Notes Fields","On Hold","False","Medium","Salesforce Improvement","Product",,,"Richard Gerler","30-12-2025 19:11:11","11-08-2026 06:54:13",,"The newly added Pricing Review and Pricing Review Notes fields on the Product page needs to be configured to enter information and click the box while on the product page, not in edit mode. Needs to be accessible to all users.",,"0050B000006qIImQAM","3","2","0","0","Ready for case-level requirements analysis"
"Errors & Just do its","26","00009393","Cannot Create Credit Memo, CM-014269","BUG","Credit Memo","?","BUG","Natalie Boger","500Ro00000nTrL2IAK","CM-0014269","Closed","True","Medium","Salesforce Error","Credit Memo",,,"Carmen Montalvo","30-12-2025 20:59:06","11-08-2026 06:54:57","11-08-2026 06:54:25","Cannot Create Credit Memo",,"0050B000006qIImQAM","2","1","0","0","Review - active workbook row but Salesforce closed"
"Projects (Major and Minor)","23","00009440","Total Stock for specific list of parts (hang-up is vendor/last purchase price)","Dashboards/Reports/Notifications","Reports/Dashboards","Design","L","Natalie Boger","500Ro00000nrSTTIA2","Warehouse stock list transfer to SF","In progress","False","Medium","Administrative (Reports & Dashboards)","Product",,,"Gretchen Scarborough","07-01-2026 23:11:58","15-01-2026 00:22:03",,"Warehouse stock list transfer to SF",,"0050B000006qIImQAM","3","2","0","0","Ready for case-level requirements analysis"
"Projects (Major and Minor)","100","00009448","Mandatory Patient Data Cleared checkbox on Testing information","New/Edit Fields","Products/Assets","Not Yet Started","S","Natalie Boger","500Ro00000nw2TXIAY","Patient Data","New","False","Medium","Other","Asset2",,,"Jennifer Armstrong","08-01-2026 23:42:11","09-01-2026 08:01:38",,"Check box",,"0050B000006qIImQAM","1","0","0","0","Ready for case-level requirements analysis"
"Complete","8","00009449","Please unlock Product 10562561 in hope that I can update it and validate the materials.","Validation Rules/Access","Product","Requirement Gathering","S","Natalie Boger","500Ro00000nvp4tIAA","Validation of Product 10562561","Closed","True","Medium","Other","Product",,,"Blake Nielsen","08-01-2026 23:49:53","11-08-2026 07:00:01","11-08-2026 07:00:01","Please unlock Product 10562561 in hope that I can update it and validate the materials.",,"0050B000006qIImQAM","3","2","0","0","Exclude - complete in workbook and Salesforce"
"Projects (Major and Minor)","101","00009450","Add ""Order Cancelled"" and ""No Longer Needed"" on the unqualified drop down menu","New/Edit Fields","Leads","Not Yet Started","S","Natalie Boger","500Ro00000nwsaAIAQ","Unqualified Drop-down menu","New","False","Medium","Salesforce Improvement","Lead",,,"Julie Nickerson","09-01-2026 03:12:38","09-01-2026 08:06:42",,"Please add to the unqualified drop down menu: Order Cancelled or No Longer Needed.",,"0050B000006qIImQAM","1","0","0","0","Ready for case-level requirements analysis"
"Projects (Major and Minor)","105","00009455","I want to get a notification when the financial info fields on my sales opp's are updated, the payment status and confirmation fields","Email Alerts","Opportunities","Not Yet Started","S","Sacha Pearce","500Ro00000o0YCzIAM","Notification - Financial Information","New","False","Medium","Other","OTHER",,,"Ben Rice","10-01-2026 00:31:40","26-03-2026 22:09:08",,"I want to get a notification when the financial info fields on my sales opp's are updated, the payment status and confirmation fields",,"0055b00000REnyEAAT","1","0","0","0","Ready for case-level requirements analysis"
"Errors & Just do its","4","00009472","Need higher level access for pandadoc, import leads from trade shows, add lead source/trade show lead source options; lean flows/assignment rules, etc.","Validation Rules/Access","Many","?","JDI","Lisa Litviak","500Ro00000oCmQmIAK","Request for more access","Claimed","False","Medium","Other","User",,,"Lauren Fitzgerald","14-01-2026 01:20:02","27-03-2026 02:32:04",,"Hi, I need a higher level of access within Salesforce. I would like to be able to see the pandadoc section on opps within salesforce ( I have direct pandadoc access) and I will need to be able to import leads from trade shows in the near future. Also, I would like to be able to add lead source and trade show lead source options myself for marketing, if possible so it would be nice to have access to edit objects. I would also like to be able to see the lead flows and lead assignment rules in case issues arise in the future. I would not make edits, of course, without discussing with whoever all is involved in those changes but I would at least like to be able to see how things operate because I am an admin on our websites and in Pardot and sometimes issues happen that would be helpful for me to have more access in Salesforce as well. 

Thank you!
-Lauren",,"005Ro000007qBJVIA2","2","1","0","0","Ready for case-level requirements analysis"
"Errors & Just do its","28","00009479","2159-3504 - Not Updating Usage as we have recent movement and historical requests on closed won opportunities. The product page is not updating usage or driving parts priority ratings correctly. Can we assess why this is not driving our numbers. - See attached image","BUG","Asset","Design","UPGRADE","Natalie Boger","500Ro00000oHHVvIAO","2159-3504 - Not Updating Usage","In progress","False","Medium","Other","Product",,,"Blake Nielsen","14-01-2026 23:47:53","11-08-2026 07:00:42",,"2159-3504 - Not Updating Usage as we have recent movement and historical requests on closed won opportunities. The product page is not updating usage or driving parts priority ratings correctly.  Can we assess why this is not driving our numbers. - See attached image",,"0050B000006qIImQAM","4","1","0","1","Ready for case-level requirements analysis"
"Errors & Just do its","29","00009489","Sold items appearing in inventory. Shows up in reports & inventory when it shouldn't. People trying to quote what doesn't exist. Example(241550 & 241551)","BUG","Asset","N/A","N/A","Natalie Boger","500Ro00000oOnsTIAS","Sold items appearing in inventory","Claimed","False","Medium","Administrative (Reports & Dashboards)","Asset2",,,"Josh Sutton","16-01-2026 18:11:44","11-08-2026 07:06:51",,"Sold items appearing in inventory",,"0050B000006qIImQAM","2","1","0","0","Ready for case-level requirements analysis"
"Projects (Major and Minor)","102","00009514","Auto designating Big Iron and Ultrasound System purchases from designated for sales to Undesignated or Blank","New/Edit Workflows","Opportunities, Products/Assets","Not Yet Started","S","Mindy Bender","500Ro00000okAyrIAE","Auto designating assets","Claimed","False","Medium","Salesforce Improvement","Opportunity",,,"Darren Stokes","21-01-2026 21:21:43","11-07-2026 00:27:35",,"Can we please change all big iron purchases and ultrasound system purchases from designated for ""Sales"" to either ""Undesignated"" or blank",,"005Ro00000DkR8zIAF","3","2","0","0","Ready for case-level requirements analysis"
"Projects (Major and Minor)","21","00009516","Improvements for Endoscopy Evals & Test","New/Edit Workflows, New/Edit Fields","Repair/Eval","Build/Unit Testing","L","Natalie Boger","500Ro00000op7vaIAA","Improvements needed for endoscopy evals and tests","In progress","False","Medium","Salesforce Improvement","Evaluation",,,"Natalie Boger","22-01-2026 11:55:12","22-01-2026 11:55:12",,"Several issues (Yasmina sent through emails)",,"0050B000006qIImQAM","1","0","0","0","Ready for case-level requirements analysis"
"Errors & Just do its","5","00009522","Please adjust the permissions for Gina to not be able to close win an opportunity without the asset having been purchased approved.","Validation Rules/Access","Opportunities","?","JDI","Lisa Litviak","500Ro00000oyDNOIA2","Adjust Permissions","New","False","Medium","Other","Permission(s)/Permission Set",,,"Kris Nelson","23-01-2026 23:57:15","27-03-2026 02:08:02",,"Please adjust the permissions for Gina to not be able to close win an opportunity without the asset having been purchased approved.",,"005Ro000007qBJVIA2","1","0","0","0","Ready for case-level requirements analysis"
"Errors & Just do its","53","00009534","The new Material Transfer record type that was created has one change from the previous. When the assets are received at the destination location they are being unreserved and it looks as though the assets are available. We noticed this on system opps where the probe assets need to stay reserved which is how it was set up on the inter-company transfers.","BUG","Material Transfer","?","?","Sacha Pearce","500Ro00000pGKbmIAG","Material Transfer Un-reserves Asset","Claimed","False","Medium","Salesforce Improvement","Asset2",,,"Dustin Newton","27-01-2026 23:39:24","27-03-2026 02:55:54",,"The new Material Transfer record type that was created has one change from the previous. When the assets are received at the destination location they are being unreserved and it looks as though the assets are available. We noticed this on system opps where the probe assets need to stay reserved which is how it was set up on the inter-company transfers.",,"0055b00000REnyEAAT","2","1","0","0","Ready for case-level requirements analysis"
"Projects (Major and Minor)","28","00009536","Send recalls/corrections/end of life emails to customers through SF","New Objects, New/Edit Workflows, New/Edit Fields","Products/Assets","Not Yet Started","L","Mindy Bender","500Ro00000pGoV0IAK","Quality Alerts","Claimed","False","Medium","Salesforce Improvement","Opportunity",,,"Jennifer Armstrong","28-01-2026 00:57:50","11-07-2026 00:27:35",,"to be able to send recalls/corrections/end of life emails to customers through SF",,"005Ro00000DkR8zIAF","3","2","0","0","Ready for case-level requirements analysis"
"Errors & Just do its","6","00009542","Needing to be able to add confirmation lines for online orders","Validation Rules/Access","Opportunties","?","JDI","Lisa Litviak","500Ro00000pNKSAIA4","Confirmation lines","Claimed","False","Medium","Other","Permission(s)/Permission Set",,,"Kaley Ehrig","29-01-2026 00:19:03","27-03-2026 02:30:25",,"Needing to be able to add confirmation lines for online orders",,"005Ro000007qBJVIA2","2","1","0","0","Ready for case-level requirements analysis"
"Projects (Major and Minor)","42","00009558","Exchange RMA Opps - Create X qty based on PO with exchange item","New/Edit Workflows","Opportunities","Design","M","Mindy Bender","500Ro00000paE2JIAU","Exchange RMA OPPS","On Hold","False","Medium","Salesforce Improvement","Opportunity",,"Other","Gretchen Scarborough","30-01-2026 23:26:46","15-04-2026 22:24:34",,"When a PO is made with an exchange item  it automatically makes an Exchange OPP - can a program be made to automatically make exchange opps for all items on that po. Example if i order 5 of a part only 1 exchange opp is made and i need to have 5.",,"005Ro00000DkR8zIAF","3","2","0","0","Ready for case-level requirements analysis"
"Projects (Major and Minor)","56","00009580","Ability to see shipment price once ships; tracking and price pulled from carrier website","New/Edit Workflows, New/Edit Fields","Shipments/Zenkraft","Not Yet Started","M","Mindy Bender","500Ro00000pyIfyIAE","Ability to see shipment price once ships","Claimed","False","Medium","Salesforce Improvement","OTHER",,,"Justin Wilson","05-02-2026 01:59:44","11-07-2026 00:27:35",,"Zenkraft is tied to salesforce for quoting, need to know if when we ship it the tracking and price is pullled from carrier website to salesforce",,"005Ro00000DkR8zIAF","3","2","0","0","Ready for case-level requirements analysis"
"Projects (Major and Minor)","43","00009584","When a pricing/sourcing request is fulfilled by parts dept, an automated email goes to the Ultrasound coordinators inbox., however we seem to get them for a lot of things we haven't requested, such as requests from Probo France. AND is there a way to have the automated emails for pricing/sourcing not requested by the Ultrasound dept sent to the people who have requested them please?","Email Alerts","Opportunity, pricing request, etc.","Design","M","Mindy Bender","500Ro00000q2KPzIAM","Pricing request fulfilment emails","Claimed","False","Medium","Other","OTHER",,,"Katy Base","05-02-2026 15:00:02","11-07-2026 00:25:57",,"When a pricing/sourcing request is fulfilled by parts dept, an automated email goes to the Ultrasound coordinators inbox., however we seem to get them for a lot of things we haven't requested, such as requests from Probo France.",,"005Ro00000DkR8zIAF","3","2","0","0","Ready for case-level requirements analysis"
"Errors & Just do its","31","00009589","SA removed from Gant when SRI completed","BUG","Service Appointment","?","BUG","Sacha Pearce","500Ro00000q8PwBIAU","SA removed from Gant when SRI completed","New","False","Medium","Administrative (Reports & Dashboards)","Work Order",,,"Trudy Gregory","06-02-2026 14:39:13","14-08-2026 15:27:50",,"SA-17132 was booked and on Gant for Dave Milne to attend Monday 09/02/2026.  I also needed to source a button kit to send to the customer.  This arrived yesterday and SRI-00015817 was completed.  This has taken the SA off the Gant and back to internal",,"0055b00000REnyEAAT","1","0","0","0","Ready for case-level requirements analysis"
"Projects (Major and Minor)","90","00009597","Stop people being able to close win an inventory purchase opp (sourcing or inventory purchases) without an item receipt. All inventory opps should be item receipted as this is what gives assets their cost","New/Edit Workflows, Validation Rules/Access","Opportunities","Requirement Gathering","S","Mindy Bender","500Ro00000qJgupIAC","Stop people being able to close win an inventory purchase opp without an item receipt","Claimed","False","Medium","Salesforce Improvement","Opportunity",,,"James Bevan-Jones","09-02-2026 22:35:07","11-07-2026 00:27:35",,"Stop people being able to close win an inventory purchase opp (sourcing or inventory purchases) without an item receipt. All inventory opps should be item receipted as this is what gives assets their cost",,"005Ro00000DkR8zIAF","3","2","0","0","Ready for case-level requirements analysis"
"Errors & Just do its","32","00009601","Customer received in chrome message, not PDF","BUG","Invoices","?","BUG","Sacha Pearce","500Ro00000qLT64IAG","Invoice I-128167","In progress","False","Medium","Salesforce Error","Invoice",,,"Carmen Montalvo","10-02-2026 02:29:46","27-03-2026 01:23:03",,"customer received in Chrome message",,"0055b00000REnyEAAT","2","1","0","0","Ready for case-level requirements analysis"
"Projects (Major and Minor)","73","00009611","Need to add ""Customer Not Available"" to show; Currently leaves the report blank - see SA-17573 - needs to populate something so it doesnt look like we have missed the signature by mistake","New/Edit Workflows, New/Edit Fields","Service Appointment","Not Yet Started","S/M","Sacha Pearce","500Ro00000qUONBIA4","Can we add ""Customer Not Available"" if engineer selects this in the customer signature section","New","False","Medium","Salesforce Improvement","Field Service Lightning",,,"Tom Meredith","11-02-2026 15:20:28","18-02-2026 19:12:47",,"Currently leaves the report blank - see SA-17573 - needs to populate something so it doesnt look like we have missed the signature by mistake",,"0055b00000REnyEAAT","1","0","0","0","Ready for case-level requirements analysis"
"Projects (Major and Minor)","24","00009614","AvaTax Errors out on Opportunities with a lot of lines","New/Edit Workflows","Opportunities","Design","L","Mindy Bender","500Ro00000qV8TDIA0","AvaTax error for lines over 181","On Hold","False","Medium","Salesforce Improvement","AvaTax",,,"Krystie Green","11-02-2026 19:04:02","22-04-2026 20:07:25",,"we need to partner with AvaTax to identify a long term solution that allows a single opp with 1 inv. Asking SalesOps/Steve to go back & break a single opp into several is not practical from an operational standpoint",,"005Ro00000DkR8zIAF","4","3","0","0","Ready for case-level requirements analysis"
"Projects (Major and Minor)","91","00009620","Probe Repair Pricing - Universal Repair Activity Addition; Please add a ""Loaner Rental Fee"" to the product for ultrasound probes. This would look just like a repair activity","New/Edit Workflows, New/Edit Fields","Repair/Eval","Requirement Gathering","S",,"500Ro00000qWi3GIAS","Probe Repair Pricing - Universal Repair Activity Addition","On Hold","False","Medium","Other","Product",,,"Matt Mooney","12-02-2026 00:45:12","22-04-2026 02:48:36",,"Please add a ""Loaner Rental Fee"" to the product for ultrasound probes.  This would look just like a repair activity",,,"2","1","0","0","Ready for case-level requirements analysis"
"Projects (Major and Minor)","27","00009624","Add Rental work order type with rental return RMA","New Record Types","Work Orders/Service Appts","Requirement Gathering","L","Mindy Bender","500Ro00000qcj2zIAA","work order","Claimed","False","Medium","Salesforce Improvement","Work Order",,,"Terry Mascia","12-02-2026 22:57:34","11-07-2026 00:27:35",,"Rental Work Order",,"005Ro00000DkR8zIAF","3","2","0","0","Ready for case-level requirements analysis"
"Projects (Major and Minor)","92","00009634","Product Repair: make the ""Repair Result"" and "" Type of repair"" fields required","Validation Rules/Access","Products/Assets","Requirement Gathering","S","Mindy Bender","500Ro00000qiUE9IAM","Product repair required fields.","On Hold","False","Medium","Salesforce Improvement","Product Repair",,,"Kyle Kast","13-02-2026 23:14:08","15-04-2026 22:25:09",,"Could we make the ""Repair Result"" and "" Type of repair"" fields required?",,"005Ro00000DkR8zIAF","2","2","1","0","Ready for case-level requirements analysis"
"Projects (Major and Minor)","106","00009663","Hello, when these opps are syncing to intacct no business unit is pulling accross, please could we include mechanical services as the business unit. this is also falling into non-contract service GL, when it should be 42300 mechanical services - non-conr","Data","Asset, Product","Not Yet Started","S","Sacha Pearce","500Ro00000rMP67IAG","Intacct Sync","New","False","Medium","Salesforce Error","Intacct",,,"Louise Harrison","23-02-2026 18:21:16","27-03-2026 02:38:23",,"Hello, when these opps are syncing to intacct no business unit is pulling accross, please could we include mechanical services as the business unit. this is also falling into non-contract service GL, when it should be 42300 mechanical services - non-conr",,"0055b00000REnyEAAT","1","0","0","0","Ready for case-level requirements analysis"
"Errors & Just do its","7","00009684","Viewing permissions are limited for (Opportunities, Loaners, and Work Orders) as well as printing permissions for (Opportunities, Loaners, and Work Orders). As I click (w/Return) under shipping and attempt to print a label. I get to a ""restricted"" page.","BUG","Shipping","?","BUG","Lisa Litviak","500Ro00000raAGsIAM","Re: The shipping tab is not showing on opp","Claimed","False","Medium","Other","Opportunity",,,"Immanuel DeCastro","26-02-2026 00:47:33","27-03-2026 02:29:50",,"We cannot ship from opps because no shipping field/drop down shows under any opp for several users.",,"005Ro000007qBJVIA2","2","1","1","0","Ready for case-level requirements analysis"
"Errors & Just do its","33","00009704","Previously set WO to completed but has since been re-opened at the same time as RMA being Warranty Claim completed. This should not happen.","BUG","RMA","?","BUG","Sacha Pearce","500Ro00000rs2uLIAQ","00061816 reopened when RMA completed in stores","Claimed","False","High","Salesforce Error","Work Order",,,"Tom Meredith","02-03-2026 15:49:53","27-03-2026 02:47:16",,"Previously set WO to completed but has since been re-opened at the same time as RMA being Warranty Claim completed. This should not happen.",,"0055b00000REnyEAAT","3","2","0","0","Ready for case-level requirements analysis"
"Projects (Major and Minor)","52","00009706","Lockdown who can change owner on asset after IR (without internal sale)","New/Edit Workflows, New/Edit Fields","Asset","Requirement Gathering","M","Sacha Pearce","500Ro00000rva8LIAQ","Lock down who can change owner filed on asset","Closed","True","Medium","Salesforce Improvement","Asset2",,,"James Bevan-Jones","03-03-2026 03:27:42","21-08-2026 20:02:25","21-08-2026 20:02:25","Lock down who can change owner on asset object to select people to stop assets being item receipted in one entity and then ownership switched to another entity without an internal sale",,"0055b00000REnyEAAT","3","2","0","0","Review - active workbook row but Salesforce closed"
"Projects (Major and Minor)","30","00009763","Request for customer refund: Make the current emailing of a spreadsheet into a SF automated process","New/Edit Workflows, New/Edit Fields","Credit Memo","Not Yet Started","L","Sacha Pearce","500Ro00000slGn4IAE","Request for customer refund","New","False","Medium","Other","OTHER",,,"Krystie Green","13-03-2026 20:49:38","27-03-2026 02:05:11",,"Make the current emailing of a spredsheet into a SF automated process",,"0055b00000REnyEAAT","1","0","0","0","Ready for case-level requirements analysis"
"Errors & Just do its","34","00009765","Trying to convert lead, error message about changing billing address","BUG","Lead, Opportunity","?","BUG","Sacha Pearce","500Ro00000smiajIAA","Lead Conversion","New","False","Medium","Other","Lead",,,"Josh Sutton","13-03-2026 23:59:36","19-03-2026 15:41:27",,"Trying to convert and get an error message ""Can't change billing address for an account that's been synced to intact"".... I'm not changing the address.. Not even touching those fields",,"0055b00000REnyEAAT","1","0","0","0","Ready for case-level requirements analysis"
"Errors & Just do its","35","00009797","Team, Would you please update the stocked checked and Inventory Count dates on the assets for the attached spreadsheet via dataloader.","Data","Asset","?","JDI","Sacha Pearce","500Ro00000tKbRzIAK","Update Cycle Count Dates","Claimed","False","Medium","Other","Asset2",,,"Blake Nielsen","21-03-2026 03:45:01","15-04-2026 03:03:39",,"Team,   Would you please update the stocked checked and Inventory Count dates on the assets for the attached spreadsheet via dataloader.",,"0055b00000REnyEAAT","3","1","0","1","Ready for case-level requirements analysis"
"Errors & Just do its","36","00009807","System gives me an error when I try to create a return for 2 assets from PO 359986","BUG","Opportunity, Return","?","BUG","Sacha Pearce","500Ro00000tWV2gIAG","Return from PO","New","False","Medium","Salesforce Error","Purchasing Return",,,"Yasmina Rodriguez","24-03-2026 18:32:54","27-03-2026 03:10:34",,"System gives me an error when I try to create a return for 2 assets from PO 359986",,"0055b00000REnyEAAT","1","0","0","0","Ready for case-level requirements analysis"
"Projects (Major and Minor)","44","00009830","Create a complaint and RMA Dashboard/Report","Dashboards/Reports/Notifications","Reports/Dashboards","Design","M","Mindy Bender","500Ro00000u7BJWIA2","MO RMA and Complaint Report/Dashboard","Claimed","False","Medium","Administrative (Reports & Dashboards)","RMA",,,"Jehovany Hernandez","31-03-2026 23:28:04","23-04-2026 02:41:05",,"Can you please create a complaint and RMA Dashboard/Report",,"005Ro00000DkR8zIAF","2","2","1","0","Ready for case-level requirements analysis"
"Errors & Just do its","37","00009845","Unable to click any tabs or templates once I've added a new doc through PandaDoc in SF.","BUG","Opportunity","?","BUG","Sacha Pearce","500Ro00000uYT4AIAW","PandaDoc Issue","Claimed","False","Medium","Other","PandaDoc",,,"Paige Dilick","07-04-2026 01:28:37","14-04-2026 18:16:56",,"Unable to click any tabs or templates once I've added a new doc through PandaDoc in SF.",,"0055b00000REnyEAAT","10","9","0","0","Ready for case-level requirements analysis"
"Projects (Major and Minor)","98","00009868","request for additional note field for service coordinators , engineers have internal notes, useful for service to input at times also","New/Edit Workflows, New/Edit Fields","Service Appointment","Requirement Gathering","S","Sacha Pearce","500Ro00000utIVXIA2","additional notes field for service coordinators?","Claimed","False","Medium","Other","Field Service Lightning",,,"Caroline Clinton","10-04-2026 15:31:46","10-04-2026 15:31:47",,"request for additional note field for service coordinators , engineers have internal notes, useful for service to input at times also",,"0055b00000REnyEAAT","2","1","0","0","Ready for case-level requirements analysis"
"Projects (Major and Minor)","107","00009869","would it be possible on the coordinators outlook calendar to have the engineer name visible on the SA without having to hover over to read each one?","New/Edit Workflows, New/Edit Fields","Service Appointment","Not Yet Started","S","Sacha Pearce","500Ro00000utbJdIAI","coordinators mailbox view of engineers schedule","Claimed","False","Medium","Salesforce Improvement","Field Service Lightning",,,"Caroline Clinton","10-04-2026 17:03:01","10-04-2026 17:03:01",,"coordinators mailbox view of engineers schedule",,"0055b00000REnyEAAT","2","1","0","0","Ready for case-level requirements analysis"
"Errors & Just do its","38","00009873","O-00543994 sync to wrong GL","Data","Opportunity","?","JDI","Sacha Pearce","500Ro00000uvbPJIAY","synced to Intacct with no BS","Claimed","False","Medium","Salesforce Error","Intacct",,,"Louise Harrison","11-04-2026 00:05:45","11-04-2026 00:05:46",,"O-00543994 synced to intacct with no business segment, should sync with mech serv",,"0055b00000REnyEAAT","2","1","0","0","Ready for case-level requirements analysis"
"Errors & Just do its","39","00009874","O-00543994 sync to wrong GL","Data","Opportunity","?","JDI","Sacha Pearce","500Ro00000uw7LtIAI","synced to incorrect GL","Claimed","False","Medium","Salesforce Error","Intacct",,,"Louise Harrison","11-04-2026 00:08:02","11-04-2026 00:08:02",,"synced to non-contract service, should have synced to 42300 mech serv - non contract",,"0055b00000REnyEAAT","2","1","0","0","Ready for case-level requirements analysis"
"Errors & Just do its","40","00009875","O-00532757 synced wrong GL and Business segment","Data","Opportunity","?","JDI","Sacha Pearce","500Ro00000uwNjxIAE","O-00532757 synced to wrong GL","Claimed","False","Medium","Salesforce Error","Intacct",,,"Louise Harrison","11-04-2026 00:11:35","11-04-2026 00:11:35",,"synced to 41200 non-contract service, but should have been 42300. Synced with no BS when should have been Mech serv",,"0055b00000REnyEAAT","2","1","0","0","Ready for case-level requirements analysis"
"Errors & Just do its","41","00009876","O-00539851 synced wrong GL and Business segment","Data","Opportunity","?","JDI","Sacha Pearce","500Ro00000uvvCcIAI","O-00539851 synced to wrong GL","Claimed","False","Medium","Salesforce Error","Intacct",,,"Louise Harrison","11-04-2026 00:12:39","11-04-2026 00:12:39",,"synced to 41200 non-contract service, but should have been 42300. Synced with no BS when should have been Mech serv",,"0055b00000REnyEAAT","2","1","0","0","Ready for case-level requirements analysis"
"Projects (Major and Minor)","45","00009899","Rental invoices start with R- instead of the traditional I-","New Record Types","Invoices","Design","M","Mindy Bender","500Ro00000vDI9bIAG","Rental invoices start with R- instead of the traditional I-","On Hold","False","Medium","Salesforce Improvement","Invoice",,,"Krystie Green","15-04-2026 03:58:58","11-07-2026 00:13:28",,"Rental invoices to start with ""R-"" instead of ""I-"" to properly identify rental invoices for shared customers. Opportunity Record Type:
Rental Opportunity. Is it possible to have the rental invoices default to Net 10 payment terms (not the customer level as they can also order system sales).",,"005Ro00000DkR8zIAF","5","2","0","0","Ready for case-level requirements analysis"
"Projects (Major and Minor)","70","00009906","Tom is saying when we decomission systems the contract line remains active and wants us to amend the end date on the line. lPlease can you review so the decomssion date forces the line to become inactive","New/Edit Workflows, New/Edit Fields","Service Contract","Requirement Gathering","S/M","Sacha Pearce","500Ro00000vGXaIIAW","Decommission/Contract Lines still active","Claimed","False","Medium","Salesforce Improvement","Service Contract",,,"Nicky Lloyd-Jones","15-04-2026 21:15:47","15-04-2026 21:15:47",,"Tom is saying when we decomission systems the contract line remains active and wants us to amend the end date on the line. lPlease can you review so the decomssion date forces the line to become inactive",,"0055b00000REnyEAAT","2","1","0","0","Ready for case-level requirements analysis"
"Projects (Major and Minor)","108","00009910","is it possible to add in a pop up field to input notes against equipment by service coordinators that would pop up when logging jobs against a contract line ?","New/Edit Workflows, New/Edit Fields","Equipment","Not Yet Started","S","Sacha Pearce","500Ro00000vI3GLIA0","pop up or important notes","Claimed","False","Medium","Salesforce Improvement","Equipment",,,"Caroline Clinton","16-04-2026 00:37:09","16-04-2026 00:37:09",,"is it possible to add in a pop up field to input notes against equipment by service coordinators that would pop up when logging jobs against a contract line ?",,"0055b00000REnyEAAT","2","1","0","0","Ready for case-level requirements analysis"
"Complete","7","00009914","Cardiovascular Centers, LLC- locked; need to update account","Validation Rules/Access","Account","Requirement Gathering","M","Mindy Bender","500Ro00000vS3rxIAC","Cardiovascular Centers, LLC- locked","Closed","True","Medium","Administrative (Reports & Dashboards)","Account",,,"Joy Webb","17-04-2026 21:45:10","24-08-2026 21:50:42","24-08-2026 21:50:42","Need to update account- but it is locked",,"005Ro00000DkR8zIAF","4","4","1","0","Exclude - complete in workbook and Salesforce"
"Projects (Major and Minor)","93","00009939","Cause of damage listed on repair evaluations for probes (piggy back what scopes uses)","New/Edit Fields","Repair/Eval","Requirement Gathering","S","Mindy Bender","500Ro00000vlr3NIAQ","Cause of damage listed on repair evaluations for probes - can we piggy back off of what scopes uses?","Claimed","False","Medium","Salesforce Improvement","Evaluation",,,"Matt Mooney","22-04-2026 17:16:32","11-07-2026 00:28:20",,"We are getting a request for the cause of damage to be provided on the repair evaluations from more and more customers.   What are your thoughts on adding a dropdown menu or something similar to the evaluation page.  scopes has something similar",,"005Ro00000DkR8zIAF","3","2","0","0","Ready for case-level requirements analysis"
"Projects (Major and Minor)","46","00009944","Default Shipping Account for Customer UPS Account","New/Edit Workflows","Shipments/Zenkraft","Design","M","Mindy Bender","500Ro00000vo8PuIAI","Default Shipping Account","On Hold","False","Medium","Salesforce Improvement","Account",,,"Dawn Boyd","23-04-2026 00:21:54","25-04-2026 00:55:28",,"UPS Option for Customer default shipping account",,"005Ro00000DkR8zIAF","3","3","2","0","Ready for case-level requirements analysis"
"Errors & Just do its","42","00009998","We are encountering a system behavior where updating an RMA specifically within the Quality Issue Details, Root Cause, and Corrective Action fields results in the removal of key asset attributes","BUG","RMA","?","BUG","Sacha Pearce","500Ro00000wmEdgIAE","System behavior where updating an RMA","Claimed","False","Medium","Other","RMA",,,"Blake Nielsen","06-05-2026 04:11:23","12-05-2026 04:55:44",,"We are encountering a system behavior where updating an RMA specifically within the Quality Issue Details, Root Cause, and Corrective Action fields results in the removal of key asset attributes",,"0055b00000REnyEAAT","2","1","0","1","Ready for case-level requirements analysis"
"Projects (Major and Minor)","85","00010008","Lock Down Cost field on asset after item receipt","Validation Rules/Access","Products/Assets","Design","S","Mindy Bender","500Ro00000wqe1dIAA","Locking Down Cost Field","Claimed","False","Medium","Salesforce Improvement","Asset2",,,"Aaron Poston","07-05-2026 00:53:46","11-07-2026 00:28:20",,"The asset's ""Cost"" field should be locked upon processing of the Item Receipt.  Having the ability to edit this field is a major risk to the accuracy of the tracked cost of systems and parts.   Cost also effects processing of System & Harvest WO's.  Example: A# 520550.  System originated with  a cost of $70k.  We removed a tube for stock at $40k via a Harvest Work Order, leaving the system with a cost of $30k.  The Cost field for the system did not update to show the new cost.  We manually edited the cost to reflect the new value of $30k.  However that also caused the previously completed SWO and HWO to update the cost to a 30k starting point and then removing the 40k from the system.  We the workflows that are build in, Cost should not be an editable field.  Additionally, we added a different tube to the system at $20k cost.  This brought the system up from $30k to $50k.  The Cost field remained the same at $70k.  We need to have a field added to show the ""Current Cost"" of an asset.   In this situation, you would have the ""Cost"" field or the original cost the item was brought in at as a locked field and a ""Current Cost"" field, which would show the current cost tied to the asset.",,"005Ro00000DkR8zIAF","4","2","0","0","Ready for case-level requirements analysis"
"Projects (Major and Minor)","27","00010013","Add Rental work order type with rental return RMA","New Record Types","Work Orders/Service Appts","Requirement Gathering","L","Mindy Bender","500Ro00000wualmIAA","W/O option","Claimed","False","Medium","Salesforce Improvement","Equipment",,,"Terry Mascia","07-05-2026 19:23:19","16-05-2026 02:51:57",,"Please add a Rental w/o option in list, with rental return RMA",,"005Ro000007qBJVIA2","3","2","0","0","Ready for case-level requirements analysis"
"Projects (Major and Minor)","86","00010017","Loaner SN to Pull into Closed Won Shipping Notification e-mail that SFDC automatically generates","Dashboards/Reports/Notifications","Repair/Eval","Design","S","Mindy Bender","500Ro00000x0afpIAA","Loaner SN to Pull into Closed Won Shipping Notification e-mail  that SFDC automatically generates - i can send example if helpful","Claimed","False","Medium","Salesforce Improvement","Opportunity",,,"Matt Mooney","08-05-2026 20:35:35","11-07-2026 00:28:20",,"When a completed repair ships, SFDC sends an e-mil with tracking/probe info.  We have to go back into the opp to copy the loaner SN.  This does not always happen so would like it to be included in the shipping email w/ loaner RMA to expedite loaner return",,"005Ro00000DkR8zIAF","3","2","0","0","Ready for case-level requirements analysis"
"Projects (Major and Minor)","57","00010019","Automated shipping emails to customers based on customer contact on opportunity","Dashboards/Reports/Notifications","Opportunities","Not Yet Started","M","Mindy Bender","500Ro00000x13A1IAI","automated shipping emails to customers","Claimed","False","Medium","Salesforce Idea","Shipment/ZenKraft",,,"Aline Ekizian","08-05-2026 22:11:49","11-07-2026 00:28:20",,"automated shipping emails to customers - track customer contact on opp",,"005Ro00000DkR8zIAF","5","3","0","0","Ready for case-level requirements analysis"
"Projects (Major and Minor)","109","00010059","Please remove the ""New"" button from Move Locations as it doesn't trigger the current location update flow. Also rename ""New UK Move Location"" to ""New Move Location""","New/Edit Workflows, New/Edit Fields","Move Location","Not Yet Started","S","Sacha Pearce","500Ro00000xYShUIAW","Move location 'New' buttons","Claimed","False","Medium","Salesforce Improvement","Move Location",,,"Jon Kean","15-05-2026 20:49:11","15-05-2026 20:49:13",,"Please remove the ""New"" button from Move Locations as it doesn't trigger the current location update flow. Also rename ""New UK Move Location"" to ""New Move Location""",,"0055b00000REnyEAAT","2","1","0","0","Ready for case-level requirements analysis"
"Projects (Major and Minor)","110","00010063","Add Trade Show Lead Source to new lead without having to click in the lead","New/Edit Workflows, New/Edit Fields","Leads","Not Yet Started","S","Sacha Pearce","500Ro00000xjjC5IAI","Add Trade Show Lead Source to 'New Lead'","Closed","True","Medium","Salesforce Improvement","Lead",,,"Katie Wright","18-05-2026 21:32:21","14-08-2026 15:46:09","14-08-2026 15:46:09","Without having to click into the lead",,"0055b00000REnyEAAT","3","2","0","0","Review - active workbook row but Salesforce closed"
"Errors & Just do its","8","00010071","I can not uncheck the reserved status. there is no pencil mark to click on.","Validation Rules/Access","Asset","?","BUG","Lisa Litviak","500Ro00000xqVLtIAM","Reserved status on asset","Claimed","False","Medium","Other","Asset2",,,"Ken Anderson","19-05-2026 20:41:52","20-05-2026 23:09:34",,"I can not uncheck the reserved status. there is no pencil mark to click on.",,"005Ro000007qBJVIA2","3","3","0","0","Ready for case-level requirements analysis"
"Errors & Just do its","43","00010078","Intermittently throughout the day, the outlook add on that allows you to save emails to opps stops working and error messages ""something happened when we tried to connect to the server"". This has always happened, but it's been so much worse recently","BUG","Emails, Opportunity","?","BUG","Sacha Pearce","500Ro00000xvnDKIAY","Outlook adding not working","Claimed","False","Medium","Other","OTHER",,,"Robyn Nugent","20-05-2026 17:43:14","20-05-2026 17:43:14",,"Intermittently throughout the day, the outlook add on that allows you to save emails to opps stops working and error messages ""something happened when we tried to connect to the server"". This has always happened, but it's been so much worse recently",,"0055b00000REnyEAAT","2","1","0","0","Ready for case-level requirements analysis"
"Errors & Just do its","9","00010082","Can't look at an asset and do product test","Validation Rules/Access","Asset, Product Test","?","Bug","Lisa Litviak","500Ro00000xyZk6IAE","assets","In progress","False","Medium","Other","Account",,,"Sean Bagley","20-05-2026 23:22:09","21-05-2026 00:45:36",,"i cant look at an assert and do a product test",,"005Ro000007qBJVIA2","3","3","0","0","Ready for case-level requirements analysis"
"Projects (Major and Minor)","74","00010086","When items are checked in on a Purchasing Opportunity can the Opportunity Owner get a notification or something?","New/Edit Workflows","Email alert, Opportunity","Not Yet Started","S/M","Sacha Pearce","500Ro00000y3DHVIA2","Notify the Opp owner when items are checked in?","Claimed","False","Medium","Salesforce Idea","OTHER",,,"Keith Fairburn","21-05-2026 18:00:01","21-05-2026 18:00:01",,"When items are checked in on a Purchasing Opportunity can the Opportunity Owner get a notification or something?",,"0055b00000REnyEAAT","2","1","0","0","Ready for case-level requirements analysis"
"Errors & Just do its","2","00010097","Sales tax from website is not right on Salesforce","BUG","Opportunity, Tax","Requirement Gathering","BUG","Delegate","500Ro00000yWlXXIA0","Sales tax from website is not right on Salesforce","Closed","True","Medium","Other","AvaTax",,,"Erickson Naval","27-05-2026 20:02:55","24-08-2026 22:02:00","24-08-2026 22:02:00","After calculating tax here on Salesforce. it totals up to $19.98. However, on the DME website, that I attached a screenshot of on the ""notes"" on this OP. It states that Tax is supposed to be $21.89. Is there someway to fix this?",,"0054O00000AADz3QAH","3","2","0","0","Review - active workbook row but Salesforce closed"
"Projects (Major and Minor)","69","00010115","Mark a product as exchange needed so when things are sold it's clear core needs to come back from customer","New/Edit Workflows, New/Edit Fields","Opportunities, Products/Assets","Requirement Gathering","S/M","Mindy Bender","500Ro00000yvwG7IAI","Missing Exchange Needed Flag","On Hold","False","Medium","Salesforce Improvement","Product",,,"Kyla Frey","01-06-2026 20:03:55","03-06-2026 02:07:37",,"Being able to mark a product as an exchange needed would be extremely helpful so when things are sold they know to request a core back from customer.",,"005Ro00000DkR8zIAF","3","2","0","0","Ready for case-level requirements analysis"
"Projects (Major and Minor)","75","00010128","Can we prevent inventory assets being consumed under product repairs on ""Customer Repair"" assets. This is because the cost doesn't log against the service contract","New/Edit Workflows, New/Edit Fields","Service Contract, Assets","Not Yet Started","S/M","Sacha Pearce","500Ro00000zFV3ZIAW","Prevent Product repairs on Customer repair assets","Claimed","False","Medium","Salesforce Improvement","Product Repair",,,"Jon Kean","04-06-2026 15:34:14","04-06-2026 15:34:16",,"Can we prevent inventory assets being consumed under product repairs on ""Customer Repair"" assets. This is because the cost doesn't log against the service contract",,"0055b00000REnyEAAT","2","1","0","0","Ready for case-level requirements analysis"
"Complete","5","00010129","adding name manualy of supplier on documents templates","New/Edit Workflows, New/Edit Fields","Invoices","Completed","S","Sacha Pearce","500Ro00000zFyLlIAK","Invoicing","Claimed","False","Medium","Other","Account",,,"Eric Floch","04-06-2026 18:09:24","04-06-2026 18:09:25",,"adding name manualy of supplier on documents templates",,"0055b00000REnyEAAT","2","1","0","0","Review - workbook complete but Salesforce open"
"Projects (Major and Minor)","94","00010132","Probe product name can't come into existing report","New/Edit Fields","Reports/Dashboards","Requirement Gathering","S","Mindy Bender","500Ro00000zMd4ZIAS","Loaner probe product name to pull into report","Claimed","False","Medium","Administrative (Reports & Dashboards)","Loaner/Loaner Asset",,,"Matt Mooney","05-06-2026 20:08:47","25-06-2026 04:58:53",,"I cannot get the loaner model to pull into this report https://probomedical.lightning.force.com/lightning/r/Report/00ORo000004Q6dlMAC/view?queryScope=userFolders",,"005Ro00000DkR8zIAF","4","2","0","0","Ready for case-level requirements analysis"
"Complete","3","00010147","Project TruStock...Adding this case in reference to the email I had sent regarding the creation/cleanup of the lists for Tampa, FL in the New UK move location""","Data","Location","User Testing","L","Sacha Pearce","500Ro00000zfPvPIAU","Tampa FL Location Creation(s)","Closed","True","Medium","Salesforce Improvement","Asset2",,,"Blake Nielsen","09-06-2026 23:00:47","21-08-2026 20:40:08","21-08-2026 20:40:08","Team,  Adding this case in reference to the email I had sent regarding the creation/cleanup of the lists for Tampa, FL in the New UK move location""

Link https://probomedical-my.sharepoint.com/:x:/r/personal/blake_nielsen_probomedical_com/Documents/2026%20Probo/2026%20TrueStock/True%20Stock_Tampa/Tampa/Tampa%20FL%20Location%20Creation.xlsx?d=w0218716dd6944f858e3779b3c4e60bcb&csf=1&web=1&e=wwvso9",,"0055b00000REnyEAAT","5","3","0","0","Exclude - complete in workbook and Salesforce"
"Errors & Just do its","44","00010148","I've just got a new laptop and want to set up my navigation pane and set up my dashboard as my homepage, can you help with this?","Custom","Custom","?","JDI","Sacha Pearce","500Ro00000zhQ5mIAE","New Laptop","Claimed","False","Medium","Administrative (Reports & Dashboards)","OTHER",,,"Ben Rice","10-06-2026 02:50:37","10-06-2026 02:50:37",,"I've just got a new laptop and want to set up my navigation pane and set up my dashboard as my homepage, can you help with this?",,"0055b00000REnyEAAT","2","1","0","0","Ready for case-level requirements analysis"
"Projects (Major and Minor)","95","00010149","Add Loaner/Restock Fee Opp Credit Memo Field to Core Ex RMA - this will allow us to run a RMA report to see if the core was returned & if we isssued a credit on the core charge opportunity.","New/Edit Fields","RMA","Requirement Gathering","S","Mindy Bender","500Ro00000zlZ2RIAU","Add Loaner/Restock Fee Opp Credit Memo Field to Core Ex RMA","Claimed","False","Medium","Salesforce Improvement","RMA",,,"Ashley Madson","10-06-2026 19:39:13","25-06-2026 05:08:40",,"Add Loaner/Restock Fee Opp Credit Memo Field to Core Ex RMA - this will allow us to run a RMA report to see if the core was returned & if we isssued a credit on the core  charge opportunity.",,"005Ro00000DkR8zIAF","4","2","0","0","Ready for case-level requirements analysis"
"Errors & Just do its","45","00010152","Seems to be a lot of ex MI stock that hasn't been PA'd","BUG","Assets","?","JDI","Sacha Pearce","500Ro00000zmc36IAA","Seems to be a lot of ex MI stock that hasn't been PA'd","Claimed","False","Medium","Salesforce Improvement","Asset2",,,"Nicky Kean","10-06-2026 22:00:34","10-06-2026 22:00:34",,"Please run a report",,"0055b00000REnyEAAT","2","1","0","0","Ready for case-level requirements analysis"
"Errors & Just do its","13","00010158","Tried to save RMA: A-206654 come with an error","BUG","RMA","x","BUG","Mindy Bender","500Ro00000ztClRIAU","Need help with saving a RMA in Salesforce.  Receiving an error.","Claimed","False","Medium","Salesforce Error","RMA",,"Apex Error","Lisa Litviak","11-06-2026 22:23:18","02-07-2026 04:40:17",,"Need help with saving a RMA in Salesforce.  Receiving an error.  RMA# A-206654 - P_RMATTrigger - entering this case for Diane Logue",,"005Ro00000DkR8zIAF","4","2","0","0","Ready for case-level requirements analysis"
"Errors & Just do its","14","00010166","Opp closed without proper pricing","Data","Opportunity","Design","BUG","Mindy Bender","500Ro0000109L6NIAU","Wrong amount","Claimed","False","Medium","Other","Product",,,"Gina Olson","15-06-2026 19:57:16","02-07-2026 04:20:06",,"This order was closed at $0, when it should have been closed at $2200",,"005Ro00000DkR8zIAF","2","1","0","0","Ready for case-level requirements analysis"
"Projects (Major and Minor)","58","00010169","Product Add Clone Option","New/Edit Workflows","Products/Assets","Not Yet Started","M","Mindy Bender","500Ro000010FNYUIA4","Product Add Clone Option","Claimed","False","Medium","Salesforce Improvement","Product",,,"Gretchen Scarborough","16-06-2026 19:04:06","11-07-2026 00:28:20",,"Product Add Clone Option / Can we get a option in product add where we can clone the product or duplicate? It would make it easier to add products that are similar with just a different number - thanks!",,"005Ro00000DkR8zIAF","4","2","0","0","Ready for case-level requirements analysis"
"Projects (Major and Minor)","47","00010179","Product Dropdown in Lead object has 2 options for systems…need to combine to one","Data","Leads","Design","M","Mindy Bender","500Ro000010NUucIAG","Classification of past opportunities","Closed","True","Medium","Administrative (Reports & Dashboards)","Opportunity",,,"Dawn Boyd","17-06-2026 23:39:38","28-08-2026 20:44:41","28-08-2026 20:44:41","In my opportunites, please change all ""ultrasound systems.  it is effecting my close ration"" to ultrasound system sales",,"005Ro00000DkR8zIAF","6","4","1","0","Review - active workbook row but Salesforce closed"
"Errors & Just do its","46","00010194","RMA automation change: asset is already reserved whne RMA is booked","New/Edit Workflows","Asset, RMA","?","BUG","Sacha Pearce","500Ro000010o9qoIAA","RMA automation change","Claimed","False","Medium","Other","RMA",,,"Jon Kean","23-06-2026 13:17:49","23-06-2026 13:35:11",,"Logged by Katy Base:
Hi Jon, has something changed in the way items are booked in on RMAs do you know? It seems to be happening a lot now that when stores book something in, the asset is already reserved by one of them when I come to use it and I have to contact them to get this changed. I've just had 2 that were reserved by Keil, I've asked them to unreserve them and they are now both reserved by Marcus! So I'm guessing there's been some sort of change on SF that is doing this?

Examples:
A-210730 and A-210731",,"0055b00000REnyEAAT","4","2","1","0","Ready for case-level requirements analysis"
"Errors & Just do its","47","00010197","Multple reports no longer visible","Reports","Reports/Dashboards","?","BUG","Sacha Pearce","500Ro000010ujBfIAI","Multiple reports no longer visible","Claimed","False","Medium","Administrative (Reports & Dashboards)","OTHER",,,"Stephen Glasgow","24-06-2026 13:49:35","24-06-2026 13:49:37",,"Message ""the report definition is obsolete...""",,"0055b00000REnyEAAT","2","1","0","0","Ready for case-level requirements analysis"
"Errors & Just do its","48","00010202","Vendor return report...This report can no longer be edited or run. Your administrator has disabled all reports for the custom object, or its relationships have changed. ","Reports","Reports/Dashboards","?","BUG","Sacha Pearce","500Ro000010w4NhIAI","Vendor return report","Closed","True","Medium","Salesforce Error","OTHER",,,"Nicky Kean","24-06-2026 18:52:23","14-08-2026 15:26:31","14-08-2026 15:26:31","Is no longer available on both the sourcing and returns dash",,"0055b00000REnyEAAT","3","2","0","0","Review - active workbook row but Salesforce closed"
"Errors & Just do its","49","00010216","Rich Gerler's Product Analytics page are all in GPB instead of USD for Rich Gerler","Data","Product Analytics","?","BUG","Sacha Pearce","500Ro000010vdlkIAA","Product Analytics page for parts are all in GBP instead of USD.","Claimed","False","Medium","Salesforce Error","Product",,,"Richard Gerler","24-06-2026 19:52:06","21-08-2026 20:25:06",,"This is a conflict with the Product page",,"0055b00000REnyEAAT","2","1","0","0","Ready for case-level requirements analysis"
"Projects (Major and Minor)","59","00010263","Code review on how product names on assets are edited.","Validation Rules/Access","Products/Assets","Not Yet Started","M","Mindy Bender","500Ro0000117vTZIAY","Product Name Deletion Without User Input","Closed","True","Medium","Other","Asset2",,,"Ethan Ferrell","26-06-2026 18:40:05","10-07-2026 19:23:22","10-07-2026 19:23:22","I created 538575 yesterday, and the product name was deleted without my input. This AM, with permissions restored to me, I tried to set the name. It was again deleted. Upon a third attempt, the product name finally sticks.",,"0050B000006qIImQAM","5","2","0","0","Review - active workbook row but Salesforce closed"
"Projects (Major and Minor)","60","00010264","Published Rates for Shipments via our Third Party Account","New/Edit Workflows","Shipments/Zenkraft","Not Yet Started","M","Mindy Bender","500Ro0000118gPFIAY","Published Rates for Shipments","Claimed","False","Medium","Salesforce Improvement","Shipment/ZenKraft",,,"Dylan Buchanan","26-06-2026 20:36:58","11-07-2026 00:28:20",,"Would like for Published Rates from Shipments to be populated when billing our 108075996 acct via Third Party.",,"005Ro00000DkR8zIAF","3","2","0","0","Ready for case-level requirements analysis"
"Projects (Major and Minor)","22","00010270","Part record type new asset, product analytics/product name doesn't populate","New/Edit Workflows","Asset","Build/Unit Testing","L","Natalie Boger","500Ro000011L2YtIAK","Asset Creation","In progress","False","Medium","Administrative (Reports & Dashboards)","Asset2",,,"Ethan Ferrell","29-06-2026 23:08:07","22-07-2026 07:58:16",,"During creation of an asset from a product page, with a part record type, the product analytics product name does not populate. This input box should be filled with the same data as the product name box at the top.",,"0050B000006qIImQAM","5","2","0","0","Ready for case-level requirements analysis"
"Complete","6","00010281","Can we have 'Related service contract' field to be able to link related contract instead of Opportunity for PO","New/Edit Fields","Opportunity","Completed","M","Sacha Pearce","500Ro000011V5DiIAK","PO outsource labour - additional field","Closed","True","Medium","Administrative (Reports & Dashboards)","Opportunity",,,"Karolina Kozar","01-07-2026 15:59:14","19-08-2026 20:40:07","19-08-2026 20:40:07","Can we have 'Related service contract' field to be able to link related contract instead of Opportunity",,"0055b00000REnyEAAT","4","2","0","0","Exclude - complete in workbook and Salesforce"
"Projects (Major and Minor)","48","00010291","Product Name entered twice (regular and analytics)","New/Edit Workflows","Asset","Design","M","Mindy Bender","500Ro000011qtXBIAY","Problems creating an asset","Claimed","False","Medium","Salesforce Improvement","Asset2",,,"Dominick Vena","06-07-2026 17:37:32","10-07-2026 23:54:10",,"Product name field listed twice. Can we remove the one towards the bottom? Will save us some time and frustration.",,"005Ro00000DkR8zIAF","3","2","0","0","Ready for case-level requirements analysis"
"Errors & Just do its","15","00010292","Save and close when adding assets","New/Edit Workflows","Opportunity, Assets","Design","BUG","Mindy Bender","500Ro000011rXhVIAU","Assets being added to OPP","Claimed","False","Medium","Salesforce Error","Asset2",,,"Gretchen Scarborough","06-07-2026 19:31:50","08-07-2026 22:16:43",,"Save and Close option does not work anymore - we have to hit cancel to go back to OPP.",,"005Ro00000DkR8zIAF","4","2","0","0","Ready for case-level requirements analysis"
"Projects (Major and Minor)","111","00010296","Can you remove acces for Tim to amend product tests once they are completed. Same with all workshop staff","Validation Rules/Access","Product Test","Not Yet Started","S","Sacha Pearce","500Ro000011w7kpIAA","Remove access for Tim Cheese","Claimed","False","Medium","Other","Product Test",,,"Jon Kean","07-07-2026 15:39:58","07-07-2026 15:39:59",,"Can you remove acces for Tim to amend product tests once they are completed. Same with all workshop staff",,"0055b00000REnyEAAT","2","1","0","0","Ready for case-level requirements analysis"
"Complete","9","00010303","Customer repairs getting added as purchase approved (requirements for WOLI to be added as a line item)","New/Edit Workflows","Assets, Work Orders","Quality/Compliance","Build/Unit Testing","Matt Mooney","500Ro0000120IxnIAE","customer repairs are getting automatically purchase approved","On Hold","False","Medium","Administrative (Reports & Dashboards)","Asset2",,,"Matt Mooney","08-07-2026 01:28:00","24-08-2026 10:48:34",,"We came across an issue today and cannot figure it out.  This report shows probes that are customer repairs.  But it appears they are being purchase approved when the decontamination box is checked.    Can you look into what’s happening?  The primary issu",,"0050B000006qIImQAM","4","3","0","0","Review - workbook complete but Salesforce open"
"Complete","4","00010304","Ship From dropdown instead of free text & not receiving email automations","New/Edit Workflows","Email Alerts","Design","S","Mindy Bender","500Ro0000120NvqIAE","Purchasing Returns","Claimed","False","Medium","Other","Purchasing Return",,,"Aaron Poston","08-07-2026 01:58:22","09-07-2026 01:58:00",,"Can we please have the Ship From field removed from the Shipping section.(Open Text Box).  Op creators should be utilizing the Shipping FROM Location during PR creation.  We have had issues with the reporting and populating of PR's onto the shipping dash as op creators are able to type anything into the Ship From field.  If we can eliminate this field they will be required to use the dropdown options listed on the Shipping FROM Location.
Additionally, we are not receiving any auto-generated emails from SF upon completion of PR's.  The other Opportunity types auto send an email upon completion to the Op Owner and the person who completes the shipping of the op.",,"005Ro00000DkR8zIAF","6","1","0","0","Review - workbook complete but Salesforce open"
"Errors & Just do its","50","00010321","A confirmation email that a case has been raised is not being sent on creation on UK Warehouse request","New/Edit Workflows","Email Alerts","?","BUG","Sacha Pearce","500Ro0000129cagIAA","Automated email not being sent on UK Warehouse Request","Claimed","False","Medium","Other","Case",,,"Jon Kean","09-07-2026 16:26:09","09-07-2026 16:26:10",,"A confirmation email that a case has been raised is not being sent on creation",,"0055b00000REnyEAAT","2","1","0","0","Ready for case-level requirements analysis"
"Projects (Major and Minor)","76","00010331","Add points to close out on FSL - environment left in safe working condition","New/Edit Fields","Work Order, Service Appointment","Not Yet Started","S/M","Sacha Pearce","500Ro000012Gn3BIAS","Add points to close out on FSL","Closed","True","High","Salesforce Improvement","Field Service Lightning",,,"Tom Meredith","10-07-2026 19:12:00","21-08-2026 19:14:55","21-08-2026 19:14:55","Please add following to be included in the SA but does not need to be visible in the paperwork - ""Environment left in safe working condition"" ""System left in Safe Condition"" - both yes/no - 

Not necessary but useful if possible - If No to either, can an email be sent to Chris Dall-Smith/Adam Ward/Tom Meredith notifying of the SA so we can investigate?",,"0055b00000REnyEAAT","6","4","0","0","Review - active workbook row but Salesforce closed"
"Errors & Just do its","16","00010341","Combine duplicate accounts","Data","Account","Design","JDI","Mindy Bender","500Ro000012TMYAIA4","Combine duplicate accounts","Claimed","False","Medium","Other","Account",,,"Julie Nickerson","13-07-2026 22:53:32","17-07-2026 23:07:37",,"Please combine accounts keeping C-016029 as the main account.",,"005Ro00000DkR8zIAF","4","1","0","0","Ready for case-level requirements analysis"
"Projects (Major and Minor)","69","00010361","Mark a product as exchange needed so when things are sold it's clear core needs to come back from customer","New/Edit Workflows, New/Edit Fields","Opportunities, Products/Assets","Requirement Gathering","S/M","Mindy Bender","500Ro000012fZt2IAE","PRODUCTS","Claimed","False","Medium","Salesforce Improvement","Product",,,"Gretchen Scarborough","15-07-2026 21:34:59","06-08-2026 05:07:28",,"adding a outright or exchange drop down choice in products",,"005Ro00000DkR8zIAF","3","2","0","0","Ready for case-level requirements analysis"
"Errors & Just do its","51","00010374","Can we alter the duration of ultrasound PPM service appointments to 2 hours rather than 4","New/Edit Workflows","Work Order, Service Appointment","?","JDI","Sacha Pearce","500Ro000012qKFoIAM","all ultrasound PPM service appointments are 4 hours","Claimed","False","Medium","Salesforce Improvement","Work Order",,,"Karla Stancombe","17-07-2026 16:16:34","17-07-2026 16:16:34",,"Can we alter the duration of ultrasound PPM service appointments to 2 hours rather than 4",,"0055b00000REnyEAAT","2","1","0","0","Ready for case-level requirements analysis"
"Errors & Just do its","17","00010377","Add ""No Budget"" as ready for closed lost in UK","Data","Opportunity","Build/Test/Deploy","JDI","Mindy Bender","500Ro000012rLaxIAE","Add No Budget to Reasons for Unqualified UK","Claimed","False","Medium","Administrative (Reports & Dashboards)","Lead",,,"Brian Gill","17-07-2026 19:11:18","17-07-2026 22:51:40",,"Please add ""No Budget"" as a Reasons for Unqualified when users unqualify a lead",,"005Ro00000DkR8zIAF","4","2","5","0","Ready for case-level requirements analysis"
"Projects (Major and Minor)","53","00010378","RMA Notification for Cores & Other new RMA fields","New/Edit Workflows, New/Edit Fields","RMA, Email Alerts","Requirement Gathering","M","Mindy Bender","500Ro000012rUMVIA2","RMA NOTIFICATION FOR CORES","Claimed","False","Medium","Salesforce Improvement","RMA",,,"Gretchen Scarborough","17-07-2026 19:57:06","17-07-2026 22:48:55",,"RMA NOTIFICATION FOR CORES",,"005Ro00000DkR8zIAF","4","2","4","0","Ready for case-level requirements analysis"
"Errors & Just do its","27","00010380","The Received Checkbox Workflow is currently inoperable; the previous workflow would check the ""Received Checkbox"" when a received date was entered. Can we restore this functionality.","BUG",,"Design","BUG","Natalie Boger","500Ro000012sIZNIA2","Received Checkbox Workflow","Claimed","False","Medium","Other","Asset2",,,"Blake Nielsen","17-07-2026 20:56:01","24-07-2026 20:48:52",,"The Received Checkbox Workflow is currently inoperable; the previous workflow would check the ""Received Checkbox"" when a received date was entered.  Can we restore this functionality.",,"0050B000006qIImQAM","2","1","0","0","Ready for case-level requirements analysis"
"Projects (Major and Minor)","96","00010381","Customer number to show on search screen","Search Layout","SearchLayout, Account","Requirement Gathering","S","Mindy Bender","500Ro000012vJgzIAE","customer number to show on search screen","Claimed","False","Medium","Other","OTHER",,,"Krystie Green","18-07-2026 05:22:02","25-07-2026 01:10:03",,"Customer number needed for visability",,"005Ro00000DkR8zIAF","2","1","0","0","Ready for case-level requirements analysis"
"Projects (Major and Minor)","77","00010387","Edit Close out for Travel Days","New/Edit Workflows","Work Order, Service Appointment","Not Yet Started","S/M","Sacha Pearce","500Ro0000131drXIAQ","Edit Close out for Travel Days","Closed","True","Medium","Salesforce Improvement","Field Service Lightning",,,"Tom Meredith","20-07-2026 19:04:14","21-08-2026 19:12:26","21-08-2026 19:12:26","Remove uneccessary fields to prevent duplication of appts or skewing uptime stats. Have so engineer clicks ""Travel Start"" (this autofills actual start) and when they close out ""engineer comments"" and ""actual end""",,"0055b00000REnyEAAT","4","3","0","0","Review - active workbook row but Salesforce closed"
"Projects (Major and Minor)","78","00010389","please add in the following fields, ""Tube count"" - units mAs example 47,114,788 mAs ... ""Gantry Revolutions"" - units Revs . Example 6,581,964 revs . ""Scans"" - units Patients . Example ""16,561 patients.""","New Fields","Maintenance Items","Not Yet Started","S/M","Sacha Pearce","500Ro0000132vkjIAA","Addition to CT PPM list","Claimed","False","Medium","Salesforce Improvement","Field Service Lightning",,,"Tom Meredith","20-07-2026 21:05:49","20-07-2026 21:05:49",,"please add in the following fields, ""Tube count"" - units mAs example 47,114,788 mAs ... ""Gantry Revolutions"" - units Revs . Example 6,581,964 revs .  ""Scans"" - units Patients . Example ""16,561 patients.""",,"0055b00000REnyEAAT","2","1","0","0","Ready for case-level requirements analysis"
"Errors & Just do its","10","00010390","Can't add lines to CM-0016776","Bug","Credit Memo","Bug","BUG","Mindy Bender","500Ro0000132AihIAE","CM-0016776","Closed","True","Medium","Salesforce Error","Intacct",,,"Michelle Amancio","20-07-2026 21:18:27","12-08-2026 19:23:09","12-08-2026 19:23:09","Cant add lines to CM",,"005Ro00000DkR8zIAF","5","2","0","0","Review - active workbook row but Salesforce closed"
"Errors & Just do its","52","00010393","PPM...Progress does not appear to save when completing checksheets","Bug","ServiceAppointment, Maintenance Item","Bug","BUG","Sacha Pearce","500Ro0000132k9SIAQ","PPM Checklist Save Progress FSL","Closed","True","Medium","Other","Work Order",,,"Chris Dall-Smith","20-07-2026 22:15:34","07-08-2026 20:35:00","07-08-2026 20:35:00","Progress does not appear to save when completing checksheets",,"0055b00000REnyEAAT","3","2","0","0","Review - active workbook row but Salesforce closed"
"Projects (Major and Minor)","112","00010409","Create a new SA button which will pre-populate info from WO simiar to WO from contract line","New/Edit Workflows","Work Order, Service Appointment","Not Yet Started","S","Sacha Pearce","500Ro000013F62rIAC","New SA Button","Claimed","False","High","Salesforce Improvement","Work Order",,,"Tom Meredith","22-07-2026 18:55:04","22-07-2026 18:55:43",,"To create a new SA Button which will pre populate the information from the WO it is being created from. (similar to how the Create UK Work Order works from the contract line)",,"0055b00000REnyEAAT","4","2","0","0","Ready for case-level requirements analysis"
"Errors & Just do its","18","00010414","Add Frank Kampy as option in equipment tab for allocated to.","Data","Equipment","Design","JDI","Mindy Bender","500Ro000013Fgw7IAC","new bin","Claimed","False","Medium","Other","OTHER",,,"Tyler Turley","22-07-2026 22:58:50","24-07-2026 19:25:42",,"Need to add Frank Kampy in to the Field Service Engineer location",,"005Ro00000DkR8zIAF","4","2","2","1","Ready for case-level requirements analysis"
"Errors & Just do its","54","00010415","Allow Jonah to change entity for Ops as he can't add assets due to entity not being in US","Validation Rules/Access","Opportunity, Entity","?","JDI","Mindy Bender","500Ro000013GqDJIA0","Entity","Claimed","False","Medium","Administrative (Reports & Dashboards)","Opportunity",,,"Terry Mascia","22-07-2026 23:07:53","07-08-2026 02:54:15",,"allow Jonah to change entity for op's , He cannot add assets at times due to entity not being US",,"005Ro00000DkR8zIAF","3","1","0","0","Ready for case-level requirements analysis"
"Projects (Major and Minor)","97","00010446","Add spot to record dims and weights on asset (L, W, H and Weight)","New/Edit Fields","Asset, Product","Requirement Gathering","S","Mindy Bender","500Ro000013crYxIAI","New Field For Shipment Dimensions","Claimed","False","Medium","Salesforce Improvement","Product",,,"Blake Nielsen","27-07-2026 22:35:00","28-07-2026 22:59:15",,"Team, we would like to add a New Field For Standard Shipment Dimensions at the product level; this field should allow us to enter the length, width, height and weight of the product as made ready to ship.",,"005Ro00000DkR8zIAF","3","2","0","0","Ready for case-level requirements analysis"
"Projects (Major and Minor)","89","00010447","Add RMA Core due date box on main PO","New/Edit Fields","Opportunity, RMA","Design","S","Mindy Bender","500Ro000013cBwLIAU","RMA CORE DUE DATE BOX","Claimed","False","Medium","Salesforce Improvement","Opportunity",,,"Gretchen Scarborough","27-07-2026 22:59:43","28-07-2026 22:58:43",,"RMA CORE DUE DATE BOX - can we add a RMA CORE DUE DATE BOX on the main PO  so we can run a report on those dates?",,"005Ro00000DkR8zIAF","3","2","0","0","Ready for case-level requirements analysis"
"Projects (Major and Minor)","97","00010464","Add spot to record dims and weights on asset (L, W, H and Weight)","New/Edit Fields","Asset, Product","Requirement Gathering","S","Mindy Bender","500Ro000013iqLkIAI","Dims and weight","Claimed","False","Medium","Salesforce Idea","Asset2",,,"Jasmine Dearth","28-07-2026 23:46:04","29-07-2026 01:43:00",,"Wanting to get a Dims and weight spot generated into the asset details, so we can enter dims and weights into the asset",,"005Ro00000DkR8zIAF","4","1","0","0","Ready for case-level requirements analysis"
"Errors & Just do its","19","00010489","New Service Contract email/notification off Carmen, add ar@probomedical.com","New/Edit Workflows","Email Alerts, Approvals","Build/Test/Deploy","JDI","Mindy Bender","500Ro000013wWrjIAE","Emails with Subject: New Service Contract Ready for Approval","Claimed","False","Medium","Other","OTHER",,,"Krystie Green","31-07-2026 02:49:03","04-08-2026 22:24:24",,"Please remove Carmen Montalvo <cmontalvo@probomedical.com> from receiving these and send them to ar@probomedical.com.  This email was sent from From: noreply@salesforce.com <noreply@salesforce.com> On Behalf Of Ashley Madson. Account: Siemens Healthcare L",,"005Ro00000DkR8zIAF","3","3","0","1","Ready for case-level requirements analysis"
"Projects (Major and Minor)","79","00010491","Add Support engineer so visible to enginner who they are attendng visit with","New/Edit Fields","Work Order, Service Appointment","Not Yet Started","S/M","Sacha Pearce","500Ro000013yhizIAA","adding of support engineer, so its visible to engineer who they are attending visit with","Claimed","False","Medium","Salesforce Improvement","Field Service Lightning",,,"Harriet Langley","31-07-2026 14:32:38","31-07-2026 14:32:38",,"adding of support engineer, so its visible to engineer who they are attending visit with",,"0055b00000REnyEAAT","2","1","0","0","Ready for case-level requirements analysis"
"Errors & Just do its","20","00010500","Vendor not synced to Intacct","Data","Account","Requirement Gathering","JDI","Mindy Bender","500Ro00001411iPIAQ","Vendor not synched to Inttact","Claimed","False","Medium","Other","Intacct",,,"Ana Serrano","31-07-2026 21:51:52","04-08-2026 22:53:57",,"Vendor not synched in Inttact",,"005Ro00000DkR8zIAF","4","2","3","0","Ready for case-level requirements analysis"
"Projects (Major and Minor)","87","00010510","Prevent updates to Item Receipts after Intacct Sync","Validation Rules/Access","Item Receipts","Design","S","Sacha Pearce","500Ro0000149QuxIAE","No edit once IRs sync","Closed","True","Medium","Salesforce Improvement","Item Receipt",,,"James Bevan-Jones","03-08-2026 18:18:23","07-08-2026 20:14:48","07-08-2026 20:14:48","the value of item receipts should no be able to be changed in SF once the IR has synced to Intacct",,"0055b00000REnyEAAT","3","2","0","0","Review - active workbook row but Salesforce closed"
"Projects (Major and Minor)","49","00010514","Automatic RMA creation for work orders","New/Edit Workflows","RMA, Work Order","Design","M","Mindy Bender","500Ro0000149IRCIA2","CORE EXCHANGE RMA NOT AUTOMATICALLY OPENING ON WO","Claimed","False","Medium","Salesforce Improvement","Work Order",,,"Ashley Madson","03-08-2026 20:12:40","04-08-2026 00:41:10",,"CAN WE TRIGGER THE CORE RMA TO OPEN ON WORK - WE MANAUALLY HAVE TO CREATE THEM NOW - NEED AUTOMATED FOR GE CONTRACT",,"005Ro00000DkR8zIAF","2","1","0","0","Ready for case-level requirements analysis"
"Projects (Major and Minor)","29","00010516","Scan bar code to update the current location field of an individual asset","New/Edit Workflows, New/Edit Fields","Asset, Location","Not Yet Started","L",,"500Ro000014Aty5IAC","Bar Code Scan location into ""Current Location"" field","Claimed","False","Medium","Salesforce Improvement","Asset2",,,"Richard Gerler","03-08-2026 21:16:00","12-08-2026 18:57:29",,"We need the ability to scan a bar code to update the current location field of an individual asset. There needs to be a data validation that it is a correct location from the location lists.",,"0050B000006qIImQAM","3","1","0","0","Ready for case-level requirements analysis"
"Errors & Just do its","21","00010517","Update Account/Ship Address","Data","Account","Not Started yet","JDI","Mindy Bender","500Ro000014Cb96IAC","Update Account Bill / Ship address","Claimed","False","Medium","Other","Account",,,"Matt Ehlke","04-08-2026 02:11:35","06-08-2026 01:29:47",,"The customer's address changed and the account needs updated for both billing/shipping address.

2021B Emmorton Rd, Suite 110
Bel Air, MD 21015",,"005Ro00000DkR8zIAF","4","2","1","0","Ready for case-level requirements analysis"
"Projects (Major and Minor)","88","00010535","Entity asset should match PO entity when created from PO","New/Edit Workflow","Opportunity, Assets","Design","S","Mindy Bender","500Ro000014NGalIAG","new asset creation for Probo Canada","Claimed","False","Medium","Salesforce Improvement","Asset2",,,"Nick Smitton","05-08-2026 21:28:54","06-08-2026 05:07:02",,"when creating a new asset for a Canadian purchasing opportunity the new asset is showing as a Probo US asset not Probo Canada",,"005Ro00000DkR8zIAF","2","2","11","0","Ready for case-level requirements analysis"
"Errors & Just do its","11","00010538","Remove ""Formerly Davis Medical"" on print DME Shipment Confirmation","New/Edit Workflows","Email Alerts?","Not Started yet","JDI","Mindy Bender","500Ro000014PHMFIA4","Removing ""Formerly Davis Medical""","Closed","True","High","Other","OTHER",,,"Erickson Naval","06-08-2026 01:32:55","07-08-2026 04:20:59","07-08-2026 04:20:59","Our team here at the San Diego Location are trying to remove the ""Formerly Davis Medical"" that always pop's up whenever we print the DME Shipment Confirmation. We want it to strictly say ""Probo Medical"" whenever we print our shipment confirmation page.",,"005Ro00000DkR8zIAF","5","5","1","0","Review - active workbook row but Salesforce closed"
"Projects (Major and Minor)","71","00010541","Sales appt lookup on teams case","New/Edit Workflows, new fields","Cases","Not Yet Started","S/M","Sacha Pearce","500Ro000014Rya3IAC","Sales appt look up on teams case","Closed","True","Medium","Salesforce Improvement","Field Service Lightning",,,"Harriet Langley","06-08-2026 18:28:08","07-08-2026 16:15:37","07-08-2026 16:15:37","Sales appt look up on teams case",,"0055b00000REnyEAAT","3","2","0","0","Review - active workbook row but Salesforce closed"
"Errors & Just do its","12","00010542","Add Jake St Germaine to Commission Shared",,,,,"Mindy Bender","500Ro000014SKcCIAW","Add Jake St. Germaine to Commission Shared with Drop down","Closed","True","Medium","Other","Opportunity",,,"Ashley Madson","06-08-2026 20:36:36","07-08-2026 02:53:24","07-08-2026 02:53:24","Add Jake St. Germaine to Commission Shared with Drop down bottom of opportunity under System Informtation",,"005Ro00000DkR8zIAF","4","2","0","0","Review - active workbook row but Salesforce closed"
"Projects (Major and Minor)","80","00010555","Return label tracking # added to shipment notification email","New/Edit Workflows","Email Alerts","Not Yet Started","S/M",,"500Ro000014j97fIAA","Return Label Tracking  - woudl be great if can do this in conjunction with Case 00010017","On Hold","False","Medium","Salesforce Improvement","Opportunity",,,"Matt Mooney","10-08-2026 20:29:10","12-08-2026 19:25:30",,"When we ship probes for sale on exchange or return a probe repair that has loaner, we usually include a return label for return of core or loaner to probo.  Is it possible to have that return tracking # added to the shipment notification e-mail from SFDC",,,"2","1","0","0","Ready for case-level requirements analysis"
"Projects (Major and Minor)","81","00010559","Prevent Support Engineer appointments pulling in Shipping Information from Parent SA","New/Edit Workflows","Service Appointment","Not Yet Started","S/M","Sacha Pearce","500Ro000014oOPJIA2","Prevent Support Engineer appointments pulling in Shipping Information from Parent SA.","Claimed","False","Medium","Salesforce Improvement","Field Service Lightning",,,"Tom Meredith","11-08-2026 16:24:23","11-08-2026 16:24:24",,"can we stop duplicate shipping info being pulled as it looks like the support eng also has parts to collect",,"0055b00000REnyEAAT","2","1","0","0","Ready for case-level requirements analysis"
"Projects (Major and Minor)","64","00010560","Update FSL mobile app view on Service Appointment","New/Edit Workflows","Work Order, Service Appointment","Not Yet Started","M","Sacha Pearce","500Ro000014oQB0IAM","Include Equipment Location within the address of the SA for FSL (on overview page)","Claimed","False","Medium","Salesforce Improvement","Field Service Lightning",,,"Tom Meredith","11-08-2026 16:37:18","11-08-2026 16:37:19",,"currently only states the address, but hospital name is not visible. alternatively lets discuss if this can be moved within WO and SA level. We also need to remopve a load of uneccessary fields from FSL view on the mobile app for SA/WO.",,"0055b00000REnyEAAT","2","1","0","0","Ready for case-level requirements analysis"
"Projects (Major and Minor)","113","00010632","Show Current Location on Opportunity Line Item (instead of Location/SubLocation)","Edit Fields & layouts","Opportunity Line Item","Not Yet Started","S","Mindy Bender","500jR000000I7uHQAS","Asset Location on Opps","Claimed","False","Medium","Salesforce Improvement","Opportunity",,,"Eric Szukis","20-08-2026 23:01:11","24-08-2026 20:39:16",,"Would like the current location shown on the products section of sales ops instead of location.  Have to click on each asset to get pick locations.",,"005Ro00000DkR8zIAF","3","2","0","0","Ready for case-level requirements analysis"
"Projects (Major and Minor)","66","00010649","Customer Persona required on all contacts (+add ""Call In"")","New/Edit Workflows","Contacts","Not Yet Started","M",,"500jR000000PdPbQAK","Make Customer Persona required field for contacts","Claimed","False","Medium","Salesforce Improvement","Contact",,,"Brian Gill","24-08-2026 21:59:54","24-08-2026 23:40:07",,"We would like to force new contacts to have a required field for Customer Persona. There is a picklist created for this. This would need to be required on the lead object so it doesn't error on conversion. All web leads require this field.",,"005Ro00000DkR8zIAF","3","1","4","0","Ready for case-level requirements analysis"
"Projects (Major and Minor)","66","00010650","Customer Persona required on all contacts (+add ""Call In"")","New/Edit Workflows","Contacts","Not Yet Started","M",,"500jR000000PXLnQAO","""call in"" as Customer Persona","Claimed","False","Medium","Administrative (Reports & Dashboards)","Contact",,,"Brian Gill","24-08-2026 22:02:26","24-08-2026 23:39:38",,"In creating Customer Persona as a rquired field, we may need to add ""Call In"" as Persona. Leads from CallRail will carry this Persona so it doesn't error on conversion. If it won't be necessary, we won't need this... I hope that makes sense!",,"005Ro00000DkR8zIAF","4","1","0","0","Ready for case-level requirements analysis"
