Id,Name,NamespacePrefix
0660B000000u9NzQAI,ApprovalForm,
0660B000000u9O0QAI,ApprovalFormAttachment,
0660B000000u9O1QAI,AuthenticationGoogleDrive,
0660B000000u9O2QAI,EmailNatalieVF,
0660B000000u9O3QAI,EmailSent,
0660B000000u9O4QAI,EvaluationNatalie,
0660B000000u9bhQAA,CommunitiesTemplate,
0660B000000u9biQAA,CommunitiesLogin,
0660B000000u9bjQAA,CommunitiesLanding,
0660B000000u9bkQAA,CommunitiesSelfReg,
0660B000000u9blQAA,CommunitiesSelfRegConfirm,
0660B000000u9eCQAQ,Initialize,RingCentral
0660B000000u9foQAA,NewLoaner,
0660B000000uAeKQAU,CustomSearchPage,
0660B000000uBADQA2,AddProductPortalPage,
0660B000000uBNCQA2,LegendForPortal,
0660B000000uBXlQAM,NewWarrantyOpp,
0660B000000uBZcQAM,WorkOrderVFPage,
0660B000000uBZdQAM,WorkOrderOpp,
0660B000000uCW7QAM,PardotAccountSendToPardot,pi
0660B000000uDjKQAU,NewOpp,
0660B000000uDs8QAE,NewRating,
0660B000000uE0WQAU,EvaluationPostRepair,
0660B000000uE0XQAU,NewOppStandard,
0660B000000uE0YQAU,RedirectEvaluation,
0660B000000uFapQAE,SourcingRequest,
0660B000000uFcvQAE,OpportunityShippingCheckList,
0660B000000uGB4QAM,ErrorMessage,
0660B000000uGjIQAU,Intro,osfb
0660B000000uGjJQAU,Subscription,osfb
0660B000000uGnPQAU,AccountJsonBuilder,pandadoc
0660B000000uGnQQAU,ChangeOpportunityStatusTriggerHandler,pandadoc
0660B000000uGnRQAU,CleanUp,pandadoc
0660B000000uGnSQAU,ConfigurePricingItems,pandadoc
0660B000000uGnTQAU,ConfigureRecipients,pandadoc
0660B000000uGnUQAU,CreateNewPandaDoc,pandadoc
0660B000000uGnVQAU,DocumentsActivityHandler,pandadoc
0660B000000uGnWQAU,LogsDownload,pandadoc
0660B000000uGnXQAU,OpportunityJsonBuilder,pandadoc
0660B000000uGnYQAU,PandaDoc,pandadoc
0660B000000uGnZQAU,PandaDocAccount,pandadoc
0660B000000uGnaQAE,PandaDocContact,pandadoc
0660B000000uGnbQAE,PandaDocDocumentTriggerHandler,pandadoc
0660B000000uGncQAE,PandaDocFilesTriggerHandler,pandadoc
0660B000000uGndQAE,PandaDocLead,pandadoc
0660B000000uGneQAE,PandaDocSetup,pandadoc
0660B000000uGnfQAE,StandardJsonBuilder,pandadoc
0660B000000uGngQAE,TriggerSettings,pandadoc
0660B000000uI5YQAU,MicroCampaignOpportunity,pi
0660B000000uI5ZQAU,MicroCampaignSingleCampaign,pi
0660B000000uI5aQAE,MicroCampaignSingleOpportunity,pi
0660B000000yGCQQA2,Phone_Numbers_Account,RingCentral
0660B000000yGCRQA2,Phone_Numbers_Contact,RingCentral
0660B000000yGCSQA2,Phone_Numbers_Lead,RingCentral
0660B000000yGCTQA2,Phone_Numbers_SMS_Account,RingCentral
0660B000000yGCUQA2,Phone_Numbers_SMS_Contact,RingCentral
0660B000000yGCVQA2,Phone_Numbers_SMS_Lead,RingCentral
0660B000000yGCWQA2,adminUI,RingCentral
0660B000000yGDTQA2,AddContactToList,pi
0660B000000yGDUQA2,AddLeadToList,pi
0660B000000yGDVQA2,AddPersonAccountToList,pi
0660B000000yGDWQA2,ApplicationConfiguration,pi
0660B000000yGDXQA2,EngageSalesTools,pi
0660B000000yGDYQA2,Error,pi
0660B000000yGDZQA2,LeadDeck,pi
0660B000000yGDaQAM,LeadDeckNotifier,pi
0660B000000yGDbQAM,LeadDeckTab,pi
0660B000000yGDcQAM,MarketingActionSummaryContact,pi
0660B000000yGDdQAM,MarketingActionSummaryLead,pi
0660B000000yGDeQAM,MarketingActionSummaryPersonAccount,pi
0660B000000yGDfQAM,MicroCampaignContact,pi
0660B000000yGDgQAM,MicroCampaignCustom,pi
0660B000000yGDhQAM,MicroCampaignLead,pi
0660B000000yGDiQAM,MicroCampaignPersonAccount,pi
0660B000000yGDjQAM,MicroCampaignSingleContact,pi
0660B000000yGDkQAM,MicroCampaignSingleLead,pi
0660B000000yGDlQAM,MicroCampaignSinglePersonAccount,pi
0660B000000yGDmQAM,OutlookAuth,pi
0660B000000yGDnQAM,OutlookCompose,pi
0660B000000yGDoQAM,PardotAccountListMembership,pi
0660B000000yGDpQAM,PardotAccountListMembershipMobile,pi
0660B000000yGDqQAM,PardotAccountSocialData,pi
0660B000000yGDrQAM,PardotAccountSocialDataMobile,pi
0660B000000yGDsQAM,PardotContactListMembership,pi
0660B000000yGDtQAM,PardotContactListMembershipMobile,pi
0660B000000yGDuQAM,PardotContactSocialData,pi
0660B000000yGDvQAM,PardotContactSocialDataMobile,pi
0660B000000yGDwQAM,PardotEmailSendRedirect,pi
0660B000000yGDxQAM,PardotLeadDeck,pi
0660B000000yGDyQAM,PardotLeadListMembership,pi
0660B000000yGDzQAM,PardotLeadListMembershipMobile,pi
0660B000000yGE0QAM,PardotLeadSocialData,pi
0660B000000yGE1QAM,PardotLeadSocialDataMobile,pi
0660B000000yGE2QAM,PardotSSOError,pi
0660B000000yGE3QAM,Pardot_Contact_Activities_Page,pi
0660B000000yGE4QAM,Pardot_Lead_Activities_Page,pi
0660B000000yGE5QAM,ProspectInsightAccountActivities,pi
0660B000000yGE6QAM,ProspectInsightAccountActivitiesMobile,pi
0660B000000yGE7QAM,ProspectInsightContactActivities,pi
0660B000000yGE8QAM,ProspectInsightContactActivitiesMobile,pi
0660B000000yGE9QAM,ProspectInsightLeadActivities,pi
0660B000000yGEAQA2,ProspectInsightLeadActivitiesMobile,pi
0660B000000yGEBQA2,SCE_LicenseAssignmentPage,pi
0660B000000yGECQA2,SalesEdgeReporting,pi
0660B000000yGEDQA2,SalespackLicenseError,pi
0660B000000yGEEQA2,filters,pi
0660B000000yGEFQA2,init,pi
0660B000000yGEGQA2,marketing_actions,pi
0660B000000yGEHQA2,visit,pi
0660B000000yGEIQA2,visitor,pi
0660B000000yGHaQAM,Pardot,pi
0660B000000yGHbQAM,SendPardotEmailContact,pi
0660B000000yGHcQAM,SendPardotEmailLead,pi
0660B000000yGnwQAE,SendToPardot,pi
0660B000000yHJYQA2,CustomerApprove,
0660B000000yHR3QAM,PardotCompatibleWithClickjack,pi
0660B000001QTD1QAO,SControlRedirect,pi
0660B000001QU3PQAW,DocTrained,
0664O000000lOuMQAU,BulkShipmentList,zkmulti
0664O000000lOuNQAU,BulkShipmentPrintLabel,zkmulti
0664O000000lOuOQAU,CancelConsolidation,zkmulti
0664O000000lOuPQAU,CancelPickup,zkmulti
0664O000000lOuQQAU,CloneCustomAddressSource,zkmulti
0664O000000lOuRQAU,ClonePickupCustomAddressSource,zkmulti
0664O000000lOuSQAU,Consolidation,zkmulti
0664O000000lOuTQAU,ConsolidationPrintLabel,zkmulti
0664O000000lOuUQAU,ConvertAttachmentPagePDF,zkmulti
0664O000000lOuVQAU,ConvertFilePagePDF,zkmulti
0664O000000lOuWQAU,CreateSignature,zkmulti
0664O000000lOuXQAU,CustomAddressSource,zkmulti
0664O000000lOuYQAU,CustomCarrierLabel,zkmulti
0664O000000lOuZQAU,CustomsItemData,zkmulti
0664O000000lOuaQAE,DisableEditCASPackagePage,zkmulti
0664O000000lOubQAE,EmailLabel,zkmulti
0664O000000lOucQAE,EmailLabelV2,zkmulti
0664O000000lOudQAE,EmailLabelV3,zkmulti
0664O000000lOueQAE,FedExUploadSignatureLetterHeadPage,zkmulti
0664O000000lOufQAE,FedexSmartPostClose,zkmulti
0664O000000lOugQAE,LightningWizard,zkmulti
0664O000000lOuhQAE,ManageCustomAddressSourceTab,zkmulti
0664O000000lOuiQAE,ManageDgHazmatTab,zkmulti
0664O000000lOujQAE,ManageMultiCarrierPreferenceTab,zkmulti
0664O000000lOukQAE,ManagePrinter,zkmulti
0664O000000lOulQAE,ManagePrinterRedirectPage,zkmulti
0664O000000lOumQAE,ManageShipmentTab,zkmulti
0664O000000lOunQAE,ManageShippingDocumentsTab,zkmulti
0664O000000lOuoQAE,MassPrintLabel,zkmulti
0664O000000lOupQAE,NewCheckpoint,zkmulti
0664O000000lOuqQAE,NewPickup,zkmulti
0664O000000lOurQAE,NewShipmentPickup,zkmulti
0664O000000lOusQAE,PackageData,zkmulti
0664O000000lOutQAE,PickupCustomAddressSource,zkmulti
0664O000000lOuuQAE,PopupPage,zkmulti
0664O000000lOuvQAE,Preference,zkmulti
0664O000000lOuwQAE,PrintLabel,zkmulti
0664O000000lOuxQAE,PrintersManager,zkmulti
0664O000000lOuyQAE,QrScan,zkmulti
0664O000000lOuzQAE,ScheduleTracking,zkmulti
0664O000000lOv0QAE,Settings,zkmulti
0664O000000lOv1QAE,ShipmentDelete,zkmulti
0664O000000lOv2QAE,ShipmentTrack,zkmulti
0664O000000lOv3QAE,ShipmentViewV1,zkmulti
0664O000000lOv4QAE,Tracking,zkmulti
0664O000000lOv5QAE,UPSShipmentLabelFilePDF,zkmulti
0664O000000lOv6QAE,UPSShipmentLabelPDF,zkmulti
0664O000000lOv7QAE,USPSConvertPNGEnvelope10ToPDF,zkmulti
0664O000000lOv8QAE,USPSConvertPNGEnvelope10ToPDFFile,zkmulti
0664O000000lOv9QAE,USPSShipmentLabelFilePDF,zkmulti
0664O000000lOvAQAU,USPSShipmentLabelPDF,zkmulti
0664O000000lOvBQAU,UpdateLicensePage,zkmulti
0664O000000lOvCQAU,VersionControl,zkmulti
0664O000000lOvDQAU,Wizard,zkmulti
0664O000000lOvEQAU,endiciaAccountStatus,zkmulti
0664O000000lOvFQAU,fedexGroundClose,zkmulti
0664O000000lOvGQAU,fedexVersionCapture,zkmulti
0664O000000lOvHQAU,preferenceDeletePage,zkmulti
0664O000000lOvIQAU,preventEditShipment,zkmulti
0664O000000lOvJQAU,preventEditShipmentSpecialServices,zkmulti
0664O000000lOvKQAU,registerFedExUser,zkmulti
0664O000000lOvLQAU,shipmentPrintableSummary,zkmulti
0664O000000lOvMQAU,smartPostHubIdList,zkmulti
0664O000000lOvNQAU,subscribeFedExAccount,zkmulti
0664O000000lOvOQAU,trackShipment,zkmulti
0664O000000lOwXQAU,ConfigureTokens,pandadoc
0664O000000lOwYQAU,ContactJsonBuilder,pandadoc
0664O000000lOwZQAU,LeadJsonBuilder,pandadoc
0664O000000lOyiQAE,NewRentalOpp,
0664O000000lQXIQA2,PD_Service_Object,
0664O000000lQXNQA2,PD_Contract,
0664O000000uPJzQAM,About,ortoo_e2a
0664O000000uPK0QAM,AddressLookup,ortoo_e2a
0664O000000uPK1QAM,AttachmentPickerDocument,ortoo_e2a
0664O000000uPK2QAM,AttachmentPickerFile,ortoo_e2a
0664O000000uPK3QAM,AttachmentPickerLocal,ortoo_e2a
0664O000000uPK4QAM,AttachmentPickerRelatedObject,ortoo_e2a
0664O000000uPK5QAM,BusinessUnit,ortoo_e2a
0664O000000uPK6QAM,CentralEmailStorageDetailPage,ortoo_e2a
0664O000000uPK7QAM,CentralEmailStorageDetailPageLiteEdit_1,ortoo_e2a
0664O000000uPK8QAM,CentralEmailStorageDetailPageLite_1,ortoo_e2a
0664O000000uPK9QAM,CloneActionRule,ortoo_e2a
0664O000000uPKAQA2,CloneEmailRule,ortoo_e2a
0664O000000uPKBQA2,CustomLookupPopup,ortoo_e2a
0664O000000uPKCQA2,DistributionList,ortoo_e2a
0664O000000uPKDQA2,DistributionListContacts,ortoo_e2a
0664O000000uPKEQA2,DistributionListUsers,ortoo_e2a
0664O000000uPKFQA2,DraftSelector,ortoo_e2a
0664O000000uPKGQA2,EmailClient,ortoo_e2a
0664O000000uPKHQA2,EmailClientInit,ortoo_e2a
0664O000000uPKIQA2,EmailClientLite_1,ortoo_e2a
0664O000000uPKJQA2,EmailHTMLBody,ortoo_e2a
0664O000000uPKKQA2,EmailServicesFunction,ortoo_e2a
0664O000000uPKLQA2,EmailServicesFunctionList,ortoo_e2a
0664O000000uPKMQA2,EmailToAnythingAuthorInit,ortoo_e2a
0664O000000uPKNQA2,FieldAssignment,ortoo_e2a
0664O000000uPKOQA2,GlobalSettings,ortoo_e2a
0664O000000uPKPQA2,Mass_Delete_Umatched_Emails,ortoo_e2a
0664O000000uPKQQA2,Match_Seleted,ortoo_e2a
0664O000000uPKRQA2,NewEmailMessageInit,ortoo_e2a
0664O000000uPKSQA2,OwnerAssignment,ortoo_e2a
0664O000000uPKTQA2,OwnerObjectChange,ortoo_e2a
0664O000000uPKUQA2,QueuedEmailMessageMatch,ortoo_e2a
0664O000000uPKVQA2,RedirectCentralEmailDetail,ortoo_e2a
0664O000000uPKWQA2,RegexGenerator,ortoo_e2a
0664O000000uPKXQA2,SendAnEmail,ortoo_e2a
0664O000000uPKYQA2,TagSettings,ortoo_e2a
0664O000000uPKZQA2,TemplateSelector,ortoo_e2a
0664O000000uPKaQAM,UnmatchedEmailDetail,ortoo_e2a
0664O000000uPKbQAM,UnmatchedEmailList,ortoo_e2a
0664O000000uPKcQAM,UserSettings,ortoo_e2a
0664O000000uPKdQAM,viewsourcepopup,ortoo_e2a
0664O000000yVJcQAM,AddProductLightning,
0664O000000yVJdQAM,NewOppLightning,
0664O000000ycGzQAI,addressValidation,AVA_MAPPER
0664O000000ycH4QAI,AvaTaxConfiguration,AVA_SFCLOUD
0664O000000ycH5QAI,AvaTaxSaveCertificate,AVA_SFCLOUD
0664O000000ycH6QAI,AvaTaxSaveSingleCustomer,AVA_SFCLOUD
0664O000000ycH7QAI,AvaTax_Save_Multiple_Customer,AVA_SFCLOUD
0664O000000ycH8QAI,AvaTax_Upload_Documents,AVA_SFCLOUD
0664O000000ycH9QAI,BulkBillingAddressValidation,AVA_SFCLOUD
0664O000000ycHAQAY,BulkShippingAddressValidation,AVA_SFCLOUD
0664O000000ycHBQAY,BulkTaxCodeUpdate,AVA_SFCLOUD
0664O000000ycHCQAY,FetchAvalaraTaxCodes,AVA_SFCLOUD
0664O000000ycHDQAY,InvalidateCertificate,AVA_SFCLOUD
0664O000000ycHEQAY,Opportunity_Calculate_Tax,AVA_SFCLOUD
0664O000000ycHFQAY,Order_Calculate_Tax,AVA_SFCLOUD
0664O000000ycHGQAY,Quote_Calculate_Tax,AVA_SFCLOUD
0664O000000ycHHQAY,UIMapper,AVA_SFCLOUD
0664O000000ycqRQAQ,Chargent_PermissionSet,ChargentBase
0664O000000ycqSQAQ,ScaCyberSource,ChargentBase
0664O000000ycqqQAA,Invoice_PDF,
0664O000000yd0rQAA,AddressValidationLex,AVA_MAPPER
0664O000000yd0sQAA,bulkAddressValidation,AVA_MAPPER
0664O000001AG0pQAG,RMA_Panda_Doc,
0664O000001F7ndQAC,Panda_Doc_Work_Order,
0664O000001F7pUQAS,AstropayResponse,ChargentBase
0664O000001F7pVQAS,ChargentAutomatedCollections,ChargentBase
0664O000001F7pWQAS,ChargentConfiguration,ChargentBase
0664O000001F7pXQAS,ChargentHelpPages,ChargentBase
0664O000001F7pYQAS,ChargentSetupPaymentRequest,ChargentBase
0664O000001F7pZQAS,ChargentSetupWizard,ChargentBase
0664O000001F7paQAC,InternalPayment,ChargentBase
0664O000001F7pbQAC,OrphanedTransactions,ChargentBase
0664O000001F7pcQAC,PaymentRequest,ChargentBase
0664O000001F7pdQAC,PaymentRequestModal,ChargentBase
0664O000001F7peQAC,PaymentRequestResult,ChargentBase
0664O000001F7pfQAC,SLDS_Template,ChargentBase
0664O000001F7pgQAC,SitePayment,ChargentBase
0664O000001F7phQAC,TChargentApiHelper,ChargentBase
0664O000001F7pjQAC,AuthorizeButton,ChargentOrders
0664O000001F7pkQAC,CardStatusIndicator,ChargentOrders
0664O000001F7plQAC,ChargeAuthTrxBtnPage,ChargentOrders
0664O000001F7pmQAC,ChargeButton,ChargentOrders
0664O000001F7pnQAC,ChargentOrderAction,ChargentOrders
0664O000001F7poQAC,CurrencyPicklist,ChargentOrders
0664O000001F7ppQAC,InternalPayment,ChargentOrders
0664O000001F7pqQAC,Partial_Refund,ChargentOrders
0664O000001F7prQAC,PaymentRequestModal,ChargentOrders
0664O000001F7psQAC,Payment_Console,ChargentOrders
0664O000001F7ptQAC,RefundButton,ChargentOrders
0664O000001F7puQAC,RefundTrxBtnPage,ChargentOrders
0664O000001F7pvQAC,Send_Payment_Request,ChargentOrders
0664O000001F7pwQAC,SitePayment,ChargentOrders
0664O000001F7pxQAC,TChargentApiHelper,ChargentOrders
0664O000001F7pyQAC,TransactionAction,ChargentOrders
0664O000001F7pzQAC,VoidButton,ChargentOrders
0664O000001F7q0QAC,VoidTrxBtnPage,ChargentOrders
0664O000001F7q3QAC,Chargent_Button_Creator,ChargentAnyObj
0664O000001F7q4QAC,Chargent_Metadata_Setup,ChargentAnyObj
0664O000001F7q5QAC,Chargent_Payment_Console,ChargentAnyObj
0664O000001F7q6QAC,Chargent_Send_Payment_Request,ChargentAnyObj
0664O000001F7q7QAC,Manual_Transaction_Buttons,ChargentAnyObj
0664O000001F7q8QAC,SLDS_Template,ChargentAnyObj
0664O000001F7qDQAS,Success,
0664O000001F7qIQAS,Fail,
0664O000001F7qNQAS,Cancel,
0664O000001F7qSQAS,PaymentRequest,
0664O000001F7rQQAS,Panda_Doc_Invoices,
0664O000001F8IXQA0,AddLineItem,
0664O000001F8OuQAK,AddAsset,
0664O000001F8OvQAK,BarcodeGenerator,
0664O000001F8OwQAK,PartsBarcode,
0664O000001F8jtQAC,managelookuprollupsummaries,dlrs
0664O000001F8juQAC,managetrigger,dlrs
0664O000001F8jvQAC,managetriggermdt,dlrs
0664O000001F8jwQAC,rollupcalculate,dlrs
0664O000001F8jxQAC,rollupcalculatemdt,dlrs
0664O000001F8jyQAC,rollupscheduledcalculate,dlrs
0664O000001F8jzQAC,rollupscheduledcalculatemdt,dlrs
0664O000001F8k0QAC,rollupsummaryenhanced,dlrs
0664O000001F8k1QAC,rollupsummaryenhancednew,dlrs
0664O000001F8k2QAC,rollupsummarylogdelete,dlrs
0664O000001F8k3QAC,welcome,dlrs
0664O000001F8k4QAC,welcometab,dlrs
0664O000001IPg8QAG,FSEEvaluation,
0664O000001IPgMQAW,CloneConsolidation,zkmulti
0664O000001IPgNQAW,EditDraftShipment,zkmulti
0664O000001IPgOQAW,ScheduleManager,zkmulti
0664O000001IPgRQAW,BillOfLadingPDFTemplatePage,zkmulti
0664O000001IPgSQAW,BulkPickupList,zkmulti
0664O000001IPgTQAW,CustomCarrierLabelEnvelope10,zkmulti
0664O000001IPgUQAW,EndiciaGetSCANPage,zkmulti
0664O000001IPgVQAW,PackingSlipPDFTemplatePage,zkmulti
0664O000001IPgWQAW,PackingSlipZPLTemplatePage,zkmulti
0664O000001IPgXQAW,PickupStatus,zkmulti
0664O000001IPgYQAW,UPSHazMatPDFTemplate,zkmulti
0664O000001IPgZQAW,WCBundle,zkmulti
0664O000001ISg9QAG,Credit_Memo_PDF,
0664O000001ISgiQAG,MassDeleteOLI,
0664O000001IT7lQAG,Field_Service_Report_PDF,
0664O000001ITlnQAG,WorkOrderGeneration,
0664O000001ITm2QAG,Preventative_Maintenance_Report_PDF,
0664O000001ITnPQAW,WorkOrderSubmitted,
0665b000000BJ3OAAW,PartPackingSlip,
0665b000000BJB8AAO,Service_Contract_Invoice_PDF,
0665b000000BJE2AAO,RMACoreExchange_pdf,
0665b000000BJHzAAO,NewStdWorkOrder,
0665b000000BJJvAAO,NewRMACreation,
0665b000000BJeyAAG,CMS_ContentTypeDetails_WrapperVFP,sflabs_cms_ct
0665b000000BJezAAG,CMS_ContentTypes_WrapperVFP,sflabs_cms_ct
0665b000000BJf0AAG,CMS_CreateContentType_WrapperVFP,sflabs_cms_ct
0665b000000BJf1AAG,CMS_EditContentType_WrapperVFP,sflabs_cms_ct
0665b000000BJp8AAG,MicrobatchSelfReg,
0665b000000BK56AAG,AdminCenter,rcsfl
0665b000000BK57AAG,AdminCenterHelper,rcsfl
0665b000000BK58AAG,Initialize,rcsfl
0665b000000BK59AAG,Initialize999,rcsfl
0665b000000BK5AAAW,OpenCTIIndex,rcsfl
0665b000000BK5BAAW,OpenCTIIndex500,rcsfl
0665b000000BK5CAAW,OpenCTIIndex999,rcsfl
0665b000000BK5DAAW,Phone_Numbers_Account,rcsfl
0665b000000BK5EAAW,Phone_Numbers_Account_999,rcsfl
0665b000000BK5FAAW,Phone_Numbers_Contact,rcsfl
0665b000000BK5GAAW,Phone_Numbers_Contact_999,rcsfl
0665b000000BK5HAAW,Phone_Numbers_Lead,rcsfl
0665b000000BK5IAAW,Phone_Numbers_Lead_999,rcsfl
0665b000000BK5JAAW,Phone_Numbers_SMS_Account,rcsfl
0665b000000BK5KAAW,Phone_Numbers_SMS_Account_999,rcsfl
0665b000000BK5LAAW,Phone_Numbers_SMS_Contact,rcsfl
0665b000000BK5MAAW,Phone_Numbers_SMS_Contact_999,rcsfl
0665b000000BK5NAAW,Phone_Numbers_SMS_Lead,rcsfl
0665b000000BK5OAAW,Phone_Numbers_SMS_Lead_999,rcsfl
0665b000000BK5PAAW,ScheduleMeetingAction,rcsfl
0665b000000BK5QAAW,SetupAssistant,rcsfl
0665b000000BK5RAAW,StartMeetingAction,rcsfl
0665b000000BK5SAAW,adminUI,rcsfl
0665b000000BK5TAAW,adminUI480,rcsfl
0665b000000BK5UAAW,adminUI999,rcsfl
0665b000000BK5VAAW,phoneReporter,rcsfl
0665b000000BKILAA4,SendEmailWorkOrderPDF,
0665b000000BKYjAAO,ATFAttachmentsToFiles,LEXMAGICMOVER
0665b000000BKYkAAO,NAMConfig,LEXMAGICMOVER
0665b000000BKYlAAO,NAMLastAttachments,LEXMAGICMOVER
0665b000000BKYmAAO,NAMLastConvertedDocuments,LEXMAGICMOVER
0665b000000BKYnAAO,NMTMetadata,LEXMAGICMOVER
0665b000000BKYoAAO,NMTNotesMigration,LEXMAGICMOVER
0665b000000BKfGAAW,ViewBarcode3,
0665b000000BKgOAAW,PPM_SRF,
0665b000000BKgdAAG,Service_Report_Form,
0665b000000BKpgAAG,CustomerForm,
0665b000000BKplAAG,ViewBarcodeFrance,
0665b000000BKq5AAG,RepairEvaluationToolQuote,
0665b000000BKv6AAG,CasExport,zkmulti
0665b000000BKv7AAG,CasImport,zkmulti
0665b000000BKv8AAG,ManifestPage,zkmulti
0665b000000BKv9AAG,MassCancelShipment,zkmulti
0665b000000BKvAAAW,NewDangerousGoods,zkmulti
0665b000000BKvBAAW,ShippingConsole,zkmulti
0665b000000BKvCAAW,HazMatDHLTemplate,zkmulti
0665b000000BKvDAAW,PackingSlipWithLabelTemplate,zkmulti
0665b000000BKvEAAW,UPSHazMatManifestPDFTemplate,zkmulti
0665b000000BKvtAAG,Invoice_UK_PDF,
0665b000000BKvyAAG,Credit_Memo_UK_PDF,
0665b000000BKwcAAG,RepairEvaluationToolApproval,
0665b000000BKwmAAG,Rental_Invoice_UK_PDF,
0665b000000BKwrAAG,Pro_Forma_Invoice_UK_PDF,
0665b000000BKz2AAG,PartsBarcode_UK,
0665b000000BL0UAAW,BarcodeGeneratorUK,
0665b000000BL0ZAAW,ViewBarcodeTestUK,
0665b000000BL1wAAG,WorkOrderShippingCheckList,
0665b000000Gh63AAC,API_Session_Helper,cterminal
0665b000000Gh64AAC,SLDS_Template,cterminal
0665b000000Gh65AAC,PostInstall,cterminal
0665b000000Gh66AAC,Terminal_Configuration,cterminal
0665b000000Gh6BAAS,ChargentSetupMultiplePayment,ChargentBase
0665b000000Gh6GAAS,BankAccountStatusIndicator,ChargentOrders
0665b000000Ghc3AAC,GenerateSessionIdForLWC,usf3
0665b000000Ghc8AAC,fsc_screenFlow,
0665b000000GjM2AAK,AboutPage,DownloadFiles
0665b000000GjM3AAK,DownloadPageForLightning,DownloadFiles
0665b000000GjM4AAK,MassFileDownload,DownloadFiles
0665b000000GjWWAA0,TestEvaluationNatalie,
0665b0000037UpmAAE,ViewBarcodeUK,
0665b0000037Uy6AAE,ExternalRepairEvaluationToolQuote,
0665b000003S2eqAAC,ChargentPaymentMethods,ChargentBase
0665b000003S2erAAC,ChargentLogsReportInPaymentMethodRecord,ChargentBase
0665b000003S2esAAC,ChargentLogsReportInTokenRecord,ChargentBase
0665b000003S2oDAAS,ZoomInfoAccountInline,DOZISF
0665b000003S2oEAAS,ZoomInfoContactInline,DOZISF
0665b000003S2oFAAS,ZoomInfoLeadInline,DOZISF
0665b000003S2oGAAS,ZoomInfoMainFrame,DOZISF
0665b000003S2qTAAS,Chargent_Orders_Help,ChargentOrders
0665b000003S2qUAAS,Chargent_Transaction_Help,ChargentOrders
0665b000003S2vxAAC,DME_Shipping_Confirmation,
0665b000003S2w2AAC,DMEShippingConfirmation2,
066Ro0000000Ue1IAE,Invoice_PDF_Rental,
066Ro0000000UqvIAE,Invoice_Service_Contract_PDF,
066Ro0000000lrlIAA,AddCustomerToCertCapture,AVA_SFCLOUD
066Ro0000000lrmIAA,SaveTaxExemption,AVA_SFCLOUD
066Ro0000000lrnIAA,SaveToAvaTaxDeprecated,AVA_SFCLOUD
066Ro0000000lroIAA,SaveUploadInvalidateDeprecated,AVA_SFCLOUD
066Ro0000000nrxIAA,Chargent_Payment_Methods_Help,ChargentBase
066Ro0000000nvBIAQ,Chargent_Payment_Request_Help,ChargentOrders
066Ro0000001Cf3IAE,EmailEvalPDF,
066Ro0000001FWTIA2,EvaluationPDF,
066Ro0000003ZfZIAU,CustomerFormEndoscopy,
066Ro0000009IYnIAM,FSLGanttMapSF,FSL
066Ro0000009IYoIAM,FSLGanttMapSFDev,FSL
066Ro0000009IYpIAM,vf0018_ResourceLB_RelatedLists,FSL
066Ro0000009IYqIAM,vf004_ResourceChatter,FSL
066Ro0000009IYrIAM,vf005_AbsenceChatter,FSL
066Ro0000009IYsIAM,vf017_IncompleteReason,FSL
066Ro0000009IYtIAM,vf0993_ServiceChatter,FSL
066Ro0000009IYuIAM,vf0994_WorkWorderLineItemRelatedLists,FSL
066Ro0000009IYvIAM,vf0996_WorkOrderChatter,FSL
066Ro0000009IYwIAM,vf0997_WorkOrderLineItemChatter,FSL
066Ro0000009IYxIAM,AppointmentBookingCommunitiesVf,FSL
066Ro0000009IYyIAM,AppointmentBookingVf,FSL
066Ro0000009IYzIAM,CrewManagement,FSL
066Ro0000009IZ0IAM,CrewsResourceLightbox,FSL
066Ro0000009IZ1IAM,CrewsSaLightbox,FSL
066Ro0000009IZ2IAM,CrewsWorkorderLightbox,FSL
066Ro0000009IZ3IAM,CrewsWorkorderLineItemLightbox,FSL
066Ro0000009IZ4IAM,EmergencyLightbox,FSL
066Ro0000009IZ5IAM,EmergencyWizard,FSL
066Ro0000009IZ6IAM,FilterEditor,FSL
066Ro0000009IZ7IAM,GanttPalette,FSL
066Ro0000009IZ8IAM,GetCandidates,FSL
066Ro0000009IZ9IAM,Integrity_Checker,FSL
066Ro0000009IZAIA2,OnboardingWizard,FSL
066Ro0000009IZBIA2,ResourceUnited,FSL
066Ro0000009IZCIA2,Vf001GroupOnWorkRules,FSL
066Ro0000009IZDIA2,Vf002GroupOnObjectives,FSL
066Ro0000009IZEIA2,vf0008_BundlerDetailsLightBox,FSL
066Ro0000009IZFIA2,vf001_ServiceExpert,FSL
066Ro0000009IZGIA2,vf001_optimizationViewer,FSL
066Ro0000009IZHIA2,vf002_ServiceExpertLightboxForm,FSL
066Ro0000009IZIIA2,vf002_ServiceExpertLightboxForm_Edit,FSL
066Ro0000009IZJIA2,vf011_ResourceLightboxForm,FSL
066Ro0000009IZKIA2,vf012_AbsenceLightboxForm,FSL
066Ro0000009IZLIA2,vf012_AbsenceLightboxForm_Edit,FSL
066Ro0000009IZMIA2,vf015_ChangeServiceStatus,FSL
066Ro0000009IZNIA2,vf016_CompletionForm,FSL
066Ro0000009IZOIA2,vf017_AccountLightbox,FSL
066Ro0000009IZPIA2,vf023_CalendarEditor,FSL
066Ro0000009IZQIA2,vf034_Skill_Selector_V2_Resource_Page,FSL
066Ro0000009IZRIA2,vf038_Skill_Selector_V2_WorkOrder_Page,FSL
066Ro0000009IZSIA2,vf039_Skill_Selector_V2_WorkType_Page,FSL
066Ro0000009IZTIA2,vf040_Skill_Selector_V2_WOLI_Page,FSL
066Ro0000009IZUIA2,vf066_settings,FSL
066Ro0000009IZVIA2,vf078_CapacityCalendar,FSL
066Ro0000009IZWIA2,vf079_ResourceCalendar,FSL
066Ro0000009IZXIA2,vf0995_WorkWorderRelatedLists,FSL
066Ro0000009IZYIA2,vf0998_WorkOrderLineItemLightbox,FSL
066Ro0000009IZZIA2,vf0998_WorkOrderLineItemLightbox_Edit,FSL
066Ro0000009IZaIAM,vf0999_WorkOrderLightbox,FSL
066Ro0000009IZbIAM,vf0999_WorkOrderLightbox_Edit,FSL
066Ro0000009IZcIAM,vf103_SchedulePolicyChart,FSL
066Ro0000009IZdIAM,vf112_ResourcePriorityFieldChooser,FSL
066Ro0000009IZeIAM,vf739_ComplexWork,FSL
066Ro0000009IZfIAM,vf_EnhancedMatchRule,FSL
066Ro000000DrHpIAK,EvaluationEndoscopy,
066Ro000000VnyvIAC,WorkOrderProgressNotes,
066Ro000000Wr2nIAC,EvaluationPostRepairSummary,
066Ro000000ZZhFIAW,QCRigidCertificatePDF,
066Ro000000ZZhGIAW,FlexQCReportPDF,
066Ro000000ZZhHIAW,RepairEvaluationPDF,
066Ro000000ZZhIIAW,SaveFlexQCPDF,
066Ro000000ZZhJIAW,SaveRepairEvalPDF,
066Ro000000ZZhKIAW,UploadBeforeAfterProductTestImages,
066Ro000000b9vZIAQ,RigidQCReportPDF,
066Ro000000b9vaIAA,RigidRepairEvaluationPDF,
066Ro000000b9vbIAA,SaveRigidQCPDF,
066Ro000000b9vcIAA,SaveRigidRepairEvalPDF,
066Ro000000eU0zIAE,Probo_FieldServiceReport,
066Ro000000g5bBIAQ,ViewBarcodeList,
066Ro000000jhbtIAA,CloneThisUser,ctu
066Ro000000jhbuIAA,CloneThisUserList,ctu
066Ro000000jhbvIAA,CloneThisUserSettings,ctu
066Ro000000jhbwIAA,CloneThisUserSuccess,ctu
066Ro000000lGpJIAU,QCReportPDF,
066Ro000000lGpKIAU,SaveQCPDF,
066Ro000000lGpLIAU,SaveWorkRequestPDF,
066Ro000000lGpMIAU,WorkRequestPDF,
066Ro000000nBQXIA2,Migration,zkmulti
066Ro000000om6HIAQ,MassPrintBarcodes,
066Ro000000r3uDIAQ,RollupSummaryView,dlrs
066Ro000000r3uEIAQ,managelookuprollupsummaries_New,dlrs
066Ro000000rBrlIAE,PMR_US_Report,
066Ro000000rihFIAQ,HSClassify,AVA_SFCLOUD
066Ro000000rmzNIAQ,FSL_US_ServiceReport,
066Ro000000seBlIAI,StripeOAuthCallback,ChargentBase
066U0000000gfmwIAA,SiteRegister,
066U0000000gfmxIAA,ChangePassword,
066U0000000gfmyIAA,ForgotPassword,
066U0000000gfmzIAA,SiteLogin,
066U0000000gfn0IAA,ForgotPasswordConfirm,
066U0000000gfn1IAA,SiteRegisterConfirm,
066U0000000gfn2IAA,MyProfilePage,
066U0000000gfn3IAA,StdExceptionTemplate,
066U0000000gfn4IAA,SiteTemplate,
066U0000000gfn5IAA,FileNotFound,
066U0000000gfn6IAA,BandwidthExceeded,
066U0000000gfn7IAA,Exception,
066U0000000gfn8IAA,InMaintenance,
066U0000000gfn9IAA,Unauthorized,
066U0000000gfnAIAQ,UnderConstruction,
066U0000000gfnBIAQ,IdeasHome,
066U0000000gfnCIAQ,AnswersHome,
066U0000000gy3DIAQ,AddProductPage,
066U0000000gy3EIAQ,Barcode,
066U0000000gy3FIAQ,QRCode,
066U0000000gy3GIAQ,Viewbarcode2,
066U0000000h2ygIAA,OpenCTIIndex,RingCentral
066U0000000h68eIAA,Producttest,
066U0000000h6kKIAQ,OpportunityPage,
066U0000000kkVtIAI,MassEditAccount,
066U0000000kkVuIAI,MassEditAsset,
066U0000000kkVvIAI,MassEditCampaign,
066U0000000kkVwIAI,MassEditCase,
066U0000000kkVxIAI,MassEditContact,
066U0000000kkVyIAI,MassEditContract,
066U0000000kkVzIAI,MassEditLead,
066U0000000kkW0IAI,MassEditOpp,
066U0000000kkW1IAI,MassEditProduct,
066U0000000kkW2IAI,MassEditSolution,
066U0000000kkW3IAI,MassUpdateAccount,
066U0000000kkW4IAI,MassUpdateAsset,
066U0000000kkW5IAI,MassUpdateCampaign,
066U0000000kkW6IAI,MassUpdateCase,
066U0000000kkW7IAI,MassUpdateContact,
066U0000000kkW8IAI,MassUpdateContract,
066U0000000kkW9IAI,MassUpdateLead,
066U0000000kkWAIAY,MassUpdateOpportunity,
066U0000000kkWBIAY,MassUpdateProduct2,
066U0000000kkWCIAY,MassUpdateSolution,
066U0000000kkWDIAY,Template_MassEditCustomObject,
066U0000000kkWEIAY,Template_MassUpdateCustomObject,
066U0000000yCdcIAE,MoveLocationPage,
066U0000000yCddIAE,RMAList,
066U0000000yCdeIAE,ReviewStatusPage,
