Id,Name
0H40B000000PJT2SAO,Form Integration
0H40B000000TVPUSA4,Pardot_to_SF_Integration_Secure_Connected_App
0H40B000000TVPVSA4,b2bma_canvas
0H40B000000TVQwSAO,MedCorp Form Integration
0H40B000000TVVmSAO,PandaDoc OAuth2
0H40B000000fyc5SAA,Pardot + Salesforce Connector
0H40B000000fycySAA,B2B MA Integration App
0H40B000000fyeuSAA,Simple Apps Script Upload App
0H44O0000004JuKSAU,SalesforceA for Android
0H44O0000004JuLSAU,SalesforceA for iOS
0H44O000000kCH7SAM,Form Integration KPI
0H45b000000Gu86CAC,LinkPoint360
0H45b000000Gw6HCAS,Gravity Forms
0H45b000000GxF5CAK,Salesforce_to_SalesforceIQ_Secure_Connected_App
0H45b000000GxFKCA0,OIQ_Integration
0H45b000000GzmaCAC,Zenkraft Multi-Carrier
0H45b000000H1nGCAS,Gravity Forms - UK
0H45b000000LBX2CAO,Gravity Forms - UK Vet
0H4Ro0000000fMXKAY,Salesforce Field Service for Android
0H4Ro0000000fMYKAY,Salesforce Field Service for iOS
0H4U00000004IZdKAM,Dataloader Bulk
0H4U00000004IZeKAM,Dataloader Partner
0H4U00000004IZfKAM,Force.com IDE
0H4U00000004IZgKAM,Ant Migration Tool
0H4U00000004IZhKAM,Salesforce Mobile Dashboards
0H4U00000004IZiKAM,Salesforce Touch
0H4U00000004IZjKAM,Salesforce for Outlook
0H4U00000004IZkKAM,Workbench
0H4U0000000L58uKAC,Chatter Desktop
0H4U0000000L58vKAC,Salesforce for Android
0H4U0000000L58wKAC,Chatter Mobile for BlackBerry
0H4U0000000L58xKAC,Salesforce for iOS
0H4U0000000L58yKAC,Salesforce Chatter
0H4U0000000L58zKAC,SalesforceA
0H4U0000000L590KAC,Salesforce Files
0H4jR0000000KLJSA2,Workato connector
