DurableId,QualifiedApiName,Label
ContentWorkspaceDoc,ContentWorkspaceDoc,Library Document
GoogleDoc,GoogleDoc,Google Doc
PushTopic,PushTopic,Push Topic
Topic,Topic,Topic
EngagementTopic,EngagementTopic,Engagement Topic
DataAssessmentMetric,DataAssessmentMetric,Data Assessment Metric
DataAssessmentFieldMetric,DataAssessmentFieldMetric,Data Assessment Field Metric
DataAssessmentValueMetric,DataAssessmentValueMetric,Data Assessment Field Value Metric
ScorecardMetric,ScorecardMetric,Scorecard Metric
OrgMetric,OrgMetric,Org Metric
MLModelMetric,MLModelMetric,ML Model Metric
MobileSecurityUserMetric,MobileSecurityUserMetric,Mobile Security User Metric
PlatformEventUsageMetric,PlatformEventUsageMetric,Platform Event Usage Metric
ConvDefDialogDailyMetric,ConvDefDialogDailyMetric,Conversation Definition Dialog Daily Metric
ConvDefDialogHourlyMetric,ConvDefDialogHourlyMetric,Conversation Definition Dialog Hourly Metric
NetworkFeedResponseMetric,NetworkFeedResponseMetric,Network Feed Response Metric
ActiveFeatureLicenseMetric,ActiveFeatureLicenseMetric,Active Feature License Metric
ActivePermSetLicenseMetric,ActivePermSetLicenseMetric,Active Permission Set License Metric
ActiveProfileMetric,ActiveProfileMetric,Active Profile Metric
ConvDefSessionMetric,ConvDefSessionMetric,Conversation Definition Session Metric
MlFeatureValueMetric,MlFeatureValueMetric,ML Feature Value Metric
RecordActnSelItemExtrc,RecordActnSelItemExtrc,Record Action Selectable Item Extract
SvcProcProdCatgProdExtrc,SvcProcProdCatgProdExtrc,Service Process Product Category Product Extract
AnalyticsDashboardViewSpec,AnalyticsDashboardViewSpec,Analytics Dashboard Custom View Spec
01IU0000000CMFU,abc__c,abc
01I0B000000xO99,cloudx_cms__SS_Carousel_Slide__c,Carousel Slide
01I0B000000xO9A,cloudx_cms__SS_Carousel__c,Carousel
01IU0000000CWz8,Product_Repair__c,Product Repair
01IU0000000t8fI,Move_Location__c,Move Location
01IU0000000ocuk,RingCentral__KeyStorage__c,KeyStorage
01IU0000000oYvo,ProductItem__c,Asset2
01I4O000000pDYO,Vendor_Sourcing__c,Vendor Sourcing
01I0B000000xOR8,Work_Order__c,Shop Work Order
01I0B000000xPjr,Ratings__c,Rating
01I0B000000xQTp,Sourcing_Request_Item__c,Sourcing Request Item
01I0B000000xR98,pandadoc__DocStatus__c,Doc Status
01I0B000000xR99,pandadoc__PandaDocDocument__c,PandaDoc Document
01I0B000000xR9A,pandadoc__PandaDocLog__c,PandaDoc Log
01I0B000000xR9B,pandadoc__PandaDoc_JsonBulder_Mapping__c,PandaDoc JsonBuilder Mapping
01I0B000000xR9C,pandadoc__Pricing_Item_Mapping__c,Pricing Item Map
01I0B000000xR9D,pandadoc__Recipient_Map__c,Recipient Map
01I0B000000xR9E,pandadoc__Settings__c,PandaDoc Settings
01I0B000000xR9F,pandadoc__TriggerSetting__c,Trigger Setting
01I5b0000021zxY,ChargentBase__Log__c,Chargent Log
01IRo000001l7qH,Vendor_Payment_Request__c,Vendor Payment Request
01IRo000001x2lB,Product_Test_Line_Item__c,Product Test Line Item
01IRo000002CkXV,FSL__Crew_Management_User_Settings_Territory__c,Crew Management User Settings Territory
01IRo000002CkXW,FSL__Crew_Management_User_Settings__c,Crew Management User Settings
01IRo000002CkXX,FSL__Criteria__c,Criteria
01IU0000000ofKa,ProductTestData__c,ProductTestData
01IU0000000ofKb,ProductTest__c,ProductTest
01IU0000000ofKc,RecordType__c,Record_Type
01I4O000001MAas,zkmulti__CommercialInvoice__c,Commercial Invoice
01I4O000001MAat,zkmulti__CustomSetting__c,Custom Setting
01IU0000000omZU,RMA__c,RMA
01IU0000000t8fJ,Review_Status__c,Review Status
01I0B000000tBNK,RingCentral__AdminSetting__c,AdminSetting
01I0B000000tBO3,pi__AsyncRequest_Settings__c,Public Setting for AsyncRequests
01I0B000000tBO4,pi__AsyncRequest__c,AsyncRequest
01I0B000000tBO5,pi__Category_Contact_Score__c,Pardot Category Score (Contact)
01I0B000000tBO6,pi__Category_Lead_Score__c,Pardot Category Score (Lead)
01I0B000000tBO8,pi__EngageCampaignRecipient__c,Engage Campaign Recipient
01I0B000000tBOA,pi__LDFilter__c,Lead Deck Filter
01I0B000000tBOB,pi__ObjectChangeLog__c,ObjectChangeLog
01I0B000000tBOC,pi__PardotTask__c,Pardot Task
01I0B000000tBOF,pi__Pardot_Scoring_Category__c,Pardot Scoring Category
01I0B000000tBOG,pi__Partner_Settings__c,Partner Settings
01I0B000000tBOI,pi__Trigger_Settings__c,Public Setting for LogObjectTrigger
01I4O000001MAau,zkmulti__DangerousGoodsDetails__c,Dangerous Goods Details (Deprecated)
01I4O000001MAav,zkmulti__Detail_Field__c,Detail Field
01I4O000001MAax,zkmulti__EEIForm__c,EEI Form
01I0B000000tC15,RepairEvalSetting__c,Repair Evaluation Setting
01I0B000001I0ef,pi__Demo_Settings__c,Demo Settings
01I5b0000021zxa,ChargentBase__Payment_Method__c,Chargent Payment Method
01I5b0000021zxd,ChargentBase__Token__c,Chargent Token
01I5b000002202a,DOZISF__Complete_Setting__c,Complete Setting
01I5b000002202c,DOZISF__ZoomInfo_Intent__c,ZoomInfo Intent
01I5b000002202d,DOZISF__ZoomInfo_Scoop__c,ZoomInfo Scoop
01I5b000002202e,DOZISF__ZoomInfo__c,ZoomInfo
01I5b000002205o,AVA_MAPPER__AvaTax_Log__c,AvaTax Log
01IRo000000jNdC,AVA_SFCLOUD__AvaTax_Mapping__c,AvaTax Mapping
01IRo00000101Er,Class_Attendee__c,Class Attendee
01IRo00000101Es,Training_Class__c,Training Class
01IRo000001WKO1,Customer_Equipment__c,Customer Equipment
01IRo000002CkXh,FSL__FSL_Operation__c,FSL Operation
01I0B000001I2SW,Calibration__c,Calibration
01I0B000001I2SX,Equipment__c,Equipment
01I0B000001I2SY,Preventive_Maintenance__c,Preventive Maintenance
01I0B000001I2UN,Document_Trained_Person__c,Document Trained Person
01I0B000001I2UO,Group_Trained_Person__c,Group Trained Person
01I0B000001I2UP,Hands_On_Trained_Person__c,Hands On Trained Person
01I0B000001I2UQ,Training_Item__c,Training Item
01I0B000001I2VB,CAPA_Action_Plan__c,CAPA Action Plan
01I0B000001I2VC,CAPA_Action__c,CAPA Action
01I0B000001I2VD,CAPA__c,CAPA
01I0B000001I2VE,Complaint__c,Complaint
01IRo000002CkXl,FSL__GanttPalette__c,Gantt Palette
01IRo000002CkXm,FSL__Gantt_Filter__c,Gantt Filter
01I0B000000xMlQ,Prototype__c,Prototype
01I0B000000xN30,Evaluation_Natalie__c,Evaluation
01I4O000001MAay,zkmulti__ExportDetails__c,Export Details
01I4O000001MAaz,zkmulti__FedExSmartPostDetails__c,SmartPost Details
01I4O000001MAb0,zkmulti__HazMatCommodity__c,HazMat Commodity (Deprecated)
01I4O000001MAb1,zkmulti__HazMatContainer__c,HazMat Container (Deprecated)
01I4O000001MAb2,zkmulti__HazMatDetails__c,Dangerous Goods
01I4O000001MAb3,zkmulti__MCBulk_Shipment_Status__c,Bulk Shipment Status
01I4O000001MAb4,zkmulti__MCBulk_Shipment__c,Bulk Shipment
01I4O000001MAb5,zkmulti__MCCheckpoint__c,Checkpoint
01I4O000001MAb6,zkmulti__MCCustom_Address_Source_Field__c,Custom Address Source Field
01I4O000001MAb7,zkmulti__MCCustom_Address_Source_Package__c,Custom Address Source Package
01I4O000001MAb8,zkmulti__MCCustom_Address_Source__c,Custom Address Source
01I4O000001MAb9,zkmulti__MCCustoms_Item__c,Product
01I4O000001MAbA,zkmulti__MCPackageCheckpoint__c,Package Checkpoint
01I4O000001MAbB,zkmulti__MCPackage__c,Package
01I4O000001MAbC,zkmulti__MCPickup__c,Pickup
01I4O000001MAbD,zkmulti__MCPrintServiceSettings__c,Zenkraft Print Settings (Deprecated)
01I4O000001MAbE,zkmulti__MCQueued_Customs_Item__c,Return Line
01I4O000001MAbF,zkmulti__MCQueued_Package__c,Queued Package
01I4O000001MAbG,zkmulti__MCQueued_Shipment_Special_Services__c,Queued Shipment Special Services
01I4O000001MAbH,zkmulti__MCQueued_Shipment_Status__c,Bulk Pickup Status
01I4O000001MAbI,zkmulti__MCQueued_Shipment__c,Return
01I4O000001MAbJ,zkmulti__MCShipmateScheduledJobsSettings__c,Zenkraft Scheduled Jobs (Deprecated)
01I4O000001MAbK,zkmulti__MCShipmate_Preference__c,Shipping Preference
01I4O000001MAbL,zkmulti__MCShipmentInfo__c,Shipment Info
01I4O000001MAbM,zkmulti__MCShipment_Special_Services__c,Shipment Special Services
01I4O000001MAbN,zkmulti__MCShipment__c,Shipment
01I4O000001MAbO,zkmulti__MCUser_Printer__c,User Printer
01I4O000001MAbP,zkmulti__MultiPackageShipment__c,Consolidation
01I4O000001MAbQ,zkmulti__NaftaCo__c,USMCA CO
01I4O000001MAbR,zkmulti__OtherSetting__c,Zenkraft Other Setting
01I4O000001MAbS,zkmulti__PermissionSetting__c,Permission Setting
01I4O000001MAbT,zkmulti__Pickup_Custom_Address_Source__c,Pickup Custom Address Source
01I4O000001MAbU,zkmulti__PrintHistory__c,Print History
01I4O000001MAbV,zkmulti__ProFormaInvoice__c,Pro Forma Invoice
01I4O000001MAbW,zkmulti__RequestedShipmentDocuments__c,Requested Shipment Documents
01I4O000001MAbX,zkmulti__ShipmateGeneralSettings__c,Zenkraft General Settings (Deprecated)
01I4O000001MAbZ,zkmulti__ShipmateServicesSettings__c,Zenkraft FedEx Services Settings
01I4O000001MAbb,zkmulti__Shipmate_Preference_Info__c,Shipping Preference Info
01I4O000001MAbc,zkmulti__Shipment_Field__c,Shipment Field
01I4O000001MAbe,zkmulti__Shipment_Status__c,Shipment Status
01I4O000001MAbf,zkmulti__Visibility_Suite__c,Branded Tracking
01I4O000001MAcs,pandadoc__Object_Tokens__c,Object Tokens
01I4O000001MAej,Service_Contract_Coverages__c,Service Contract Coverage
01I4O0000019r5L,Custom_Satisfaction_Survey__c,Customer Satisfaction Survey
01I4O000000neOw,Intercompany_Transfer_DNU__c,Intercompany Transfer (Legacy - DNU)
01I4O000000neR9,ChargentBase__Chargent_Settings__c,Chargent Settings
01I4O000000neRA,ChargentBase__Country_Mapping__c,Country Mapping
01I4O000000neRB,ChargentBase__Custom_Gateway__c,Custom Gateway
01I4O000000neRE,ChargentBase__Gateway__c,Gateway
01I4O000000neT3,Invoice__c,Invoice
01I4O000000neo6,Loaner__c,Loaner
01I4O000000nerZ,Rental_Order__c,Rental Order
01I4O000000net1,Credit_Memo__c,Credit Memo
01I4O000000net6,Purchasing_Return__c,Purchasing Return
01I4O000000netB,Debit_Memos__c,Debit Memo
01I4O000000netG,Item_Receipt__c,Item Receipt
01I4O000000ney2,Harvest_Work_Order__c,Harvest Work Order
01I4O000000ney3,System_Work_Order__c,System Work Order
01I4O0000019tRJ,Warranty_Claim__c,Warranty Claim
01I4O000000nfEt,dlrs__DeclarativeLookupRollupSummaries__c,Declarative Lookup Rollup Summaries
01I4O000000nfEu,dlrs__LookupChildAReallyReallyReallyBigBigName__c,Lookup Child Big
01I4O000000nfEv,dlrs__LookupChild__c,Lookup Child
01I4O000000nfEw,dlrs__LookupParent__c,Lookup Parent
01I4O000000nfEx,dlrs__LookupRollupCalculateJob__c,Lookup Rollup Calculate Job
01I4O000000nfEz,dlrs__LookupRollupSummaryLog__c,Lookup Rollup Summary Log
01I4O000000nfF0,dlrs__LookupRollupSummaryScheduleItems__c,Lookup Rollup Summary Schedule Item
01I4O000000nfF1,dlrs__LookupRollupSummary__c,Lookup Rollup Summary
01IRo000002CkXx,FSL__Optimization_Data__c,Optimization Data
01I4O000000nfSC,PO_Bill__c,PO Bill
01I4O000000tRNL,Inventory_Adjustment__c,Inventory Adjustment
01I4O000000tRNf,Commission__c,Commission
01I4O000000tRNg,Loaner_Asset__c,Loaner Asset
01I4O000000tRO4,AVA_MAPPER__Entity_Use_code__c,Entity/Use Code
01I4O000000tRO9,AVA_SFCLOUD__AdditionalSettings__c,AdditionalSettings
01I4O000000tROA,AVA_SFCLOUD__AvaTaxCompany__c,AvaTax Company Code
01I4O000000tROB,AVA_SFCLOUD__AvaTax_Tax_Code__c,AvaTax Tax Code
01I4O000000tROC,AVA_SFCLOUD__AvaTax__c,AvaTax Settings
01I4O000000tROD,AVA_SFCLOUD__Countries__c,Countries
01I4O000000tROE,AVA_SFCLOUD__Exemption_Reasons__c,Exemption Reason
01I4O000000tROF,AVA_SFCLOUD__Exposure_Zone__c,Exposure Zone
01I4O000000tROG,AVA_SFCLOUD__MultiCompanyMapping__c,Multi Company Mapping
01I4O000000tROH,AVA_SFCLOUD__Shipping_Code__c,Shipping Code
01I4O000000tROI,AVA_SFCLOUD__TaxExemptionCertificate__c,Tax Exemption Certificate
01I4O000000tROK,Master_Draw__c,Master Draw
01I4O000000tROL,Service_Report__c,Service Report
01I4O000000tROY,Intacct_Location__c,Intacct Location
01I4O0000019tRK,Warranty_Products__c,Warranty Product
01I4O0000019tRL,Warranty__c,Warranty
01IRo000002CkXy,FSL__Optimization_Request_Queue__c,Optimization Request Queue
01IRo000002CkXz,FSL__Optimization_Request__c,Optimization Request
01I5b000000VFhl,Field_Service_Engineer__c,Field Service Engineer
01I5b000000VFwC,rcsfl__AdminSetting__c,AdminSetting
01I5b000000VFwD,rcsfl__AdminUISetting__c,AdminUISetting
01I5b000000VGGv,LEXMAGICMOVER__NAMAttachmentConversionStatus__c,NAMAttachmentConversionStatus
01I5b000000VGGw,LEXMAGICMOVER__NAMConfig__c,NAMConfig
01I5b000000VGGx,LEXMAGICMOVER__NAMNoteConversionStatus__c,NAMNoteConversionStatus
01I5b000000VGGy,LEXMAGICMOVER__NAMNoteConverted__c,NAMNoteConverted
01I5b000000VGHy,Work_Order_Time_Entry__c,Work Order Time Entry
01IRo000004xZST,Synced_Record_Delete_Log__c,Synced Record Delete Log
01IRo000005r1uL,Product_Repair_Line_Item__c,Product Repair Line Item
01IRo000006l8WX,ctu__CTU_Custom_Field_Ignored__c,CTU Custom Field Ignored
01IRo000006l8WY,ctu__CTU_Mass_Clone__c,CTU Mass Clone
01IRo000006l8Wa,ctu__Field_Default_Value_Obj__c,CTU Field Default Value
01IRo000006l8Wb,ctu__General_Option_Value_Obj__c,CTU General Option Value
01IRo000006vwGj,Engineer_Transfer_Request__c,Engineer Transfer Request
01IRo00000717wH,FSL_Flow_Launch_Record__c,FSL Flow Launch Record
01IRo0000076nmn,Intacct_Sync_Error__c,Intacct Sync Error
01IRo000007BCHx,Maintenance_Item__c,Maintenance Item
01IRo000007Fk05,Employee_Motoring_Status__c,Employee Motoring Status
01IRo000008DvWv,Work_Order_Asset__c,Work Order Asset
01IRo000008RORR,Service_Signature__c,Service Signature
01I5b000000VGVC,Progress_Note__c,Progress Note
01I5b000000VGik,Pricing_Request__c,Pricing Request
01I5b000000VH97,inov8__PMT_Error_Log__c,PMT Error Log
01I5b000000VH98,inov8__PMT_Phase__c,PMT Phase
01I5b000000VH99,inov8__PMT_Program__c,PMT Program
01I5b000000VH9A,inov8__PMT_Project__c,PMT Project
01I5b000000VH9B,inov8__PMT_Resource_Allocation__c,PMT Resource Allocation
01I5b000000VH9C,inov8__PMT_Resource_Availability__c,PMT Resource Availability
01I5b000000VH9E,inov8__PMT_Task__c,PMT Task
01I5b000000VH9M,Change_Log__c,Change Log
01I5b000000VHAy,Project__c,Project
01I5b000000VHB3,Project_Expense__c,Project Expense
01I5b0000003JKY,ChargentBase__Aggregation__c,Chargent Aggregation
01I5b0000003JKa,ChargentBase__Payment_Source__c,Payment Source
01I5b0000003Pln,FlowPersonalConfiguration__c,Flow Personal Configuration
01I5b0000003Plo,FlowTableViewDefinition__c,FlowTableViewDefinition
01I5b0000003Pls,ers_datatableConfig__c,ers_datatableConfig
01I5b0000003Sps,sansancard__SSCard__c,SSCard
01I5b0000003Spt,sansancard__ScanToSalesforce_Setting__c,ScanToSalesforce Setting
01I5b0000003Spu,sansancard__TransferMeta__c,Transfer Metadata
01I5b000001lpYt,Refurb_Test__c,Refurb Test
01I5b000001lpYy,Refurb_Part_Request__c,Refurb Part Request
01I5b000001lpZX,Tech_Ship_Location_Junction__c,Tech Ship Location Junction
01I5b000001lpZY,Technician_Ship_Location__c,Technician Ship Location
01I5b000001lpcv,Non_Conforming_Record__c,Non-Conforming Record
01I5b000001lpjI,Pricing_Request_Response__c,Pricing Request Response
01IRo000002CkY2,FSL__Polygon__c,Map Polygon
01I5b000001lpy8,Unreceipted_Invoice__c,Unreceipted Invoice
01IRo000002CkY3,FSL__SLR_Cache__c,SLR Cache
01IRo000002CkY5,FSL__SchedulingRecipe__c,Scheduling Recipe
01IRo000002CkY6,FSL__Scheduling_Policy_Goal__c,Scheduling Policy Objective
01IRo000002CkY7,FSL__Scheduling_Policy_Work_Rule__c,Scheduling Policy Work Rule
01IRo000002CkY8,FSL__Scheduling_Policy__c,Scheduling Policy
01IRo000002CkYA,FSL__Service_Goal__c,Service Objective
01IRo000002CkYD,FSL__Territory_Optimization_Request__c,Territory Optimization Request
01IRo000002CkYE,FSL__Time_Dependency__c,Appointment Dependency
01IRo000002CkYH,FSL__UserSetting__c,User Setting
01IRo000002CkYI,FSL__User_Setting_Territory__c,User Setting Territory
01IRo000002CkYJ,FSL__User_Territory__c,User Territory
01IRo000002CkYK,FSL__Work_Rule_Entry__c,Work Rule Entry
01IRo000002CkYL,FSL__Work_Rule__c,Work Rule
01IRo000002d2Ll,Credit_Memo_Line_Item__c,Credit Memo Line Item
01IRo0000032JUg,IR_Product__c,IR Product
01IRo000003PrAf,Capital_Asset_Transfer__c,Capital Asset Transfer
01IRo0000041dmb,Intercompany_Transfer__c,Intercompany Transfer
01IRo000004ha17,Invoice_Line_Item__c,Invoice Line Item
01IRo000007PMZB,Monthly_Salesforce_Cases_Snapshot__c,Monthly Salesforce Cases Snapshot
01IRo000007c44z,Document_Review__c,Document Review
01IRo000007coSn,WOLI_App_Extension__c,WOLI App Extension
01IRo000007hMVt,Change_Request__c,Change Request
01IRo000007lYzu,Disaster_Recovery_Billing_Rule__c,Disaster Recovery Billing Rule
01IRo000007lYzv,Disaster_Recovery_Project__c,Disaster Recovery Project
01IRo000007lYzw,Project_Charge_Line_Item__c,Project Charge Line Item
01IRo000007lYzx,Project_Charge__c,Project Charge
01IRo0000087l8t,Documentation__c,Documentation
01IRo0000087mGD,Supplier_Documentation__c,Supplier Documentation
01IRo0000088kCL,Product_Analytics__c,Product Analytics
01I4O000000neRG,ChargentBase__Payment_Request_Configuration__mdt,Payment Request Configuration
01I4O000000nfEy,dlrs__LookupRollupSummary2__mdt,Lookup Rollup Summary
01I4O000000tROJ,Commission_Plan__mdt,Commission Plan
01IRo000005jvor,StateTranslation__mdt,StateTranslation
01I5b000000VH9D,inov8__PMT_Setting__mdt,PMT Setting
01I5b000002202b,DOZISF__JWT_Setting__mdt,JWT Setting
01IRo000002CkXt,FSL__O2_Settings__mdt,O2 Settings
01IRo000007lYzt,Activity_Product_Mapping__mdt,Activity Product Mapping
