Id,DeveloperName,MasterLabel,ActiveVersionId
3000B0000004XbHQAU,set_opportunity_field_to_product_Item,,
3000B0000008kvXQAQ,Sourcing_Request_Need_By_Date_Change,,3010B0000009AqlQAE
3000B0000008l2xQAA,Search_Contacts_for_New_Lead_Email_Address,Search Contacts for New Lead Email Address,
3000B0000008l32QAA,Assign_Lead_Owner,,
3000B0000008l3gQAA,Product_name_from_lead_to_opp,,3015b000000A8hJAAS
3000B0000008l9jQAA,Swap_Lead_Owner_with_Lead_Owner_Queue,,
3000B0000008l9oQAA,Search_Contacts_for_Phone_Number,,
3000B0000008l9tQAA,Search_Contacts_for_Account_Name_Company,,
3000B0000008l9yQAA,Assign_Lead_Owner_Phone,,
3000B0000008lA3QAI,Assign_Lead_Owner_Account_Name_Company,,
3000B000000kEJ5QAM,Update_Last_Business_Activity,,
3000B000000kEJFQA2,Update_Last_Business_Review,,
3000B000000kEOyQAM,Update_Purchasing_Approved,,
3000B000000kEPIQA2,Location_to_Scrap,,
3004O0000000ZuBQAU,Invoice_Object,,301Ro00000Woc6BIAR
3004O0000000ZuCQAU,Update_Chargent_Order,,3014O0000001LmzQAE
3004O0000000ZuGQAU,Update_Payment_Request,,3014O000000M15lQAC
3004O0000000ZvnQAE,Update_Transaction_Info,,3014O0000001LgmQAE
3004O0000000Zw2QAE,Update_Invoice_Object,,
3004O0000000Zw7QAE,Update_Invoice_with_Payment_Link,,
3004O0000000ZxZQAU,Credit_Approval_Process,,3014O0000001LoqQAE
3004O0000000a5sQAA,ZENKRAFT_Email_Label_When_Return_Shipment_Created,,3014O0000001Mu2QAE
3004O0000000a6CQAQ,Parts_Validation_Process,,
3004O0000000a7AQAQ,Venn_Outbound_Message_New_Account,,
3004O0000000a8SQAQ,Update_Loaner_fields_when_Shipment_Created,,
3004O0000000a8XQAQ,Update_Loaner_when_Shipment_Created,,
3004O0000000a8mQAA,Update_Loaner_Asset_Location_when_Shipped,,
3004O0000000a9zQAA,Parts_Validation_Approval_Process,,
3004O0000000aB7QAI,Probe_Repair_Update_from_RMA,,301Ro00000XbopIIAR
3004O0000004ZtfQAE,Create_Purchasing_Opp_from_Vendor_Sourcing_Record,,3014O000000LuTbQAK
3004O0000008mADQAY,Notify_existing_contact_owner_of_email_inquiry_submission,,
3004O0000008mBQQAY,New_Opportunity_for_Existing_Contact_Form_Submissions,,
3004O0000008mCxQAI,e2a_Create_an_opportunity_when_e2a_email_attaches_to_existing_contact,,3014O000000I0V3QAK
3004O000000HGWiQAO,e2a_Adding_e2a_email_on_Opportunity_record,,
3004O000000HGXlQAO,Submit_for_Approval,,
3004O000000LNqwQAG,Product2_All,,
3004O000000LNr1QAG,Create_Generic_Asset2_from_Product2_Id,,
3004O000000LOr7QAG,Credit_Memo,,
3004O000000LOr8QAG,Debit_Memo_Update,,
3004O000000LOr9QAG,Purchasing_Return_Update_Fields,,
3004O000000LOrAQAW,Return_to_Vendor_Create_DB,,301Ro00000OzNuoIAF
3004O000000LOrBQAW,Update_PO_Bill,,
3004O000000LOrCQAW,Update_Product_Item_on_Opp_Product,,
3004O000000LOrqQAG,AvaTax_Account_Update_AvaTax_Exemption_Message,,
3004O000000LOrrQAG,AvaTax_Exemption_Certificate_Update_Certificate_Status,,
3004O000000LOrsQAG,AvaTax_Opportunity_Automatic_Tax_Calculation,,
3004O000000LOrtQAG,AvaTax_Opportunity_Existing_Update_Entity_Code_IOR,,
3004O000000LOruQAG,AvaTax_Opportunity_New_Update_Entity_Code_IOR,,
3004O000000LOrvQAG,AvaTax_Opportunity_Product_Update_AvaTax_Product_Custom_Fields,,
3004O000000LOrwQAG,AvaTax_Opportunity_Update_AvaTax_Custom_Fields,,
3004O000000LOrxQAG,AvaTax_Opportunity_Update_AvaTax_Message_Status,,
3004O000000LOryQAG,AvaTax_Order_Automatic_Tax_Calculation,,
3004O000000LOrzQAG,AvaTax_Order_Clear_Header_AvaTax_Custom_Fields,,
3004O000000LOs0QAG,AvaTax_Order_Copy_Origin_Data,,
3004O000000LOs1QAG,AvaTax_Order_Existing_Update_Entity_Code_IOR,,
3004O000000LOs2QAG,AvaTax_Order_New_Update_Entity_Use_Code_IOR,,
3004O000000LOs3QAG,AvaTax_Order_Product_Clear_Product_AvaTax_Custom_Fields,,
3004O000000LOs4QAG,AvaTax_Order_Update_AvaTax_Message_Status,,
3004O000000LOs5QAG,AvaTax_Quote_Automatic_Tax_Calculation,,
3004O000000LOs6QAG,AvaTax_Quote_Existing_Update_Entity_Code_IOR,,
3004O000000LOs7QAG,AvaTax_Quote_New_Update_Entity_Code_IOR,,
3004O000000LOs8QAG,AvaTax_Quote_Update_AvaTax_Message,,
3004O000000LOs9QAG,AvaTax_Quote_Update_Origin_Address,,
3004O000000LOsAQAW,Create_Commission,,3014O000000M0WsQAK
3004O000000LOsBQAW,Create_Master_Draws,,3014O000000M0WtQAK
3004O000000LOsZQAW,Calculate_Tax_Automatically_on_Closed_Won,,
3004O000000LOsaQAG,Calculate_Tax_when_Opp_Closed_Won,,
3004O000000LOsbQAG,Create_Order_and_Order_Products_from_Paid_Invoice,,
3004O000000LOscQAG,Inventory_Adjustment,,
3004O000000LOsdQAG,Launch_Calculate_Tax_on_Closed_Won,,
3004O000000LOseQAG,PB_Invoice,,301Ro000013EHzdIAG
3004O000000LOsfQAG,Rental_Order,,301Ro00000HvEUTIA3
3004O000000LOsgQAG,Rental_Orders_create_RMA,,
3004O000000LOsoQAG,PB_Payment_Request,,3014O000000M1ILQA0
3004O000000LOspQAG,PB_Transaction,,3014O000000M1pFQAS
3004O000000LOsqQAG,Recurring_Billing_Flow,,3015b000000AAx4AAG
3004O000000LOsrQAG,Submit_Invoice_Flow,,3014O000000M0yVQAS
3004O000000LOstQAG,Calculate_Sales_Tax_on_Sales_Shipper,,
3004O000000LOu6QAG,Opportunity_Calculate_Tax_on_Amount_Change,,
3004O000000LOvJQAW,Advances,,3014O000000M11pQAC
3004O000000LOvOQAW,Invoice_Submission_Flow_V2,,301Ro00000urIBVIA2
3004O000000LOvxQAG,Opportunity_Create_Processes,,
3004O000000LOvyQAG,Opportunity_Update_Processes,,301Ro000013Kob7IAC
3004O000000LOwWQAW,Credit_Memo_Creation_Flow,,3014O000000M1V6QAK
3004O000000LOxPQAW,Service_Alert_60_Days_til_Exp_Alert,,3014O000000M1inQAC
3004O000000TiUyQAK,Activate_Contracts_Access,,
3004O000000TiVcQAK,Notify_When_Asset_Goes_from_Good_to_Bad,,
3004O000000TiVwQAK,Uncheck_QC_Bump_Checkbox,,
3004O000000TiW1QAK,Notify_When_Opportunity_Ships_without_Being_Close_Won,,
3004O000000TiZ0QAK,Set_Ship_Date_from_Shipment_Record,,3015b000000APH4AAO
3004O000000TiZ1QAK,Upload_Signed_Document,,3014O000000U5UNQA0
3004O000000Tia8QAC,Lead_Check_for_existing,,3014O000000U5idQAC
3004O000000Tia9QAC,Lead_Check_for_existing_Account_Account_Name,,3014O000000U5isQAC
3004O000000TiaAQAS,Lead_Check_for_existing_contact_Email,,3014O000000U5pFQAS
3004O000000TiaBQAS,Lead_Check_for_existing_contact_Phone,,3014O000000U5pKQAS
3004O000000TiaDQAS,Service_Work_Order_Part_Name_Lookup,,
3004O000000XgXwQAK,Contact_Master,,301Ro00000HEjZuIAL
3004O000000XgXxQAK,Contact_New_Form_Submission,,
3004O000000XgYBQA0,Customer_Satisfaction_Survey,,
3004O000000Xh3YQAS,PB_Asset2,,
3004O000000Xh3dQAC,PB_Opportunity_Line_Items,,
3004O000000Xh55QAC,PB_Product_Repair,,
3004O000000Xh6cQAC,Generate_Invoice_PDF_Flow,,
3004O000000Xh6dQAC,Send_Invoice_PDF_Email,,301Ro00000ta2P4IAI
3004O000000XhBDQA0,Create_Warranty,,
3004O000000XhBEQA0,Create_Warranty_Auto,,
3004O000000XhBFQA0,Create_Warranty_Claim,,
3004O000000XhC6QAK,Case_PB,,301Ro00000pK5ZRIA0
3004O000000XhDiQAK,Work_Order_PDF_Generation,,
3004O000000XhK0QAK,PB_Item_Receipt,,3014O000000YCJrQAO
3004O000000XhLhQAK,PB_Task,,3014O000000YCSDQA4
3004O000000XhLmQAK,Set_Task_Ownership_from_Delegate_to_Opp_Owner,,3014O000000YCS8QAO
3005b000000H1eMAAS,Opportunity_Create_Warranty_Service_Contract,,301Ro000017i2EXIAY
3005b000000H1iiAAC,MIUS_Stores_Shipping_Notification,,
3005b000000H1lwAAC,Update_Physical_Location_on_Products_from_Invoice,,3015b000000EETXAA4
3005b000000H1m1AAC,Count_Invoice_Products,,
3005b000000H1muAAC,Create_RMA_From_Customer_Portal,,
3005b000000H1utAAC,Create_contract_line_items_and_entitlements,,3015b000000EIq6AAG
3005b000000H1uuAAC,PB_Service_Contract,,
3005b000000H1uvAAC,Service_Contract_Billing_Flow,,
3005b000000H1uwAAC,Service_Contract_Billing_Scheduling_Flow,,
3005b000000H1zUAAS,Create_new_service_contract_from_opp,,301Ro00001DRs4PIAT
3005b000000H2LpAAK,Set_Primary_Contact,,
3005b000000H2QLAA0,Create_part_requests_from_Service_Fusion,,3015b000000EIUjAAO
3005b000000H2SbAAK,Create_core_exchange_RMAs_from_Service_Fusion,,301Ro00000jNWbZIAW
3005b000000H2TKAA0,PB_Work_Order_Line_Item,,
3005b000000H30OAAS,System_Deal_EA_Approval,,3015b000000ELFXAA4
3005b000000H3HjAAK,Custom_Payment_Flow,,3015b000000AOIZAA4
3005b000000H3J6AAK,Send_Invoice_to_Lockstep_Flow,,3015b000000EHVHAA4
3005b000000H3T6AAK,Contact_Set_Primary_Contact,,
3005b000000H3WAAA0,Auto_Close_Opps,,3015b000000EIcsAAG
3005b000000H3XNAA0,Send_Email_Work_Order_PDF,,3015b000000EIqzAAG
3005b000000H3Y6AAK,Account_Created_by_EU_UK,,301Ro00000SVtksIAD
3005b000000H3dfAAC,UK_Create_Removal_Charge_Screenflow,,301Ro000006KnSYIA0
3005b000000H3dpAAC,Create_Work_Order_From_Contract_Line_Item,,3015b000000EKbrAAG
3005b000000H3duAAC,New_Child_Work_Order_from_Work_Order,,301Ro000007PJbMIAW
3005b000000H3eJAAS,New_Parts_Opportunity_From_Work_Orker,,301Ro00001E3LLuIAN
3005b000000H3gKAAS,Mark_Closed_Lost_Big_Iron_Assets_as_PAd_and_Sold,,3015b000000APf0AAG
3005b000000H3goAAC,Big_Iron_Purchasing_Opportunity_Updates_Alerts,,301Ro00000NvAp7IAF
3005b000000H3h8AAC,Close_Win_Charge_for_Removal_Op_Automatically,,301Ro00000CkFjWIAV
3005b000000H3hXAAS,QA_Required_Auto_Update_from_Assets_for_UK,,301Ro00000BSgu1IAD
3005b000000H3leAAC,Create_Contract_Line_Items_Entitlements_and_Work_Orders,,
3005b000000H3pgAAC,Create_Contract_Line_Items_Entitlements_and_Work_Orders_V4,,301Ro00000zkxy1IAA
3005b000000H3plAAC,Create_New_Service_Contract_from_Opp_UK,,301Ro00000l9o94IAA
3005b000000H3qFAAS,Create_Sourcing_Request_for_Parts_and_Probes,,
3005b000000H3qKAAS,Sourcing_Request_from_Work_Order,,301Ro00000Y7aklIAB
3005b000000H3qUAAS,Sourcing_Request_Notification_for_UK,,
3005b000000H3qZAAS,UK_Sourcing_Request_Notifications,,301Ro00000KzehlIAB
3005b000000H3qeAAC,UK_Sourcing_Request_Asset_Fulfilled_Notifications,,301Ro00000OXjBwIAL
3005b000000H3qjAAC,Send_Sourcing_Request_Mass_Email_UK,,3015b000000EJsSAAW
3005b000000H3rmAAC,Create_shipment_from_customer_portal,,301Ro00000Eafb5IAB
3005b000000H3sLAAS,Case_Online_Repair_Evaluation_Tool,,301Ro0000185TihIAE
3005b000000H3t4AAC,Service_Contract_Updates_Status_Handler,,3015b000000EKcQAAW
3005b000000H3uHAAS,Create_RMA_from_Work_Order,,301Ro00000VjCI3IAN
3005b000000H3uqAAC,Has_Files_Flow,,
3005b000000H3vUAAS,Send_email_with_attachment_shipment,,3015b000000AAACAA4
3005b000000H3voAAC,Sales_Sheet_Screen_Flow,,301Ro00000RswqkIAB
3005b000000H3wSAAS,Create_Pricing_Request_from_Work_Order_Opportunity,,301Ro000010C7lHIAS
3005b000000H3wXAAS,UK_Pricing_Request_Notifications,,301Ro000010ZlDUIA0
3005b000000H3xpAAC,New_Move_Location_Flow_TEST,,
3005b000000H3y9AAC,Parts_Pool_10k_Alert_Flow,,3015b000000EKcBAAW
3005b000000H413AAC,Create_Service_Calendar_Event_from_Work_Order_UK,,301Ro00000E2Y5ZIAV
3005b000000H421AAC,Charge_for_Removal_Update_Flow_for_Big_Iron_Equipment,,301Ro000017SxS2IAK
3005b000000H426AAC,Submit_to_UK_Accounting_for_Invoicing,,301Ro00000oip6uIAA
3005b000000H42QAAS,New_Move_Location_Screen_Flow,,301Ro00001DwqB7IAJ
3005b000000H42uAAC,Change_Contract_Line_Item_Product_UK,,301Ro00000WZAocIAH
3005b000000H43JAAS,Missing_Asset_Checkbox_Notification_on_Asset2,,3015b000000ELAOAA4
3005b000000H497AAC,Auto_Create_Return_Opportunity_for_Exchange_Purchasing_Ops,,301Ro00000CkLsAIAV
3005b000000H4EMAA0,PMT_Mass_update_Task_Assignee,,3015b000000ELkGAAW
3005b000000H4ENAA0,PMT_Mass_update_Task_Status,,3015b000000ELkHAAW
3005b000000H4EOAA0,PMT_Update_Task_status_and_percentage_completion,,3015b000000ELkIAAW
3005b000000H4EPAA0,PMT_Create_Resource_Availability_on_User_activation1,,3015b000000ELkJAAW
3005b000000H4EgAAK,PM_Task_Assigned_E_Mail_Alerts,,3015b000000ELlPAAW
3005b000000H4ElAAK,Salesforce_Case_Notifications,Salesforce Case Notifications,301Ro00001D2PTnIAN
3005b000000H4G3AAK,Create_SF_Support_Case_V1,,301Ro00000zIAp5IAG
3005b000000H4GSAA0,Create_Project_on_Big_Iron_Purchasing_Opportunity_Flow,,301Ro00000t6iMtIAI
3005b000000LGUKAA4,Auto_Close_SWO_HWO_Scrap_Asset,,301Ro0000147WuvIAE
3005b000000LGdgAAG,Automated_Collections_Template,,
3005b000000LGhEAAW,Lead_Assignment_Flow,,
3005b000000LGl6AAG,Update_Sales_Opportunity_on_Closed_won,,
3005b000000LGqzAAG,Test_Get_Assets,,
3005b000000LGsbAAG,UK_Notification_for_Shipping_Ops_to_the_UK,,301Ro00000Ck6d8IAB
3005b000000LGu8AAG,UK_Customer_Repair_Received,,301Ro00000U1WvpIAF
3005b000000LGuDAAW,UK_RMA_Item_Received_Alert,,301Ro00000U1DBgIAN
3005b000000LGuSAAW,Auto_Create_RMAs_from_Work_Orders_for_UK,,3015b000000W4baAAC
3005b000000LGwJAAW,Radiology_Basic_Product_Test_Screen_Flow_UK,,301Ro00000Sz7vqIAB
3005b000000LH4SAAW,UK_Notification_for_Parts_Preperation,,
3005b000000LHHCAA4,ProbeRepairOpportunityStageUpdates,,
3005b000000LHHMAA4,UpdateRMAShipDateToReadyToShip,,
3005b000000LHI0AAO,PartsReadyForCollectionWorkOrderAlert,,301Ro00000U1BrPIAV
3005b000000LHN0AAO,CreateRenewalContractFromExistingUK_BETA,,
3005b000000LHRgAAO,PO_Bill_Automations,,3015b000000AClKAAW
3005b000000LHS0AAO,LeadStatusDateTrackers,,3015b000000ACpCAAW
3005b000000LHW7AAO,Create_NEW_Lead_from_Existing_Contact,,3015b000000APKvAAO
3005b000000LHYwAAO,Original_Time_Warranty_Loaner_Action_Approved_Update,,301Ro0000091aaZIAQ
3005b000000LHaTAAW,Loaner_Object_Updates_and_Alerts,,301Ro00000vF76vIAC
3005b000000LHanAAG,Invoice_Updates_and_Alerts_Flow,,
3005b000000LHdDAAW,Invoice_Automations,,301Ro000013K9EhIAK
3005b000000LHepAAG,Project_Flow_to_Calculate_Removal_Shipping_Costs,,
3005b000000LHirAAG,Create_Item_Receipt_from_Opp,Create Item Receipt from Opp,
3005b000000LHjaAAG,Service_Contract_Updates_Flow,,3015b000000AEd3AAG
3005b000000LHqCAAW,Re_submit_for_Accounting_Approval,,3015b000000AEzdAAG
3005b000000LHqlAAG,Opportunity_Product_Updates_Flow,Opportunity Product Updates Flow,301Ro00000glBKpIAM
3005b000000LHrAAAW,Create_Shipping_Product_on_US_Op_Creation,,
3005b000000LHrFAAW,Shipping_Product_Price_Qty_on_Op_Update_Flow,,
3005b000000LHrKAAW,Auto_Create_IR_When_Manually_PA_ing_Asset,,
3005b000000LI3kAAG,Item_Receipt_Automations,,301Ro00000ZuTD1IAN
3005b000000LJ6aAAG,Account_Engagement_Bulk_Asset_Copy_Flow,,301Ro00001DEvUfIAL
3005b000000LJC9AAO,Product_Creation_Actions_Flow,,301Ro00000DPS86IAH
3005b000000LJCEAA4,ProductUpdatesFlow,,301Ro00000iLFp8IAG
3005b000000LJFhAAO,sendBetterEmail_Test_Create_Test_Templates_if_needed,,
3005b000000LJFiAAO,Send_Better_Email_Testflow,,3015b000000AOYOAA4
3005b000000LJQkAAO,Create_Souring_from_Pricing,,301Ro00000z6GF6IAM
3005b000000LJREAA4,Sourcing_Request_Field_Updates_Flow,,
3005b000000LJX2AAO,New_BIAN,,
3005b000000LJjmAAG,Create_Core_Charge_Opportunity_from_RMA_Screen_Flow,,301Ro00000TR4WgIAL
3005b000000PywrAAC,Big_Iron_Stock_Received_Notification,,
3005b000000PyxVAAS,Inter_Company_Transfer_Address_Update_Op,,3015b000000APeNAAW
3005b000000PyyOAAS,Refurb_Test_Asset_Selection_Screen_Flow,,3015b000000APkZAAW
3005b000000PyzvAAC,Update_Move_to_Fixed_Assets_Flow,,3015b000000W1dYAAS
3005b000000Pz1DAAS,Opportunity_Product_Rollups,Opportunity Product Rollups - On Update,301Ro00000QmLbHIAV
3005b000000Pz5KAAS,Pricing_Request_Response_Notification_Flow,,301Ro00000A8wadIAB
3005b000000Pz5oAAC,Convert_PRR_to_Purchasing_Opportunity_Screen_Flow,,301Ro0000180yTtIAI
3005b000000Pz7BAAS,UK_Update_Shipping_Address,,3015b000000W1QAAA0
3005b000000Pz7GAAS,UK_Update_Shipping_Address_v2,,
3005b000000Pz8JAAS,Update_Opportunity_With_Lead_Gen_Info,,3015b000000APeMAAW
3005b000000Pz9qAAC,Create_Shipping_Product_on_US_Lead_Conversion_to_Op,,
3005b000000PzCkAAK,Harvest_Work_Order_Roll_Up_Flow,,3015b000000W1OJAA0
3005b000000PzFjAAK,Mark_Asmer_Evaluation_Update_Email_Flow,,3015b000000W1YsAAK
3005b000000PzFtAAK,Create_Return_Op_from_Purchasing_Op,,3015b000000AOC2AAO
3005b000000PzH1AAK,Unreceipted_Invoice_Field_Update_Loop,,301Ro00000CkJlgIAF
3005b000000PzHaAAK,Delete_Select_Products_from_Opportunity_Screen_Flow,,3015b000000W1eqAAC
3005b000000PzI9AAK,Update_Technician_Ship_Location_on_Work_Order_Creation,,301Ro00000iOk0NIAS
3005b000000PzJCAA0,Opportunity_Update_Fields_Flow,,
3005b000000PzkmAAC,Register_System_Lead_with_Mindray_Button_Flow,,301Ro00000tbhntIAA
3005b000000Pzl1AAC,Coil_RMA_Update_Last_Test_Completed_Date_Flow,,3015b000000W3RPAA0
3005b000000PzlkAAC,Rep_Email_Field_Update_Flow,,301Ro000017N8eqIAC
3005b000000Pzn2AAC,Submit_Applications_Checklist_Screen_Flow,,3015b000000AS1SAAW
3005b000000PzoUAAS,Auto_Create_Refurb_System_Repair_from_Refurb_Test,,3015b000000W3fiAAC
3005b000000PzoZAAS,Refurb_Test_Update_Fields_FLow,,301Ro00000xqlfBIAQ
3005b000000PzrOAAS,Refurb_Part_Request_Field_Updates_Flow,,3015b0000011N4nAAE
3005b000000PzsMAAS,BIPO_Flow,,
3005b000000PzvpAAC,KloudGin_Case_Created_Email_Notification,,301Ro0000078COAIA2
3005b000000PzxvAAC,Create_Opportunity_from_KloudGin_Case,,3015b000000AR1WAAW
3005b000000Pzy0AAC,Create_Work_Order_from_KloudGin_Case,,3015b000000ARxBAAW
3005b000000PzyPAAS,Work_Order_Assignment_and_Alerts_Flow,,3015b0000011KBFAA2
3005b00000113C7AAI,TESTING_Lead_Email_Alert,,
3005b00000113FzAAI,Update_Asset_to_Finished_Goods_Flow,,301Ro00000VARzbIAH
3005b00000113ONAAY,Smart_Payment_Routing_Flow_Template,,
3005b00000113QYAAY,Opportunity_Product_Rollups_On_Create,,301Ro00000WMX6DIAX
3005b00000113WCAAY,Account_Engagement_Sandbox_Production_Bulk_Asset_Copy_Flow,,301Ro00001DEvUgIAL
3005b00000113a4AAA,BIPO_Update_Screen_Flow,,301Ro00000PypZ9IAJ
3005b00000113a9AAA,Datatable_Configuration_Wizard5,,3015b0000011MUOAA2
3005b00000113aEAAQ,PMT_Project_Templates,,3015b0000011MUTAA2
3005b00000113bMAAQ,Submit_Credit_Memo_Request_for_Accounting,,301Ro00000ex7l2IAA
3005b00000113dIAAQ,Add_Opportunity_Lines_to_Credit_Memo,,
3005b00000113fYAAQ,Update_Credit_Memo_Amount_with_Line_Items,,301Ro00001Dyf1uIAB
3005b00000113fZAAQ,CM_Set_Initial_Credit_Memo_Amount_from_Lines,,3015b0000011MnDAAU
3005b00000113h0AAA,Rejecting_Credit_Memo_Request_Screen_Flow,,3015b0000011MwNAAU
3005b00000113hFAAQ,Approved_CM_Memo_Alert_Task_Email_Send,,3015b0000011MwYAAU
3005b00000113hUAAQ,Submit_ASL_Vendor_Approval,,3015b0000011MxGAAU
3005b00000113mFAAQ,Operations_Sheet_Screen_Flow,,301Ro00000AqbvVIAR
3005b00000113moAAA,Credit_Memo_1,,301Ro00000wCa6VIAS
300Ro000005ZArIIAW,Update_Initial_Tech_Support_with_Tech_Completed_Date,,301Ro000006I1c3IAC
300Ro000006NPyMIAW,Davis_Medical_Shipping_Email_Alert_Flow,,301Ro00000uOGeVIAW
300Ro000006dI4tIAE,Purchasing_Opportunity_Field_Updates_Flow,,301Ro00000cb5ffIAA
300Ro00000726mtIAA,Probe_Loan_Calculation_Tool,,301Ro000007ukIgIAI
300Ro0000075fUlIAI,Probe_Loan_ROI_Calculations_FLow,,301Ro00000eIJOYIA4
300Ro000007DpzxIAC,AvaTax_Account_Update_AvaTax_Exemption_Message_Flow,,301Ro0000083IocIAE
300Ro000007DpzyIAC,AvaTax_Exemption_Certificate_Certificate_Status_Update,,301Ro0000083IodIAE
300Ro000007DpzzIAC,AvaTax_Opportunity_Existing_Update_Entity_Use_Code_IOR_Transport,,301Ro0000083IofIAE
300Ro000007Dq00IAC,AvaTax_Opportunity_New_Update_Entity_Code_IOR_Transport,,
300Ro000007Dq01IAC,AvaTax_Opportunity_Update_AvaTax_Message_and_Status,,301Ro0000083IoiIAE
300Ro000007Dq02IAC,AvaTax_Order_Existing_Update_Entity_Code_IOR_Transport,,301Ro0000083IokIAE
300Ro000007Dq03IAC,AvaTax_Order_New_Update_Entity_Use_Code_IOR_Transport_Flow,,301Ro0000083IomIAE
300Ro000007Dq04IAC,AvaTax_Order_Update_AvaTax_Message_and_Status,,301Ro0000083IonIAE
300Ro000007Dq05IAC,AvaTax_Order_Update_Origin_Address_Flow,,301Ro0000083IooIAE
300Ro000007Dq06IAC,AvaTax_Quote_Existing_Update_Entity_Code_IOR_Transport,,301Ro0000083IoqIAE
300Ro000007Dq07IAC,AvaTax_Quote_New_Update_Entity_Code_IOR_Transport_Flow,,301Ro0000083IosIAE
300Ro000007Dq08IAC,AvaTax_Quote_Update_AvaTax_Message_Flow,,301Ro0000083IotIAE
300Ro000007Dq09IAC,AvaTax_Quote_Update_Origin_Address_Flow,,301Ro0000083IouIAE
300Ro000007Dq0AIAS,AvaTax_Opportunity_Automatic_Tax_Calculation_Flow,,301Ro000018jdLTIAY
300Ro000007Dq0BIAS,AvaTax_Order_Automatic_Tax_Calculation_Flow,,301Ro000018jdLVIAY
300Ro000007Dq0CIAS,AvaTax_Quote_Automatic_Tax_Calculation_Flow,,301Ro000018jdLXIAY
300Ro000007doaTIAQ,Commission_Rollups,,301Ro00000Bv1STIAZ
300Ro000007doaUIAQ,Debit_Memos_Rollup,,301Ro000008UfpFIAS
300Ro000007doaWIAQ,Invoice_Rollups,,301Ro00000CTWVoIAP
300Ro000007doaXIAQ,MC_Shipment_Rollups,,301Ro00000DIMKNIA5
300Ro000007doaYIAQ,Opportunity_Rollups,,
300Ro000007doaZIAQ,Product_Item_Rollups,,
300Ro000007doaaIAA,Project_Expenses_Rollups,,301Ro00000EB8YnIAL
300Ro000007doabIAA,RMA_Rollups,,301Ro000008iLKHIA2
300Ro000007doacIAA,Work_Order_Rollups,Parts Shipped on Contract Line Item Rollup,301Ro000016MOKjIAO
300Ro000007gsMaIAI,AccountFieldUpdateFlow,,301Ro00000htcNMIAY
300Ro000007mYL9IAM,UK_Stores_App,,
300Ro000008sBV0IAM,Invoice_to_Harvest_Work_Order_Rollups,,
300Ro000008sFGnIAM,Harvest_Work_Order_to_System_Work_Order,Harvest Work Order to System Work Order Rollups,301Ro00000ABLWaIAP
300Ro0000099RzwIAE,Create_Sales_Opportunities_from_Training_Class,,301Ro00000DPC6ZIAX
300Ro000009znjeIAA,System_Rate_Calculator_Screen_Flow,,
300Ro00000ADBG1IAP,Training_Class_Updates_Flow,,301Ro00000GydoUIAR
300Ro00000AQyqpIAD,Approved_Repair_Update_Opportunity_Stage,,
300Ro00000B07T3IAJ,Create_External_Repair_Testing_Opp_from_PO,,301Ro00000CoIpVIAV
300Ro00000B1rQaIAJ,Absorb_External_Repair_Screen_Flow,,301Ro00000T516JIAR
300Ro00000BDLWYIA5,Lead_Assignment_Flow_New_Simpler_Logic,,301Ro0000138NrdIAE
300Ro00000BesY8IAJ,System_Rate_Calculator_Screen_Flow_Rnd_2,,301Ro00000MgLEnIAN
300Ro00000BfBE6IAN,Parts_Validation_Approval_Process_1,,301Ro00000CkZn4IAF
300Ro00000BmFOEIA3,Create_Repair_Opportunity_from_Service_Contract_Flow,,301Ro00000EHw7hIAD
300Ro00000CWp8dIAD,Create_Project_on_Equipment_Storage_Opportunity_Creation,,301Ro00000Dh59sIAB
300Ro00000E8Q6wIAF,Vendor_Payment_Request_Screen_Flow,,
300Ro00000EC7AbIAL,BIPO_Closed_Lost_Notification,,301Ro00000FhyYFIAZ
300Ro00000F0LbkIAF,Cold_Storage_Rig_Out_Screen_Flow,,301Ro00000XCABtIAP
300Ro00000FwcE1IAJ,Invoice_Sync_Notification,,301Ro000014TarhIAC
300Ro00000FzvvKIAR,Harvest_Work_Order_Cost_PA_Screen_Flow,,301Ro00000UeaEvIAJ
300Ro00000GMXAcIAP,Record_Triggered_Opportunity_Send_Tracking_Confirmation_for_WooCommerce_Orders,,301Ro00000HvEHeIAN
300Ro00000GpZybIAF,Record_Triggered_After_Address_Update_Related_Lookups,,301Ro00000vzSReIAM
300Ro00000GpZycIAF,Screen_Flow_Update_Shipping_FIelds,,301Ro00000ISn3UIAT
300Ro00000H0rLzIAJ,Credit_Memo_Sync_Notification,,301Ro00000ijRtyIAE
300Ro00000H8rdJIAR,Fix_Schedule_Overlaps,,
300Ro00000H8rdKIAR,Send_Email_For_Automated_Bundling_Failures,,
300Ro00000H90tRIAR,Add_Coverage_Level_to_Service_Appointment_On_Creation,,301Ro000018sfM1IAI
300Ro00000H90tSIAR,Screen_Flow_Update_Classification_From_SA,,301Ro00000Io2mHIAR
300Ro00000H90tTIAR,Create_Service_Calendar_Event_from_Service_Resource_UK,,
300Ro00000H90tUIAR,Create_UK_FSL_Work_Order,,301Ro00000jf5wHIAQ
300Ro00000IcZnHIAV,UK_Credit_Notification,,301Ro00000OOTcdIAH
300Ro00000J1noaIAB,Sourcing_Request_Creation_Flow,,
300Ro00000JlbyvIAB,Credit_Memo_Line_Item_On_Update_Sum_Credit_Memo_Total,,301Ro00000Lk2IyIAJ
300Ro00000JlbywIAB,Credit_Memo_Lines_Add_to_Credit_Memo,,301Ro000013wlHFIAY
300Ro00000KVlAaIAL,Asset_Has_Files_Automated_Flow,,
300Ro00000KtsfTIAR,PO_Bill_Prevent_Deletion,Prevent Deletion - PO Bill,301Ro00000MxiIJIAZ
300Ro00000LVet7IAD,Create_Restock_Fee_Opportunity_Screen_Flow,,301Ro00000TQbRbIAL
300Ro00000LmhD9IAJ,Alert_AR_for_Opp_Ready_to_Bill,Alert AR and ASG for Opp Billing Status Change,301Ro00000XjNv7IAF
300Ro00000LtI8NIAV,Record_Triggered_After_Inventory_Adjustment,,301Ro00000O6GQsIAN
300Ro00000LtI8OIAV,Screen_Flow_Scrap_Asset_on_System_Work_Order,,301Ro00000O5xIAIAZ
300Ro00000LtJsOIAV,Record_Triggered_After_Purchasing_Return,,301Ro00001B7ZJxIAN
300Ro00000LtJsPIAV,Screen_Flow_Add_Purchasing_Return,,301Ro000019VWcJIAW
300Ro00000LuFWXIA3,UK_Shipping_Timestamp_field_update_flow,,301Ro00000O7TqnIAF
300Ro00000M9akLIAR,Record_Triggered_After_Debit_Memo,,301Ro00000ONFARIA5
300Ro00000MYUv7IAH,Prevent_Deletion_Credit_Memo,,
300Ro00000MYUv8IAH,Prevent_Deletion_Debit_Memo,,
300Ro00000MYUv9IAH,Prevent_Deletion_Inventory_Adjustment,,
300Ro00000MYUvAIAX,Prevent_Deletion_Invoice,,
300Ro00000MYUvBIAX,Prevent_Deletion_Item_Receipt,,
300Ro00000MYUvCIAX,Prevent_Deletion_Opportunity,,
300Ro00000MYUvDIAX,Prevent_Deletion_Purchasing_Return,,
300Ro00000MYUvEIAX,Prevent_Deletion_RMA,,
300Ro00000Mkf0LIAR,Service_Contract_Notification_Flow,,301Ro00000P3M4BIAV
300Ro00000NXcinIAD,IR_Submit_to_Accounting,,301Ro00000QObdtIAD
300Ro00000NaN2WIAV,Create_Credit_Memo_From_Invoice,,301Ro00000v2fELIAY
300Ro00000NynYXIAZ,TEMP_IR_Product_Creation,,301Ro00000nxsppIAA
300Ro00000OIdl5IAD,Cold_Storage_Rig_In_Screen_Flow,,301Ro00000XC4RSIA1
300Ro00000OMkxeIAD,Asset_Check_in_Type,,301Ro00000RN7KdIAL
300Ro00000PEeQbIAL,Dated_Exchange_Rates_Call_XE_API_for_Daily_Rates,,301Ro00000efcSqIAI
300Ro00000PFWArIAP,Service_Contract_Unlock_Flow,,301Ro00000RoojgIAB
300Ro00000Pz0kfIAB,CT_Checklist,,301Ro00000yhKKJIA2
300Ro00000Pz0kgIAB,C_ARM_Checklist,,301Ro00001BYXVoIAP
300Ro00000Pz0khIAB,Cardio_Labs_Checklist,,301Ro00000yhLgLIAU
300Ro00000Pz0kiIAB,Create_SA_after_generating_Service_Appointment_return_visit,,
300Ro00000Pz0kjIAB,DEXA_Checklist,,301Ro00000yhRDhIAM
300Ro00000Pz0kkIAB,Dental_Checklist,,301Ro00000yh8avIAA
300Ro00000Pz0klIAB,Injector_Checklist,,301Ro00000WLNfEIAX
300Ro00000Pz0kmIAB,IntraoralChecklist,,301Ro00000yh6wTIAQ
300Ro00000Pz0knIAB,Iradimed_Infusion_Pump_Checklist,,301Ro00000Wlj8wIAB
300Ro00000Pz0koIAB,Iradimed_Patient_Monitor_Checklist,,301Ro00000WlUIPIA3
300Ro00000Pz0kpIAB,MRI_Checklist,,301Ro00000SzOZzIAN
300Ro00000Pz0kqIAB,Mammography_Checklist,,301Ro00000yhI2OIAU
300Ro00000Pz0krIAB,Mobile_X_Ray_Checklist,,301Ro00000yhMPLIA2
300Ro00000Pz0ksIAB,Static_Fluoro,,301Ro00000yhJJhIAM
300Ro00000Pz0ktIAB,Static_X_Ray_CR_Checklist,,301Ro000010VcIEIA0
300Ro00000Pz0kuIAB,Statix_X_Ray_DDR_Checklist,,301Ro00000yhRf7IAE
300Ro00000Pz0kvIAB,Travel_Start_Date_Time,,301Ro00000VuYWfIAN
300Ro00000Pz0kwIAB,Ultrasound_Checklist,,301Ro00001CZppqIAD
300Ro00000Pz0kxIAB,Update_Arrival_Time,,301Ro00000VuXfPIAV
300Ro00000Pz0kyIAB,Update_Service_Appointment_Location,,
300Ro00000Pz0kzIAB,Update_comments,,301Ro00001CNGXhIAP
300Ro00000Pz0l0IAB,Work_Step_Manager,,301Ro00001CTQHRIA5
300Ro00000Q53PoIAJ,Update_SA_Owner_to_Assigned_Resource,,301Ro00000tnQT8IAM
300Ro00000QFaIkIAL,Sourcing_Request_Assignment_Flow,,301Ro00000SvbfcIAB
300Ro00000QRjbbIAD,FSL_App_Upload_Pictures_Screen_Flow,,301Ro00000VuQEGIA3
300Ro00000QRpykIAD,Create_Return_Service_Appointment_Upon_Return_Site_Visit_Required,,301Ro00001Ca28jIAB
300Ro00000QYP8LIAX,On_Asset_Creation_Set_Currency_to_Purchasing_Opportunity_Currency,,301Ro00000TF3umIAD
300Ro00000QzDmKIAV,On_Deletion_Remove_Service_Resource_on_SA,,
300Ro00000RA9XBIA1,Big_Iron_Removal_Date_Updated_Notification,,
300Ro00000REVFiIAP,Auto_Create_RMAs_from_Service_Appointments_for_UK,,301Ro000017l0OEIAY
300Ro00000REVFjIAP,On_Create_of_SRI_Check_if_SA_status_needs_to_be_updated,,301Ro00000U2CgeIAF
300Ro00000REVFkIAP,On_Setting_of_Price_Update_Service_Appointment_to_Pending_Customer_Authorization,,
300Ro00000REVFlIAP,On_Submit_to_Shipping_Update_SA_to_Ready_to_Book,,301Ro00000U2G7aIAF
300Ro00000REVFmIAP,Scheduled_Flow_Clean_Up_Historical_Service_Appointments,,301Ro00000U2G7bIAF
300Ro00000REVFnIAP,Set_Service_Appointment_on_New_Work_Order_Line_Item,,301Ro00001ChbeRIAR
300Ro00000REVFoIAP,PartsReadyForCollectionServiceAppointmentAlert,,301Ro00001654TdIAI
300Ro00000Rgy0IIAR,Update_Service_Appointment_to_Pending_Quotation,,
300Ro00000RkPiDIAV,MP_Test,,
300Ro00000RldXrIAJ,Service_Appointment_Trigger_Update_Offsite_Appointment_Checkbox,,301Ro00000UdtoCIAR
300Ro00000S83DZIAZ,FSL_Mobile_Create_Lead_Autolaunched,,301Ro000018lqu5IAA
300Ro00000S8ODBIA3,Work_Order_Trigger_Update_Cancelled_WO_Related_SAs,,301Ro00000VUig8IAD
300Ro00000S8u9nIAB,Sourcing_Request_Notification_Flow_for_Sales_Ops,,301Ro00000WAM1eIAH
300Ro00000SJwEmIAL,Lead_Gen_Lead_Notification_Flow,,301Ro00000VOt1YIAT
300Ro00000SLPtAIAX,FSL_Screen_SA_Closeout_on_Desktop,,301Ro00001COF1jIAH
300Ro00000SQT1YIAX,Update_the_Intended_Start_Date_if_Earlier_than_Earliest_Start_Date,,301Ro00000VORZyIAP
300Ro00000SQVeNIAX,Scheduled_Update_Earliest_Permitted_Start_Date_to_Show_in_Dispatch_Console_Prope,,301Ro00000YYEeaIAH
300Ro00000SQcUYIA1,FSL_Screen_Flow_Update_Checksheet_Output_After_It_s_Been_Generated,,301Ro00000VStvmIAD
300Ro00000STzUgIAL,Service_Appointment_Trigger_Update_Gantt_Label,,301Ro00000Y7bSJIAZ
300Ro00000SgtMZIAZ,Assigned_Resource_Create_OR_Update_Service_Event,,301Ro00000trXpQIAU
300Ro00000SgtMaIAJ,Assigned_Resource_On_Delete_Find_and_Delete_Related_Event,,301Ro00000xDWZbIAO
300Ro00000SgtMbIAJ,Assigned_Resource_Trigger_Dispatch_Tech_Call,,301Ro00000VgUuPIAV
300Ro00000SgtMcIAJ,Service_Appointment_Status_Set_to_Canceled,,301Ro00000VgTIPIA3
300Ro00000SgtMdIAJ,Service_Appointment_Trigger_If_SA_updated_update_event,,301Ro00000VgXYuIAN
300Ro00000SgtMeIAJ,Service_Appointment_Trigger_Send_Email_to_AR_Upon_Dispatch,,301Ro00000vgxFlIAI
300Ro00000SjMhAIAV,RMA_Automations,,301Ro00000gG2fCIAS
300Ro00000SxTCLIA3,Assigned_Resource_Trigger_Send_New_Resource_Dispatch_Email,,301Ro00000VycLaIAJ
300Ro00000U5KZYIA3,Work_Order_Trigger_QA_Updates,,
300Ro00000U7G8UIAV,Screen_Work_Order_Asset_Contract_Line_Update,,301Ro00000XCcpoIAD
300Ro00000UU24mIAD,Auto_Create_Post_Repair_Eval_on_Opp,,301Ro00000Xbs4sIAB
300Ro00000UU24nIAD,Send_Post_Repair_Evaluation_Email,,301Ro00000XbmqsIAB
300Ro00000UfjBKIAZ,Service_Appointment_Delete_Unneeded_Time_Blocks,,301Ro00000XodUfIAJ
300Ro00000UfjBLIAZ,Screen_Work_Order_Create_Tentative_SAs,,301Ro00000XvhYLIAZ
300Ro00000UxU46IAF,Create_Support_Engineer_Site_Visit,,301Ro000018sOElIAM
300Ro00000V6HVlIAN,Contract_Line_Item_Trigger_Create_QA_Upon_Save,,301Ro00000YH5hFIAT
300Ro00000VBIe8IAH,Invoice_Create_Invoice_Line_Items,,301Ro000010n1tnIAA
300Ro00000VLr5uIAD,Pricing_Request_Trigger_Update_Req_Opp_WO_SA,,301Ro00000YXxSPIA1
300Ro00000VLr5vIAD,SRI_Trigger_Update_Requesting_Opp_WO_SA,,301Ro00000YXxSQIA1
300Ro00000VQapGIAT,Save_QA_Certificate_as_PDF,,301Ro00000Yd4I2IAJ
300Ro00000VTASAIA5,Daily_Update_Scheduled_Jobs_for_Today_to_Dispatched,,301Ro00000YfyXqIAJ
300Ro00000VTHYJIA5,Invoice_Line_Item_On_Update_Sum_Invoice_Total_Sales_Price,,301Ro00001CBpiwIAD
300Ro00000VTizyIAD,On_SA_Cancellation_Close_all_Open_Sourcing_Requests,,301Ro0000157hxnIAA
300Ro00000ViqyjIAB,Screen_Flow_Select_Products_to_Invoice_on_Equipment_Storage_Opps,,301Ro00000YwyWXIAZ
300Ro00000WEzvgIAD,Set_SA_Duration_for_Ultrasound_Work_Types,Set SA Duration for Ultrasound Based on Appointment Type,301Ro00001582J5IAI
300Ro00000WbzIHIAZ,Platform_Record_Triggered_Update_Intacct_Sync_Status,,
300Ro00000WbzIIIAZ,Record_Triggered_Account_Update_Intacct_Customer_Sync_Status,,
300Ro00000XP224IAD,FSL_Engineer_Dispatched_Email_Alert,,301Ro00000vgmfJIAQ
300Ro00000XP4yIIAT,FSL_Update_Progress_Note_with_Parent_Recorod_Work_Order,,301Ro00000b1ucLIAQ
300Ro00000XmLK7IAN,Screen_Flow_Convert_TSLJ_to_Location_Address,,301Ro00000bagmpIAA
300Ro00000ZiY6fIAF,Record_Triggered_Location_After_Create_After_Update_Inactive_Changed,,301Ro00000eDYOEIA4
300Ro00000Zp8kCIAR,Service_Contract_Renewal,Service Contract Renewal,301Ro00001AR1BRIA1
300Ro00000aDxwqIAC,Create_Work_Orders_from_Contract_Renewal,,301Ro000014WMAgIAO
300Ro00000blHOIIA2,Create_IR_from_Opp,,301Ro000010waCMIAY
300Ro00000cQpMBIA0,Asset_Automations,,301Ro00000p92mvIAA
300Ro00000cnT4bIAE,Create_and_Dispatch_Service_Appointment_from_FSL_App,,301Ro00000iNPpKIAW
300Ro00000cnT4cIAE,FSL_Screen_Request_Parts_on_WO,,301jR000000ERhvQAG
300Ro00000cnT4dIAE,On_US_FSL_Lead_Conversion_Bring_Work_Order_Over_to_Contact_Account_Opportunity,,301Ro000015e9J3IAI
300Ro00000cnT4eIAE,On_Update_Line_Item_Swap_on_Opp_Updates_Information_on_the_WOLI,,
300Ro00000cnT4fIAE,On_Update_Update_Checkbox_on_WOLI,,
300Ro00000cnT4gIAE,On_Update_of_Shipping_Location_on_Work_Order_Update_Location_on_Open_Service_App,,301Ro00000ufdRmIAI
300Ro00000cnT4hIAE,Opportunity_Product_Asynchronous_on_create_update_WOLI_with_Opp_Product_if_Appli,,301Ro00000wiEcaIAE
300Ro00000cnT4iIAE,Opportunity_Product_On_Delete,,301Ro00000iNPpRIAW
300Ro00000cnT4jIAE,Service_Appointment_On_Shipment_Change_Lines_to_Enroute,,301Ro00000nDtowIAC
300Ro00000cnT4kIAE,Service_Appointment_On_Update_of_Ship_To_Date_Set_Address,,301Ro00000iNPpTIAW
300Ro00000cnT4lIAE,Work_Order_Ultrasound_Creation_Automation,,301Ro00000iNPpUIAW
300Ro00000cnT4mIAE,FSL_Mobile_Create_Lead_US,,301Ro00000xLRHnIAO
300Ro00000cnT4nIAE,FSL_Parts_Order,,
300Ro00000cnT4oIAE,On_Work_Order_Creation_Set_Chatter_Follow,,
300Ro00000cwVgfIAE,Autolaunched_Create_Service_or_Sales_Asset,,
300Ro00000cwVggIAE,Mobile_Create_Work_Order_From_Account,,301Ro00000iXAs6IAG
300Ro00000cwVghIAE,Mobile_Create_Work_Order_From_Contract_Line_Item,,301Ro00000iXAs7IAG
300Ro00000cwVgiIAE,Create_US_FSL_Work_Order,,301Ro00000iXAs8IAG
300Ro00000cwVgjIAE,Create_US_FSL_Work_Order_From_Service_Asset,,301Ro00000iXAs9IAG
300Ro00000cwVgkIAE,Screen_Flow_Create_New_Service_Asset_From_Work_Order,,301Ro00000iXAsAIAW
300Ro00000cwVglIAE,Screen_Flow_Create_Sales_Asset_from_Service_Asset,,
300Ro00000cwVgmIAE,Screen_Flow_Create_Service_Asset_from_Sales_Asset,,
300Ro00000d8DPqIAM,Record_Triggered_Account_Prevent_Intacct_Sync_Status_Change,,
300Ro00000d8DPrIAM,Record_Triggered_Account_Update_Intacct_Sync_Status,,
300Ro00000dKR41IAG,Record_Triggered_After_Account_Prevent_Intact_Sync_Status_Change,,301Ro00000izG8AIAU
300Ro00000degLSIAY,Product_Repair_Line_Item_Deletion,,301Ro00000jLhbBIAS
300Ro00000e6lWiIAI,Lead_Trigger_Notify_Ultrasound_Team_Upon_Creation,,301Ro00000kgznrIAA
300Ro00000e6sEuIAI,Work_Order_FSL_Mobile_Subflow_Chatter_Post,,301Ro00000uZ2ErIAK
300Ro00000e7MD2IAM,Update_US_Billing_Type_on_Edit_of_Service_Appointment,,301Ro00000uQIQrIAO
300Ro00000eZBBPIA4,Work_Order_Line_Item_Trigger_Update_US_FSL_Related_Lead,,
300Ro00000fBX4MIAW,Credit_Memo_Sync_Retry,,301Ro00000qNC0xIAG
300Ro00000fleLpIAI,Opportunity_Automations,,301Ro00000m0a9pIAA
300Ro00000fvdcyIAA,Work_Order_Automations,,301Ro00001CTILmIAP
300Ro00000gOxzdIAC,Convert_Proforma,,301Ro00000mrOGpIAM
300Ro00000ghrtiIAA,Set_Service_Appointment_on_RMA_when_Work_Order_Attached,,301Ro00000nDoKYIA0
300Ro00000gqYztIAE,Item_Receipt_Run_Trigger_Update_if_needed_for_Sync,,301Ro00000yQW4zIAG
300Ro00000h8pnpIAA,Opportunity_Canadian_Entity,,
300Ro00000hx76MIAQ,Calibration_due_soon_30_days_2,,
300Ro00000hx9ZcIAI,Calibration_due_soon_30_days_3,,301Ro00000ovoMjIAI
300Ro00000hxAaTIAU,Calibration_due_soon_30_days,,
300Ro00000iQYcbIAG,Training_Item_Auotmations,,301Ro00000pRxrdIAC
300Ro00000ia9zdIAA,Opportunity_Resync_System,,301Ro000016Q39aIAC
300Ro00000ialvCIAQ,On_Create_Update_Opp_Record_Type_Name_on_RMA_Asset,,
300Ro00000iqyyLIAQ,On_Vendor_Sourcing_Update_Update_Purchasing_Opportunity_on_Service_Appointment,,301Ro00000ptiT0IAI
300Ro00000jezCXIAY,RMA_Re_sync_RMA_if_Errored,,301Ro00000qxAobIAE
300Ro00000k2kfNIAQ,PO_Bill_Resync_if_error_is_received,,301Ro00000rOeAqIAK
300Ro00000kCmCvIAK,Service_Appointment_Automations,,301Ro000013hHLHIA2
300Ro00000kCnFSIA0,Delete_Event_Autolaunched_Flow,,
300Ro00000kKs8GIAS,Full_Payment,,
300Ro00000kKs8HIAS,Partial_Payment,,
300Ro00000kKs8IIAS,Payment_Status_Recurring,,
300Ro00000kKs8JIAS,Update_Charge_Amount,,
300Ro00000kKs8KIAS,Customer_Receipt,,
300Ro00000kKs8LIAS,Error_with_Recurring_Payment,,
300Ro00000kKs8MIAS,Payment_Request_Email,,
300Ro00000kKs8NIAS,Send_Account_Update_Email,,
300Ro00000kKs8OIAS,Send_Sobject_Error_Email,,
300Ro00000kseeBIAQ,Create_Field_Service_Work_Order_in_Salesforce,,301Ro00000vEAbaIAG
300Ro00000lZu2lIAC,Work_Order_install_Subflow,,301Ro00000tneeIIAQ
300Ro00000lygAzIAI,UK_VAT_Sales_Tax_Automation,,301Ro00000woTa7IAE
300Ro00000mjG6bIAE,FSL_Formatted_Service_Report_Update,,
300Ro00000mouhpIAA,FSL_Action_Quick_Quote_2,,301Ro000018NRlZIAW
300Ro00000mpCtCIAU,Work_Order_FSL_Desktop_Subflow_Create_Chatter_Post,,
300Ro00000mqjYXIAY,Update_Need_Quote_Lines_to_Part_Quoted,,301Ro000017Hd6uIAC
300Ro00000n0l9EIAQ,Update_Currency_when_Entity_is_Changed,,301Ro00000uQUWvIAO
300Ro00000n0wvxIAA,Set_Entity_on_Opportunity_Creation,,301Ro00000uPPW8IAO
300Ro00000n2BUtIAM,FSL_Set_Service_Report_Layout_ID_on_Work_Orders,,301Ro00000vjWhHIAU
300Ro00000nAkF4IAK,Fetch_Warranty_Length_on_Account,,301Ro00000uZcerIAC
300Ro00000nBqTjIAK,Follow_Work_Order_Upon_Creation,,301Ro00000uaiX0IAI
300Ro00000nZYx4IAG,Send_Credit_Memo_PDF_to_Customer,,301Ro00000vLbyDIAS
300Ro00000ncjmHIAQ,Manually_Send_Credit_Memo_to_Client,,301Ro000011YZSHIA4
300Ro00000noVpCIAU,US_FSL_Ultrasound_Checklist,,301Ro00001AvlwnIAB
300Ro00000nsEpqIAE,Service_Contract_Renewal_US1,,301Ro000014BQE7IAO
300Ro00000nuqvmIAA,On_Create_Asynchronous_Update_RMA_with_Related_Work_Order,,301Ro0000139byzIAA
300Ro00000oEe0pIAC,On_Update_of_Address_Update_Opportunity_Shipping_if_Needed,,301Ro000016oG2PIAU
300Ro00000oFvSfIAK,On_Service_Appointment_Enable_Zenkraft_Shipping_Label_Creation,,
300Ro00000oer8rIAA,US_Workflow_Update_Labor_Travel_on_Ready_for_Close,,
300Ro00000otBqsIAE,FSL_Set_Service_Report_Layout_ID_on_Checklist_Type_Update,,301Ro00001CT3RNIA1
300Ro00000oyq0aIAA,US_FSL_For_Probe_Sale_Opp_Upon_Close_Won_Update_Work_Order_Status_to_Ready_to_Sh,,301Ro000011Jo8AIAS
300Ro00000oyrnsIAA,US_FSL_For_Probe_Sale_Opp_Upon_Tracking_Entered_Update_Work_Order_Status_to_Ship,,301Ro000016ve4sIAA
300Ro00000pEARxIAO,FSL_Formatted_HTML_Service_Report_Update,,301Ro00001CTH7iIAH
300Ro00000pErn3IAC,Opportunity_Product_Ansynchronous_on_update_Update_WOLI_with_pricing_quantity,,301Ro00000wiX0TIAU
300Ro00000pTM4dIAG,On_Work_Order_Line_Item_Edit_Update_Unit_Price_Quantity,,
300Ro00000pbY71IAE,US_FSL_For_Probe_Parts_Repair_Opp_Upon_FSR_attached_mark_the_work_order_status_a,,301Ro000012msMDIAY
300Ro00000pheJSIAY,FSL_US_On_Tracking_Update_Status_to_Parts_Probe_Shipped,,301Ro000011HmiHIAS
300Ro00000phiq4IAA,FSL_US_On_Submit_to_Shipping_Update_Status_to_Pending_Shipment,,301Ro0000152ZeDIAU
300Ro00000pia8wIAA,RMA_On_Setting_of_Date_Approved_to_Ship_update_Opportunity_Stage_to_Ready_to_Shi,,301Ro00000xEOWmIAO
300Ro00000pjRMsIAM,Work_Order_Triggeer_US_FSR_Layout_Assignment,,301Ro00000xFMPfIAO
300Ro00000pqRhvIAE,US_FSL_RMA_On_Marking_Cannot_Repair_Update_Work_Order_to_Cannot_Repair,,
300Ro00000pvIVtIAM,FSL_Mobile_Service_Appointment_Closeout,,301Ro00000xS5Z3IAK
300Ro00000q8I1rIAE,Contract_Line_Item_Calculate_Running_Coverage_Duration_Business_Hours,,
300Ro00000q8PphIAE,Work_Order_Calculate_Downtime_Business_Hours,,301Ro00000xf7DNIAY
300Ro00000q8wfGIAQ,Service_Contract_Calculate_Running_Coverage_Duration_Business_Hours_Screen_Flow,,301Ro0000132R0SIAU
300Ro00000qEJBNIA4,Contract_Line_Item_Roll_Up_Downtime_Business_Hours,,301Ro0000132dfnIAA
300Ro00000qOg6fIAC,FSL_Mobile_End_Screen_for_FSL_PDF_Generation,,301Ro000018mukNIAQ
300Ro00000qOn88IAC,FSL_Service_Appointment_Work_Order_Country_Checker,,301Ro000010zBHQIA2
300Ro00000qcb76IAA,FSL_US_On_FSR_Attached_Update_Work_Order_to_Completed_WO,,301Ro00000yBkGKIA0
300Ro00000qgoX9IAI,US_FSL_Flow_On_OPP_Product_Create_Create_WOLI,,
300Ro00000qm9iRIAQ,Mass_Move_Location_Screen_Flow,,301Ro000013WEteIAG
300Ro00000qoWekIAE,Work_Order_Downtime_End_Setter,,301Ro00000yOWlzIAG
300Ro00000qoWelIAE,Work_Order_Downtime_Start_Setter,,301Ro00000yOWm0IAG
300Ro00000qq4bBIAQ,Item_Receipt_Error_Email_to_Activate_Vendor_for_Item_Receipt,,301Ro00000zBLNlIAO
300Ro00000qqKG6IAM,Opportunity_Asset_Mass_Move_Location_Screen_Flow,,
300Ro00000qqeLIIAY,Lead_Product_Type_Ultrasound_System_Rental,,301Ro00000yVfncIAC
300Ro00000qqmCHIAY,US_FSL_On_WO_Field_Update_Update_Opportunity_Fields,,301Ro000013ow1nIAA
300Ro00000r25wMIAQ,US_FSL_For_Probe_Parts_Sale_Opp_When_switched_to_pending_approval_change_work_or,,301Ro000016KnYTIA0
300Ro00000r3NCrIAM,US_FSL_For_Probe_Repair_Opp_On_Setting_of_Repair_Approved_change_Work_Order_to_R,"US FSL | For Probe Repair Opp, On Setting of Repair Approved, change Work Order to Repair In-Progress",301Ro000010yqRVIAY
300Ro00000r7jgEIAQ,US_FSL_Trigger_Generate_Checksheet_HTML,,301Ro0000162FDaIAM
300Ro00000rCttRIAS,US_FSL_RMA_On_Probe_Check_In_for_Repair_Set_Date_Checked_In_on_Work_Order,,301Ro000012BmviIAC
300Ro00000rK6tzIAC,Intercompany_Transfer_Automations,,301Ro00000ywzOyIAI
300Ro00000rL43hIAC,Opportunity_Asset_Management_Screen_Flow,,301Ro000019cfClIAI
300Ro00000ra4TLIAY,Service_Contract_Calculate_Last_Quarter_Uptime,,301Ro00001A6tzhIAB
300Ro00000s3lPuIAI,US_FSL_On_Addition_of_Related_Work_Order_Transfer_Ownership,,301Ro000010OgYfIAK
300Ro00000sB6FuIAK,Add_Product_Record_Type_Name_to_Asset_Record,,301Ro00000zrnPJIAY
300Ro00000sJizMIAS,FSL_CR_Checklist,,301Ro000015dNUPIA2
300Ro00000sMu66IAC,Document_Review_Status_Automation,,301Ro0000149pBnIAI
300Ro00000sOrovIAC,Count_Return_Opportunities_on_a_Related_Opportunity,,301Ro0000107EIoIAM
300Ro00000skL5dIAE,FSL_US_On_Update_of_Account_Update_Billing_Address_on_Work_Order,,301Ro000011TB8gIAG
300Ro00000srgJqIAI,FSL_Service_Appointment_Collect_Assets,,301Ro000011VoaZIAS
300Ro00000sxBWfIAM,Document_Review_Change_Control_Form_Screen_Flow,,301Ro000011qm2jIAA
300Ro00000t0d06IAA,On_New_WOLI_Update_Type_if_Probe_Repair_Opp,,301Ro000012BFOgIAO
300Ro00000t0qWnIAI,US_FSL_Picked_Up_By_Checkbox_to_denote_if_it_s_been_picked_up_by_operations,,301Ro000010mSmHIAU
300Ro00000tAYdSIAW,Screen_Flow_Select_IR_Assets,,301Ro0000119zjKIAQ
300Ro00000tD805IAC,FSL_US_Update_Work_Order_to_Repair_In_Progress,,301Ro000010zPllIAE
300Ro00000tF5irIAC,Opportunity_Update_FSE_Email_Record_Triggered_Flow,,301Ro0000158rdIIAQ
300Ro00000tWVtzIAG,Change_Request_Screen_Flow_Request_New_Document,,301Ro0000149vNdIAI
300Ro00000tWpisIAC,US_FSL_On_Ready_to_Ship_for_Opp_Update_WO_to_Confirm_Shipping,,301Ro000011K8vtIAC
300Ro00000tZphdIAC,DRP_Override_Project_Charge_Line_Item_Revenue,,301Ro000011NVDNIA4
300Ro00000tZpheIAC,DRP_Update_Project_Charge_Line_Item_Values,,301Ro000011NVDOIA4
300Ro00000tZphfIAC,DRP_Create_Project_Charge_Line_Item,,301Ro000018fWwZIAU
300Ro00000tZphgIAC,Disaster_Recovery_Project_Raise_Invoice_from_Charges,,301Ro00001E4lMLIAZ
300Ro00000td6tuIAA,US_FSL_On_Creation_of_Loaner_add_Loaner_to_Work_Order,,301Ro000011T3j0IAC
300Ro00000tiIHhIAM,US_FSL_Ask_to_Re_Generate_FSR,,301Ro000011YS8vIAG
300Ro00000tqEwyIAE,Case_Creation_Created_by_Entity_and_Initial_Assignment_Record_Triggered_Flow,,301Ro00001D1ZYSIA3
300Ro00000tqEwzIAE,Case_Update_Case_Automations_Record_Triggered_Flow,,301Ro0000137diOIAQ
300Ro00000uYiHvIAK,US_FSL_Trophon_Checklist,,301Ro00001C0HB8IAN
300Ro00000ugDleIAE,Final_QC_Passed_Send_Email,,301Ro000016LMj8IAG
300Ro00000ugDlfIAE,SelectRecommendedRepairs,,301Ro000012cJEVIA2
300Ro00000uhVJiIAM,Set_Shipping_Account_to_Bill_on_Opp_to_the_Account_s_Default_Shipping_Account,,
300Ro00000unJZAIA2,Service_Appointment_Creation_or_Update_Work_Order_Service_Appointments_Counts,,301Ro000012kHp1IAE
300Ro00000uulooIAA,Scrub_AvaTax_Exception_Code_from_New_Products,,301Ro000012s2nzIAA
300Ro00000v3vsAIAQ,Service_Appointment_Calculate_Tech_Support_Response_Time_Business_Minutes,,301Ro00001328bxIAA
300Ro00000v4CHtIAM,Service_Contract_Confirm_Downtimes,,301Ro0000132uDbIAI
300Ro00000vEXZZIA4,FSL_Field_Service_Mobile_Flow_Nuclear_Medicine_Checklist,,
300Ro00000vEvAWIA0,On_Payment_of_Invoice_Update_Opportunity_to_Invoice_Paid,,301Ro000013E061IAC
300Ro00000vFVp9IAG,Sets_the_FSR_Datestamp_to_Today_when_FSR_Not_Required_or_FSR_Attached_is_Checked,,301Ro000013EKawIAG
300Ro00000vL6mQIAS,On_Entry_of_Confirmation_Number_Send_Prepay_Received_Email,,301Ro000013LQ0WIAW
300Ro00000vlkEhIAI,Change_Request_After_Update_Lifecycle_Automations,,301Ro000013mxRoIAI
300Ro00000vlpXjIAI,Training_Item_Create_Document_Review_Screen_Flow,,301Ro000014AsQwIAK
300Ro00000vm5FvIAI,On_Setting_of_Repair_Opportunity_Set_Shipping_Account_to_Bill_Customer_Fedex_Sys,,301Ro000013nNAyIAM
300Ro00000vmC7nIAE,On_Creation_of_Loaner_Set_Shipping_Account_to_Bill_Customer_Fedex_System,,301Ro000013nTLDIA2
300Ro00000vmJp8IAE,On_Creation_of_Opportunity_Set_Shipping_Account_to_Bill_Customer_Fedex_System,,301Ro000013nfFtIAI
300Ro00000vmMtSIAU,On_Creation_of_Work_Order_Set_Shipping_Account_to_Bill_Customer_Fedex_System_1,,301Ro000013nj0BIAQ
300Ro00000vmQvUIAU,On_Creation_of_Service_Appointment_Set_Shipping_Account_to_Bill_Customer_Fedex_S,,301Ro000013noSsIAI
300Ro00000vmUXdIAM,On_Creation_of_Work_Order_Set_Shipping_Account_to_Bill_Customer_Fedex_System,,301Ro000013nT0LIAU
300Ro00000vo1ZZIAY,On_Make_Model_or_Serial_Number_Change_Update_the_Opportunity,,301Ro000013p5DCIAY
300Ro00000vo6MLIAY,On_Serial_Number_Change_Update_the_Opportunity,,301Ro000013pPIKIA2
300Ro00000vvGyaIAE,On_Opportunity_Product_Creation_Run_Avg_Inventory_Life_Rollup,,
300Ro00000vx4WjIAI,On_Update_Completed_Undo_Update_Needed_Checkbox_and_Reset_Status,,301Ro000016KhuUIAS
300Ro00000w4O40IAE,Harvest_Work_Order_Creation_Update_System_Work_Order_With_Harvest_Work_Order,,301Ro0000147WuwIAE
300Ro00000wCQdIIAW,US_FSL_RMA_Date_Repair_Evaluation_Sent,,301Ro000014GJtcIAG
300Ro00000wDQ8DIAW,Service_Contract_Create_Contract_Line_Items_Screen_Flow,,
300Ro00000wE1KhIAK,Service_Contract_Create_Contract_Line_Item_Screen_Flow,,301Ro000014MS7lIAG
300Ro00000wHiZaIAK,Opportunity_Line_Item_Creation_or_Update_Set_Opportunity_Asset_Summary,,301Ro00001CTmqhIAD
300Ro00000wIHDtIAO,Opportunity_Creation_and_Update_Set_Intercompany_Transaction_Opportunity_Name,,301Ro00001BJMilIAH
300Ro00000wLIlNIAW,Opportunity_Line_Item_On_Delete_Set_Opportunity_Asset_Summary,,301Ro000014Qmz3IAC
300Ro00000wO7esIAC,US_FSL_On_Creation_of_Service_Appointment_set_Shipping_Address,,301Ro0000184DrDIAU
300Ro00000wU0CTIA0,Contract_Line_Item_Edit_Multiple_Work_Orders_Screen_Flow,,301Ro000014ZaKOIA0
300Ro00000wnmN8IAI,If_FSR_Not_Required_FSR_Datestamp_Blank_at_Closed_Won_Set_FSR_Datestamp_to_Today,,301Ro000014vSsqIAE
300Ro00000wthFqIAI,US_FSL_On_Tracking_Entered_for_Service_Appointment_update_the_work_order_to_Part,,301Ro000016x94wIAA
300Ro00000wtiDZIAY,US_FSL_On_submitting_of_shipping_update_the_work_order_to_pending_shipment,,301Ro0000151tQYIAY
300Ro00000wwDUvIAM,US_FSL_On_Repair_Declined_for_Opp_Update_WO_to_Pending_Shipment,,301Ro0000154byTIAQ
300Ro00000wzNWEIA2,Service_Appointment_Update_Set_Duration_on_Actual_Start_or_Actual_End_Change,,
300Ro00000xEy5aIAC,Asset_Creation_Before_Save_Update_Product_Analytics,,
300Ro00000xFCRyIAO,Asset_Update_After_Save_Set_Product_Analytics_on_Product_Name_Change,,301Ro000017SvlCIAS
300Ro00000xFMPfIAO,Product_Scheduled_Build_Missing_Product_Analytics_Records,,
300Ro00000xL7RAIA0,On_Create_Parts_Sales_Value_Rollup,,301Ro000016M14oIAC
300Ro00000xMXeTIAW,Working_Capital_Usage_Days_Roll_Up,,
300Ro00000xUsgvIAC,Opportunity_Asynchronous_on_create_Update_Total_Cost_of_Project_POs,,301Ro000015kXiWIAU
300Ro00000xUsgwIAC,Opportunity_Asynchronous_on_delete_Update_Total_Cost_of_Project_POs,,301Ro000015lI1LIAU
300Ro00000xUsgxIAC,Opportunity_Asynchronous_on_update_Update_Total_Cost_of_Project_POs,,301Ro000015lI1MIAU
300Ro00000xUsgyIAC,Work_Order_Asynchronous_on_create_Update_PM_Work_Order_Count_on_Service_Contract,,301Ro000015l85DIAQ
300Ro00000xUsgzIAC,Work_Order_Asynchronous_on_delete_Update_PM_Work_Order_Count_on_Service_Contract,,301Ro000015l85EIAQ
300Ro00000xUsh0IAC,Work_Order_Asynchronous_on_update_Update_PM_Work_Order_Count_on_Service_Contract,,301Ro000015l85FIAQ
300Ro00000xXpjKIAS,OpportunityLineItem_Async_on_create_Update_Avg_Inventory_Life_on_Opportunity,,301Ro000015lRfiIAE
300Ro00000xXpjLIAS,OpportunityLineItem_Async_on_update_Update_Avg_Inventory_Life_on_Opportunity,,301Ro000015leJaIAI
300Ro00000xXpjMIAS,OpportunityLineItem_Before_delete_Update_Avg_Inventory_Life_on_Opportunity,,301Ro000015leJbIAI
300Ro00000xgwAVIAY,Contract_Line_Item_Creation_or_Update_Set_Lifecycle_Status,,301Ro000018ENVzIAO
300Ro00000xhuucIAA,Asset_Creation_After_Save_Update_Product_Analytics,,301Ro000015wb74IAA
300Ro00000y33GaIAI,Generate_Mechanical_Services_Work_Order_Screen_Flow,,
300Ro00000yA4ZFIA0,Cloned_Opportunity_Update_FSR_Attached_and_FSR_Not_Required_to_False,,301Ro000016Q82nIAC
300Ro00000yCrZ8IAK,Contact_Asynchronous_on_update_Update_Account_Number_of_Contacts,,301Ro000016jJ8zIAE
300Ro00000yDFegIAG,Contact_Asynchronous_on_create_Update_Account_Number_of_Contacts,,301Ro000016TJeRIAW
300Ro00000yDNE4IAO,Contact_Asynchronous_on_delete_Update_Account_Number_of_Contacts,,301Ro000016T6RtIAK
300Ro00000yRspoIAC,ProductItem_Asynchronous_on_create_Estimated_Sales_Price_Roll_Up,,301Ro000016nzdhIAA
300Ro00000yS5oeIAC,ProductItem_Before_delete_Estimated_Sales_Price_Roll_Up,,301Ro00001830HhIAI
300Ro00000yT0jdIAC,ProductItem_Asynchronous_on_update_Estimated_Sales_Price_Roll_Up,,301Ro000016khpCIAQ
300Ro00000yTV5xIAG,ProductItem_Asynchronous_on_create_HWO_Total_Cost_Roll_Up,,301Ro000016o66IIAQ
300Ro00000yTV5yIAG,ProductItem_Asynchronous_on_update_HWO_Total_Cost_Roll_Up,,301Ro000016oLA9IAM
300Ro00000yTV5zIAG,ProductItem_Before_delete_HWO_Total_Cost_Roll_Up,,301Ro0000182y7pIAA
300Ro00000yTWmlIAG,ProductItem_Asynchronous_on_create_HWO_Total_Revenue_Roll_Up,,301Ro000016ndqgIAA
300Ro00000yTWmmIAG,ProductItem_Asynchronous_on_update_HWO_Total_Revenue_Roll_Up,,301Ro000016nJTlIAM
300Ro00000yTWmnIAG,ProductItem_Before_delete_HWO_Total_Revenue_Roll_Up,,301Ro000017He1RIAS
300Ro00000yVe3VIAS,US_FSL_Site_Address_Populated_but_Not_Shipping_Address,,301Ro000016pM2XIAU
300Ro00000yWAUkIAO,Invoice_Re_sync_if_Errored,,301Ro000016oOPlIAM
300Ro00000yXXXJIA4,ProductItem_Asynchronous_on_create_Item_Receipt_Amount_Roll_Up,,301Ro000016pTSEIA2
300Ro00000yXXXKIA4,ProductItem_Asynchronous_on_update_Item_Receipt_Amount_Roll_Up,,301Ro000016pTSFIA2
300Ro00000yXXXLIA4,ProductItem_Before_Delete_Item_Receipt_Amount_Roll_Up,,301Ro000016pTSGIA2
300Ro00000yYvjAIAS,ProductItem_Asynchronous_on_create_Loaner_Location_Roll_Up,,301Ro000017IaAAIA0
300Ro00000yYvjBIAS,ProductItem_Asynchronous_on_update_Loaner_Location_Roll_Up,,301Ro000017IaACIA0
300Ro00000yYvjCIAS,ProductItem_Before_Delete_Loaner_Location_Roll_Up,,301Ro000017IaAGIA0
300Ro00000ydLuvIAE,FSL_Close_Out_Service_Appointment_Field_Service_Mobile_Flow,,
300Ro00000ydLwWIAU,ProductItem_Asynchronous_on_create_Loaner_Serial_Number_Roll_Up,,301Ro000017IaABIA0
300Ro00000ydLwXIAU,ProductItem_Asynchronous_on_update_Loaner_Serial_Number_Roll_Up,,301Ro000017IaADIA0
300Ro00000ydLwYIAU,ProductItem_Before_Delete_Loaner_Serial_Number_Roll_Up,,301Ro000017IaAHIA0
300Ro00000ye8igIAA,ProductItem_Asynchronous_on_create_Max_Bid_Roll_Up,,301Ro000016wZz9IAE
300Ro00000ye8ihIAA,ProductItem_Asynchronous_on_update_Max_Bid_Roll_Up,,301Ro000017I5eFIAS
300Ro00000ye8iiIAA,ProductItem_Before_delete_Max_Bid_Roll_Up,,301Ro000017I3NtIAK
300Ro00000yeuH3IAI,ProductItem_Asynchronous_on_create_NumberCheckedIn_PO_Roll_Up,,301Ro000016xMq9IAE
300Ro00000yeuH4IAI,ProductItem_Asynchronous_on_update_NumberCheckedIn_PO_Roll_Up,,301Ro000016xMqAIAU
300Ro00000yeuH5IAI,ProductItem_Before_delete_NumberCheckedIn_PO_Roll_Up,,301Ro000016xMqBIAU
300Ro00000ygilRIAQ,US_FSL_On_Picked_Up_by_Operations_Notify_Engineer,,301Ro0000170ZUHIA2
300Ro00000yxeS0IAI,ProductItem_Asynchronous_on_create_Starting_Bid_Roll_Up,,301Ro000017HNzuIAG
300Ro00000yxeS1IAI,ProductItem_Asynchronous_on_update_Starting_Bid_Roll_Up,,301Ro000017IaAFIA0
300Ro00000yxeS2IAI,ProductItem_Before_delete_Starting_Bid_Roll_Up,,301Ro000017HjPEIA0
300Ro00000yyBCYIA2,ProductItem_Asynchronous_on_create_Pur_Op_Total_Cost_Roll_Up,,301Ro000017Hi4xIAC
300Ro00000yyBCZIA2,ProductItem_Before_Delete_Pur_Op_Total_Cost_Roll_Up,,301Ro000017Hi4yIAC
300Ro00000yyBCaIAM,ProductItem_on_update_Pur_Op_Total_Cost_Roll_Up,,301Ro000017Hi4zIAC
300Ro00000yyHEnIAM,ProductItem_Asynchronous_on_create_Pur_Op_Total_Cost_of_Unsold_Assets_Roll_Up,,301Ro000017I0oGIAS
300Ro00000yyHEoIAM,ProductItem_Before_Delete_Pur_Op_Total_Cost_of_Unsold_Assets_Roll_Up,,301Ro000017I0oHIAS
300Ro00000yyHEpIAM,ProductItem_on_update_Pur_Op_Total_Cost_of_Unsold_Assets_Roll_Up,,301Ro000019bsBqIAI
300Ro00000yzHB6IAM,RMA_Notify_Engineer_on_Probe_Repair_WO_Creation,,301Ro000017JYhOIAW
300Ro00000yzeikIAA,ProductItem_Asynchronous_on_create_Pur_Op_Working_Capital_Usage_Days_Roll_Up,,301Ro000017JcBYIA0
300Ro00000yzeilIAA,ProductItem_Before_Delete_Pur_Op_Working_Capital_Usage_Days_Roll_Up,,301Ro000017JcBZIA0
300Ro00000yzeimIAA,ProductItem_on_update_Pur_Op_Working_Capital_Usage_Days_Roll_Up,,301Ro000017JcBaIAK
300Ro00000z1ut3IAA,Asset_Creation_After_Save_Update_Product_Name,,
300Ro00000z7Z2mIAE,Refurb_Test_Update_After_Save_Change_Owner_to_Engineer_on_Acceptance,,301Ro000017ScWWIA0
300Ro00000zDVIzIAO,ProductItem_Asynchronous_on_create_Rental_Order_Price_Roll_Up,,301Ro000017YI61IAG
300Ro00000zDVJ0IAO,ProductItem_Before_delete_Rental_Order_Price_Roll_Up,,301Ro000017YI62IAG
300Ro00000zDVJ1IAO,ProductItem_on_update_Rental_Order_Price_Roll_Up,,301Ro000017YI63IAG
300Ro00000zEWo5IAG,ProductItem_Asynchronous_on_create_Loaner_Asset_Number_Roll_Up,,301Ro000017ZP3qIAG
300Ro00000zEWo6IAG,ProductItem_Asynchronous_on_update_Loaner_Asset_Number_Roll_Up,,301Ro000017ZP3rIAG
300Ro00000zEWo7IAG,ProductItem_Before_Delete_Loaner_Asset_Number_Roll_Up,,301Ro000017ZP3sIAG
300Ro00000zEfplIAC,Loaner_Asset_Asynchronous_on_create_Loaner_Location_Roll_Up,,301Ro000017ZYyMIAW
300Ro00000zEfpmIAC,Loaner_Asset_Asynchronous_on_update_Loaner_Location_Roll_Up,,301Ro000017ZYyNIAW
300Ro00000zEfpnIAC,Loaner_Asset_Before_Delete_Loaner_Location_Roll_Up,,301Ro000017ZYyOIAW
300Ro00000zJbteIAC,Loaner_Asset_Asynchronous_on_create_Loaner_Asset_Roll_Up,,301Ro000017ed4cIAA
300Ro00000zJbtfIAC,Loaner_Asset_Before_Delete_Loaner_Asset_Roll_Up,,301Ro000017ed4dIAA
300Ro00000zJbtgIAC,Loaner_Asset_on_update_Loaner_Asset_Roll_Up,,301Ro000017ed4eIAA
300Ro00000zK6USIA0,MC_Shipment_Before_Delete_Delivered_Date_Roll_Up,,301Ro000017fFcwIAE
300Ro00000zK6UTIA0,MC_Shipment_on_create_Delivered_Date_Roll_Up,,301Ro000017fFcxIAE
300Ro00000zK6UUIA0,MC_Shipment_on_update_Delivered_Date_Roll_Up,,301Ro000017fFcyIAE
300Ro00000zKERvIAO,Loaner_Asset_Asynchronous_on_create_Loaner_Serial_Roll_Up,,301Ro000017f1baIAA
300Ro00000zKERwIAO,Loaner_Asset_Before_Delete_Loaner_Serial_Roll_Up,,301Ro000017f1bbIAA
300Ro00000zKERxIAO,Loaner_Asset_on_update_Loaner_Serial_Roll_Up,,301Ro000017f1bcIAA
300Ro00000zKZzNIAW,MC_Shipment_Before_Delete_Ship_Date_Roll_Up,,301Ro000017fkf3IAA
300Ro00000zKZzOIAW,MC_Shipment_on_create_Ship_Date_Roll_Up,,301Ro000017fkf4IAA
300Ro00000zKZzPIAW,MC_Shipment_on_update_Ship_Date_Roll_Up,,301Ro000017fkf5IAA
300Ro00000zKaXGIA0,IR_Product_Before_Delete_Total_IR_Product_Cost_Roll_Up,,301Ro000017fm2xIAA
300Ro00000zKaXHIA0,IR_Product_on_create_Total_IR_Product_Cost_Roll_Up,,301Ro000017fm2yIAA
300Ro00000zKaXIIA0,IR_Product_on_update_Total_IR_Product_Cost_Roll_Up,,301Ro000017fm2zIAA
300Ro00000zKj13IAC,MCShipment_Before_Delete_Tracking_to_Loaner_Roll_Up,,301Ro000017fwgDIAQ
300Ro00000zKj14IAC,MCShipment_on_create_Tracking_to_Loaner_Roll_Up,,301Ro000017fwgEIAQ
300Ro00000zKj15IAC,MCShipment_on_update_Tracking_to_Loaner_Roll_Up,,301Ro000017fwgFIAQ
300Ro00000zMlV0IAK,US_FSL_On_Close_Lost_Repair_Opp_Set_WOLIs_to_Repair_Canceled,,301Ro000017hhA2IAI
300Ro00000zhGklIAE,Finalize_Loaner_Turned_Exchange_for_FSL,,301Ro000018pz9SIAQ
300Ro000010J2teIAC,Avatax_Application_Log_Consumer,,301Ro000018jeVfIAI
300Ro000010n4l8IAA,US_FSL_Update_Open_SA_Shipping_Address_when_changed_on_WO,,301Ro000019GROMIA4
300Ro000010uR0GIAU,Product_On_Creation,,301Ro000019nSP4IAM
300Ro000011vzqVIAQ,Create_UK_Warehouse_Request_Teams_Case_Screen_Flow,,301Ro00001AXLygIAH
300Ro0000124QGrIAM,AvaTax_Opportunity_New_Update_Entity_Code_IOR_Transport,"AvaTax Opportunity New - Update Entity/Code, IOR/Transport",301Ro00001Ah1PDIAZ
300Ro000013byfhIAA,FSL_Ultrasound_Electrical_Safety_Tests_Checklist,,301Ro00001CZrZvIAL
300Ro000013hrwWIAQ,Opportunity_Line_Item_Creation_or_Update_Tick_Generate_Asset_Summary_Checkbox,,301Ro00001D1BW5IAN
300Ro000013nZjxIAE,Contract_Line_Item_Cancel_Work_Orders_on_Decommissioning,,301Ro00001ChIYaIAN
300Ro000013yaGHIAY,DRP_Aggregate_Project_Charge_Totals,,301Ro00001CngJfIAJ
300Ro000013yjzLIAQ,DRP_Create_Opportunity_and_Invoice_Records,,
300Ro0000143LOUIA2,Create_Work_Order_from_Service_Asset,,301Ro00001DIb9WIAT
300Ro0000149ADUIA2,DRP_Submit_Project_Charges_for_Invoicing,,
300Ro000014GODFIA4,Service_Appointment_Creation_and_Update_Set_Contract_Line_Item,,301Ro00001D9MEDIA3
300jR000000BuwaQAC,Create_FSL_Work_Order_on_SF_Objects,,301jR000000CYCPQA4
