Id,Name,UserLicenseId,UserLicense.Name,UserType,Description,CreatedDate,LastModifiedDate
00e0B000000xXjJQAU,Accounting,100U0000000Hb0mIAC,Salesforce,Standard,,2017-02-01T13:33:54.000+0000,2026-08-12T10:06:52.000+0000
00e0B000000a03XQAQ,Accounting + Sales,100U0000000Hb0mIAC,Salesforce,Standard,,2018-09-10T18:53:51.000+0000,2026-08-19T07:34:54.000+0000
00e0B000000ZzviQAC,Alpha Source Portal,1000B0000009MXxQAM,Customer Community Plus,PowerCustomerSuccess,,2018-07-20T17:35:04.000+0000,2026-08-12T10:06:52.000+0000
00e0B000000ZzvdQAC,Alpha Source Profile,100U00000000paUIAQ,Guest User License,Guest,,2018-07-20T17:04:11.000+0000,2026-06-30T03:31:13.000+0000
00e5b000001ls0JAAQ,Analytics Cloud Integration User,1005b000001Q8ctAAC,Analytics Cloud Integration User,Standard,,2023-10-14T05:05:44.000+0000,2026-08-12T10:06:52.000+0000
00e5b000001ls0KAAQ,Analytics Cloud Security User,1005b000001Q8ctAAC,Analytics Cloud Integration User,Standard,,2023-10-14T05:05:46.000+0000,2026-08-12T10:06:52.000+0000
00eRo00000CPZenIAH,Anypoint Integration,1004O000000JFthQAG,Identity,Standard,,2025-02-15T05:38:37.000+0000,2026-08-12T10:06:52.000+0000
00e0B000000ZygNQAS,Approval Attachment Profile,100U00000000paUIAQ,Guest User License,Guest,,2017-06-27T17:19:07.000+0000,2026-06-30T03:31:13.000+0000
00e0B000000ZygIQAS,Approval Form Profile,100U00000000paUIAQ,Guest User License,Guest,,2017-06-27T17:18:22.000+0000,2026-06-30T03:31:13.000+0000
00e0B000000ZzPhQAK,B2BMA Integration User,1000B0000009MgqQAE,B2BMA Integration User,Standard,,2018-04-01T04:16:45.000+0000,2026-08-12T10:06:52.000+0000
00e5b000001lrzLAAQ,Block Imaging Portal,1000B0000009MXxQAM,Customer Community Plus,PowerCustomerSuccess,,2023-10-11T18:15:36.000+0000,2026-08-12T10:06:52.000+0000
00e5b000001lrzGAAQ,Block Imaging Portal Profile,100U00000000paUIAQ,Guest User License,Guest,,2023-10-11T17:26:57.000+0000,2026-06-30T03:31:13.000+0000
00e0B000000a0CPQAY,Catholic Health Initiatives Portal,1000B0000009MXxQAM,Customer Community Plus,PowerCustomerSuccess,,2018-11-26T16:33:37.000+0000,2026-08-12T10:06:52.000+0000
00e0B000000a0CKQAY,Catholic Health Initiatives Profile,100U00000000paUIAQ,Guest User License,Guest,,2018-11-26T16:08:07.000+0000,2026-06-30T03:31:13.000+0000
00eU0000000NHNyIAO,Chatter External User,100U00000000nGdIAI,Chatter External,CsnOnly,,2014-05-16T18:55:50.000+0000,2026-07-31T08:23:46.000+0000
00eU0000000NHNxIAO,Chatter Free User,100U00000000nGcIAI,Chatter Free,CsnOnly,,2014-05-16T18:55:50.000+0000,2026-07-31T08:23:46.000+0000
00eU0000000NHNwIAO,Chatter Moderator User,100U00000000nGcIAI,Chatter Free,CsnOnly,,2014-05-16T18:55:49.000+0000,2026-07-31T08:23:46.000+0000
00e5b000000Yas3AAC,Commercial Finance - UK,100U0000000Hb0mIAC,Salesforce,Standard,,2022-02-14T10:13:58.000+0000,2026-08-12T10:06:52.000+0000
00e5b000000YartAAC,Commercial Manager - UK,100U0000000Hb0mIAC,Salesforce,Standard,,2022-02-14T10:00:35.000+0000,2026-08-13T08:17:26.000+0000
00e5b000000YaryAAC,Commercial Sales - UK,100U0000000Hb0mIAC,Salesforce,Standard,,2022-02-14T10:09:04.000+0000,2026-08-12T10:06:52.000+0000
00e0B000000ZyrfQAC,Conquest Portal,1000B0000009MXxQAM,Customer Community Plus,PowerCustomerSuccess,,2017-08-23T22:30:04.000+0000,2026-08-12T10:06:52.000+0000
00e0B000000ZyiTQAS,Conquest Profile,100U00000000paUIAQ,Guest User License,Guest,,2017-07-11T16:38:50.000+0000,2026-06-30T03:31:13.000+0000
00e0B000000ZzK3QAK,Consensys Portal,1000B0000009MXxQAM,Customer Community Plus,PowerCustomerSuccess,,2018-02-13T18:03:49.000+0000,2026-08-12T10:06:52.000+0000
00e0B000000ZzJtQAK,Consensys Profile,100U00000000paUIAQ,Guest User License,Guest,,2018-02-13T15:59:46.000+0000,2026-06-30T03:31:13.000+0000
00eU0000000iBdyIAE,Contract Manager,100U0000000Hb0mIAC,Salesforce,Standard,,2014-05-16T18:55:04.000+0000,2026-08-12T10:06:52.000+0000
00eRo000006FoHDIA0,Coordination - UK,100U0000000Hb0mIAC,Salesforce,Standard,,2024-07-16T15:12:20.000+0000,2026-08-12T10:06:52.000+0000
00e0B000000ZyhBQAS,Customer Community Plus User,1000B0000009MXxQAM,Customer Community Plus,PowerCustomerSuccess,,2017-07-03T04:01:18.000+0000,2026-08-12T10:06:52.000+0000
00e0B000000FNbZQAW,CustomerForm Profile,100U00000000paUIAQ,Guest User License,Guest,,2016-10-21T11:25:30.000+0000,2026-06-30T03:31:13.000+0000
00e0B000000Zz4PQAS,Demo Site Profile,100U00000000paUIAQ,Guest User License,Guest,,2017-11-15T18:47:23.000+0000,2026-06-30T03:31:13.000+0000
00e5b000000Yb3VAAS,Engineer - UK,100U0000000Hb0mIAC,Salesforce,Standard,,2022-08-02T10:17:02.000+0000,2026-08-12T10:06:52.000+0000
00e5b000000Yas8AAC,Engineer UK - FSE Portal,1000B0000009MXxQAM,Customer Community Plus,PowerCustomerSuccess,,2022-02-14T10:24:37.000+0000,2026-08-12T10:06:52.000+0000
00eU0000000JMG5IAO,External User,100U0000000Hb0mIAC,Salesforce,Standard,,2015-08-29T09:38:07.000+0000,2026-08-12T10:06:52.000+0000
00eU0000000JGWPIA4,Force.com - App Subscription User,100U0000000Q6PpIAK,Force.com - App Subscription,Standard,,2015-01-02T22:45:34.000+0000,2026-08-12T10:06:52.000+0000
00e5b000000YaQHAA0,FSE Portal,1000B0000009MXxQAM,Customer Community Plus,PowerCustomerSuccess,,2021-09-29T20:23:59.000+0000,2026-08-12T10:06:52.000+0000
00e5b000000YaQ7AAK,FSEReport Profile,100U00000000paUIAQ,Guest User License,Guest,,2021-09-29T20:05:58.000+0000,2026-06-30T03:31:13.000+0000
00e5b000000YaQCAA0,FSEReports Profile,100U00000000paUIAQ,Guest User License,Guest,,2021-09-29T20:21:40.000+0000,2026-06-30T03:31:13.000+0000
00eRo000009x4SEIAY,FSL US,100U0000000Hb0mIAC,Salesforce,Standard,,2024-11-15T11:34:17.000+0000,2026-08-12T10:06:52.000+0000
00eU0000000NJTXIA4,Guest License User,100U00000000paUIAQ,Guest User License,Guest,,2014-06-30T20:31:32.000+0000,2026-06-30T03:31:13.000+0000
00e4O000000uOsoQAE,Identity User,1004O000000JFthQAG,Identity,Standard,,2020-09-12T05:56:48.000+0000,2026-08-12T10:06:52.000+0000
00e5b000000DuUDAA0,Integrations User,100U0000000Hb0mIAC,Salesforce,Standard,,2022-10-17T19:55:47.000+0000,2026-08-12T10:06:52.000+0000
00e0B000000ZyuZQAS,Inventory Profile,100U00000000paUIAQ,Guest User License,Guest,,2017-09-01T20:44:33.000+0000,2026-06-30T03:31:13.000+0000
00e5b000000YaWZAA0,InvoicePDF Profile,100U00000000paUIAQ,Guest User License,Guest,,2021-11-04T18:52:32.000+0000,2026-06-30T03:31:13.000+0000
00e5b000000YasNAAS,Logistics and Inventory Manager - UK,100U0000000Hb0mIAC,Salesforce,Standard,,2022-02-14T10:59:42.000+0000,2026-08-12T10:06:52.000+0000
00e5b000000YaroAAC,Managing Director - UK,100U0000000Hb0mIAC,Salesforce,Standard,,2022-02-14T09:42:45.000+0000,2026-08-12T10:06:52.000+0000
00e4O000000NUBaQAO,Marketing - Probo,100U0000000Hb0mIAC,Salesforce,Standard,,2019-08-30T19:58:48.000+0000,2026-08-12T10:06:52.000+0000
00e0B000000xXiBQAU,Marketing Custom,100U0000000Hb0mIAC,Salesforce,Standard,,2017-01-26T17:08:25.000+0000,2026-08-12T10:06:52.000+0000
00eU0000000iBdxIAE,Marketing User,100U0000000Hb0mIAC,Salesforce,Standard,,2014-05-16T18:55:04.000+0000,2026-08-12T10:06:52.000+0000
00eRo00000Ob6tRIAR,Mechanical Services,100U0000000Hb0mIAC,Salesforce,Standard,,2026-03-26T11:52:20.000+0000,2026-08-12T10:06:52.000+0000
00e5b000000YascAAC,Michael Asmer Portal,1000B0000009MXxQAM,Customer Community Plus,PowerCustomerSuccess,,2022-02-15T18:02:36.000+0000,2026-08-12T10:06:52.000+0000
00e5b000000YasXAAS,Michael Asmer Profile,100U00000000paUIAQ,Guest User License,Guest,,2022-02-15T17:55:10.000+0000,2026-06-30T03:31:13.000+0000
00eRo000001v3mzIAA,Minimum Access - API Only Integrations,1005b000000hWDGAA2,Salesforce Integration,Standard,,2024-02-10T06:05:08.000+0000,2026-08-12T10:06:52.000+0000
00e4O000001AD42QAG,Minimum Access - Salesforce,100U0000000Hb0mIAC,Salesforce,Standard,,2020-07-18T06:00:57.000+0000,2026-08-12T10:06:52.000+0000
00e0B000000ZzwRQAS,Mobile Instrument Profile,100U00000000paUIAQ,Guest User License,Guest,,2018-07-25T19:23:58.000+0000,2026-06-30T03:31:13.000+0000
00e0B000000ZzwMQAS,Mobile Portal,1000B0000009MXxQAM,Customer Community Plus,PowerCustomerSuccess,,2018-07-25T19:20:46.000+0000,2026-08-12T10:06:52.000+0000
00e0B000000ZzSbQAK,Northfield Portal,1000B0000009MXxQAM,Customer Community Plus,PowerCustomerSuccess,,2018-04-18T19:06:11.000+0000,2026-08-12T10:06:52.000+0000
00e0B000000ZzSWQA0,Northfield Profile,100U00000000paUIAQ,Guest User License,Guest,,2018-04-18T18:41:21.000+0000,2026-06-30T03:31:13.000+0000
00eRo00000EWq0DIAT,Oncura Partners Profile,100U00000000paUIAQ,Guest User License,Guest,,2025-05-05T04:21:20.000+0000,2026-06-30T03:31:13.000+0000
00eRo00000EVrmLIAT,Oncura Portal,1000B0000009MXxQAM,Customer Community Plus,PowerCustomerSuccess,,2025-05-04T03:39:49.000+0000,2026-08-12T10:06:52.000+0000
00eRo00000EVrkjIAD,Oncura Portal Profile,100U00000000paUIAQ,Guest User License,Guest,,2025-05-04T03:36:46.000+0000,2026-06-30T03:31:13.000+0000
00e5b000000YasDAAS,Ops Coordinator - UK,100U0000000Hb0mIAC,Salesforce,Standard,,2022-02-14T10:32:34.000+0000,2026-08-12T10:06:52.000+0000
00e4O000000uOuQQAU,Parts Sales User,100U0000000Hb0mIAC,Salesforce,Standard,,2020-09-30T14:15:37.000+0000,2026-08-12T10:06:52.000+0000
00e4O000000uOjhQAE,Payment Request Profile,100U00000000paUIAQ,Guest User License,Guest,,2020-08-24T18:20:41.000+0000,2026-06-30T03:31:13.000+0000
00eU0000000JHJRIA4,Purchasing,100U0000000Hb0mIAC,Salesforce,Standard,,2015-02-05T05:58:35.000+0000,2026-08-12T10:06:52.000+0000
00e0B000000ZybXQAS,Purchasing Manager,100U0000000Hb0mIAC,Salesforce,Standard,,2017-06-09T15:15:27.000+0000,2026-08-12T10:06:52.000+0000
00e0B000000ZyhQQAS,QC Manager,100U0000000Hb0mIAC,Salesforce,Standard,,2017-07-05T18:38:57.000+0000,2026-08-12T10:06:52.000+0000
00e0B000000xXjOQAU,QC/Inspection,100U0000000Hb0mIAC,Salesforce,Standard,,2017-02-01T13:35:05.000+0000,2026-08-12T10:06:52.000+0000
00e5b000000YasIAAS,QC/Inspection/Stores - UK,100U0000000Hb0mIAC,Salesforce,Standard,,2022-02-14T10:42:33.000+0000,2026-08-12T10:06:52.000+0000
00eRo00000JtbyTIAR,Quality - UK,100U0000000Hb0mIAC,Salesforce,Standard,,2025-10-16T13:48:02.000+0000,2026-08-12T10:06:52.000+0000
00eU0000000iBdvIAE,Read Only,100U0000000Hb0mIAC,Salesforce,Standard,,2014-05-16T18:55:04.000+0000,2026-08-12T10:06:52.000+0000
00e0B000000ZzTFQA0,Read Only with Custom Objects and Reports,100U0000000Hb0mIAC,Salesforce,Standard,Able to view reports and custom objects,2018-04-20T18:59:26.000+0000,2026-08-12T10:06:52.000+0000
00e5b000000YaxwAAC,Renovo Portal,1000B0000009MXxQAM,Customer Community Plus,PowerCustomerSuccess,,2022-03-21T21:38:15.000+0000,2026-08-12T10:06:52.000+0000
00e5b000000YaxrAAC,Renovo Solutions Profile,100U00000000paUIAQ,Guest User License,Guest,,2022-03-21T21:06:48.000+0000,2026-06-30T03:31:13.000+0000
00e0B000000xXexQAE,Repair Tech,100U0000000Hb0mIAC,Salesforce,Standard,Restricted license,2016-12-28T16:29:50.000+0000,2026-08-12T10:06:52.000+0000
00e0B000000xXj4QAE,Repair Tech Lead,100U0000000Hb0mIAC,Salesforce,Standard,,2017-01-31T21:57:17.000+0000,2026-08-12T10:06:52.000+0000
00e5b000000YaxXAAS,Sales Insights Integration User,1005b000000GwZnAAK,Sales Insights Integration User,Standard,,2022-03-15T14:13:19.000+0000,2026-08-12T10:06:52.000+0000
00e0B000000xXm8QAE,Sales Manager,100U0000000Hb0mIAC,Salesforce,Standard,,2017-02-16T20:27:00.000+0000,2026-08-12T10:06:52.000+0000
00eU0000000JI8fIAG,Sales User,100U0000000Hb0mIAC,Salesforce,Standard,,2015-03-27T18:45:39.000+0000,2026-08-12T10:06:52.000+0000
00e0B000000Zz5SQAS,Sales with Purchasing,100U0000000Hb0mIAC,Salesforce,Standard,,2017-11-29T16:15:15.000+0000,2026-08-12T10:06:52.000+0000
00e5b00000132SNAAY,Salesforce API Only System Integrations,1005b000000hWDGAA2,Salesforce Integration,Standard,,2023-03-17T05:33:48.000+0000,2026-08-12T10:06:52.000+0000
00e5b000000YaxYAAS,SalesforceIQ Integration User,1005b000000GwZoAAK,SalesforceIQ Integration User,Standard,,2022-03-15T14:13:22.000+0000,2026-08-12T10:06:52.000+0000
00e0B000000xXjEQAU,Shipping,100U0000000Hb0mIAC,Salesforce,Standard,,2017-02-01T13:29:57.000+0000,2026-08-12T10:06:52.000+0000
00eU0000000JBTdIAO,Soapbox Mailer Email Tracking Profile,100U00000000paUIAQ,Guest User License,Guest,,2014-08-24T17:20:36.000+0000,2026-06-30T03:31:13.000+0000
00e5b000000YahEAAS,Sodexo Portal,1000B0000009MXxQAM,Customer Community Plus,PowerCustomerSuccess,,2022-01-28T19:03:35.000+0000,2026-08-12T10:06:52.000+0000
00e5b000000YagGAAS,Sodexo Portal Profile,100U00000000paUIAQ,Guest User License,Guest,,2022-01-17T18:21:27.000+0000,2026-06-30T03:31:13.000+0000
00e5b000000Yah9AAC,Sodexo Profile,100U00000000paUIAQ,Guest User License,Guest,,2022-01-28T18:49:36.000+0000,2026-06-30T03:31:13.000+0000
00eU0000000iBdwIAE,Solution Manager,100U0000000Hb0mIAC,Salesforce,Standard,,2014-05-16T18:55:04.000+0000,2026-08-12T10:06:52.000+0000
00eRo000009h8JjIAI,Sourcing - UK,100U0000000Hb0mIAC,Salesforce,Standard,,2024-11-07T10:08:38.000+0000,2026-08-12T10:06:52.000+0000
00eU0000000iBduIAE,Standard User,100U0000000Hb0mIAC,Salesforce,Standard,,2014-05-16T18:55:04.000+0000,2026-08-12T10:06:52.000+0000
00e4O000001ADgLQAW,Super User Admin,100U0000000Hb0mIAC,Salesforce,Standard,,2021-04-12T23:05:16.000+0000,2026-08-12T10:06:52.000+0000
00eU0000000iBdrIAE,System Administrator,100U0000000Hb0mIAC,Salesforce,Standard,,2014-05-16T18:55:04.000+0000,2026-08-12T10:06:52.000+0000
00e4O000000NUJUQA4,System Administrator Custom,100U0000000Hb0mIAC,Salesforce,Standard,,2019-12-31T18:21:04.000+0000,2026-08-12T10:06:52.000+0000
00eU0000000FNLbIAO,System Administrator Custom 2,100U0000000Hb0mIAC,Salesforce,Standard,,2016-07-23T07:18:19.000+0000,2026-08-12T10:06:52.000+0000
00eRo000006U9dVIAS,Tampa General Community Portal,1000B0000009MXxQAM,Customer Community Plus,PowerCustomerSuccess,,2024-07-23T19:04:48.000+0000,2026-08-12T10:06:52.000+0000
00eRo000006TgGXIA0,Tampa General Customer Portal Profile,100U00000000paUIAQ,Guest User License,Guest,,2024-07-23T16:25:37.000+0000,2026-06-30T03:31:13.000+0000
00eRo000006Tx2uIAC,Tampa General Portal Profile,100U00000000paUIAQ,Guest User License,Guest,,2024-07-23T18:54:35.000+0000,2026-06-30T03:31:14.000+0000
00e4O000000JQFZQA4,Trisonics Sales User,100U0000000Hb0mIAC,Salesforce,Standard,,2019-04-22T13:38:30.000+0000,2026-08-12T10:06:52.000+0000
00e4O000001ADhdQAG,Work Orders Profile,100U00000000paUIAQ,Guest User License,Guest,,2021-04-20T12:12:30.000+0000,2026-06-30T03:31:14.000+0000
