Id,UserId,IsFrozen,IsPasswordLocked,LastModifiedDate
0Yw0B000004wJfASAU,0050B000007Bh2HQAS,false,false,2016-12-01T21:25:27.000+0000
0Yw0B000004wJfFSAU,0050B000007Bh2MQAS,false,false,2023-11-16T21:12:42.000+0000
0Yw0B000005jnxqSAA,0050B000006vk6FQAQ,false,false,2016-09-12T17:28:10.000+0000
0Yw0B000005k4WrSAI,0050B000006w1TaQAI,true,false,2020-01-31T14:11:00.000+0000
0Yw0B000006R4jmSAC,0050B000006c7LmQAI,false,false,2026-07-14T12:39:04.000+0000
0Yw0B000006R5AiSAK,0050B000006c7n7QAA,false,false,2017-05-30T12:36:00.000+0000
0Yw0B000006R66cSAC,0050B000006c8juQAA,false,false,2026-08-17T23:51:10.000+0000
0Yw0B000006Wy3mSAC,0050B000006pkKKQAY,false,false,2026-08-10T19:58:29.000+0000
0Yw0B000006X1m6SAC,0050B000006po9uQAA,false,false,2017-11-27T13:56:33.000+0000
0Yw0B000006X57WSAS,0050B000006prYnQAI,false,false,2026-08-10T14:58:04.000+0000
0Yw0B000006XMOUSA4,0050B000006q9HBQAY,false,false,2022-10-19T13:43:06.000+0000
0Yw0B000006XR53SAG,0050B000006qEEWQA2,false,false,2018-08-24T11:33:40.000+0000
0Yw0B000006XRmqSAG,0050B000006qEwxQAE,false,false,2023-11-17T16:14:59.000+0000
0Yw0B000006XV4dSAG,0050B000006qIImQAM,false,false,2023-11-17T19:51:05.000+0000
0Yw0B000006XVG5SAO,0050B000006qIUJQA2,false,false,2026-08-11T11:07:36.000+0000
0Yw0B000006XVGASA4,0050B000006qIUOQA2,false,false,2017-09-25T15:02:34.000+0000
0Yw0B000006XVKlSAO,0050B000006qIZJQA2,true,false,2020-10-06T18:27:33.000+0000
0Yw0B000006XYeySAG,0050B000006qM0mQAE,false,false,2018-02-21T20:01:24.000+0000
0Yw0B000006Xb7TSAS,0050B000006qOWfQAM,false,false,2017-11-30T19:02:53.000+0000
0Yw0B000006XqFSSA0,0050B000007zyidQAA,false,false,2018-06-18T12:11:42.000+0000
0Yw0B000006XqJ0SAK,0050B000007zymBQAQ,false,false,2017-11-20T16:50:42.000+0000
0Yw0B000006XyUaSAK,0050B000008078AQAQ,false,false,2017-12-14T18:46:58.000+0000
0Yw0B000006Y6aRSAS,0050B0000080FSmQAM,false,false,2026-08-18T13:21:58.000+0000
0Yw0B000006YCk3SAG,0050B0000080LqfQAE,true,false,2025-01-02T17:31:19.000+0000
0Yw0B000006YCk8SAG,0050B0000080LqkQAE,false,false,2026-05-27T12:15:22.000+0000
0Yw0B000006YF3CSAW,0050B0000080OJPQA2,false,false,2020-01-16T18:38:29.000+0000
0Yw0B000006YFADSA4,0050B0000080OQfQAM,false,false,2023-11-17T16:13:51.000+0000
0Yw0B000006YFAXSA4,0050B0000080OQzQAM,false,false,2020-01-16T18:38:29.000+0000
0Yw0B000006YJtvSAG,0050B0000080TIHQA2,false,false,2025-05-21T18:15:37.000+0000
0Yw0B000006YJu0SAG,0050B0000080TIMQA2,false,false,2026-07-06T14:55:28.000+0000
0Yw0B000006YJu5SAG,0050B0000080TIRQA2,false,false,2018-04-12T14:25:14.000+0000
0Yw0B000006YMhTSAW,0050B0000080WIZQA2,false,false,2018-09-20T15:57:29.000+0000
0Yw0B000006YMhYSAW,0050B0000080WIjQAM,false,false,2026-08-10T13:08:07.000+0000
0Yw0B000006YMhdSAG,0050B0000080WIoQAM,false,false,2026-05-26T12:55:39.000+0000
0Yw0B000006YMjKSAW,0050B0000080WKVQA2,false,false,2024-09-10T15:49:32.000+0000
0Yw0B000006YOYESA4,0050B0000080YEKQA2,false,false,2020-01-16T18:38:28.000+0000
0Yw0B000006YPsKSAW,0050B0000080ZchQAE,false,false,2026-08-10T13:49:16.000+0000
0Yw0B000006YR6DSAW,0050B0000080au3QAA,false,false,2021-10-13T16:25:16.000+0000
0Yw0B000006YTSBSA4,0050B0000080dLzQAI,false,false,2026-08-10T12:07:47.000+0000
0Yw0B000006YTXQSA4,0050B0000080dRTQAY,false,false,2020-01-16T18:38:30.000+0000
0Yw0B000006YTd4SAG,0050B0000080dYtQAI,false,false,2026-08-17T09:56:54.000+0000
0Yw0B000006Yh7lSAC,0050B0000080rX6QAI,false,false,2025-09-25T21:15:59.000+0000
0Yw0B000006YirVSAS,0050B0000080tLMQAY,false,false,2020-04-20T11:59:07.000+0000
0Yw0B000006YirfSAC,0050B0000080tLWQAY,false,false,2026-06-22T12:58:45.000+0000
0Yw0B000006YirkSAC,0050B0000080tLbQAI,false,false,2026-07-13T10:49:04.000+0000
0Yw0B000006YmuiSAC,0050B0000080xTyQAI,false,false,2019-07-01T11:08:55.000+0000
0Yw0B000006YoA3SAK,0050B0000080ylyQAA,false,false,2022-01-26T13:26:43.000+0000
0Yw0B000006YoNRSA0,0050B0000080yzRQAQ,false,false,2019-01-09T13:03:00.000+0000
0Yw0B000006YtNWSA0,0050B000008149bQAA,false,false,2020-03-05T17:35:31.000+0000
0Yw0B000006Yu9aSAC,0050B00000814x2QAA,false,false,2020-01-16T18:38:30.000+0000
0Yw0B000006YvyySAC,0050B00000816p5QAA,false,false,2023-11-17T16:15:23.000+0000
0Yw0B000006YwsISAS,0050B00000817lEQAQ,false,false,2021-01-13T07:08:28.000+0000
0Yw0B000006dLcXSAU,0050B000007BpjxQAC,false,false,2017-01-13T21:31:58.000+0000
0Yw0B000006dN0VSAU,0050B000007BrONQA0,false,false,2018-02-12T18:55:42.000+0000
0Yw0B000006dNMWSA2,0050B000007Brl7QAC,false,false,2017-04-28T13:37:35.000+0000
0Yw0B000006dNMbSAM,0050B000007BrlCQAS,false,false,2026-06-24T17:39:11.000+0000
0Yw0B000006dNMgSAM,0050B000007BrlHQAS,false,false,2018-01-29T13:37:51.000+0000
0Yw0B000006dOkoSAE,0050B000007BtK8QAK,false,false,2026-06-24T11:38:08.000+0000
0Yw0B000006dOktSAE,0050B000007BtKDQA0,false,false,2023-11-17T16:13:50.000+0000
0Yw0B000006dOkySAE,0050B000007BtKIQA0,false,false,2018-02-09T14:34:11.000+0000
0Yw0B000006dOl3SAE,0050B000007BtKNQA0,false,false,2017-09-15T13:14:29.000+0000
0Yw0B000006dOl8SAE,0050B000007BtKSQA0,false,false,2026-08-11T11:16:42.000+0000
0Yw0B000006dOlDSAU,0050B000007BtKXQA0,false,false,2017-08-22T12:31:14.000+0000
0Yw0B000006dOlISAU,0050B000007BtKcQAK,false,false,2026-08-10T12:23:27.000+0000
0Yw0B000006dOlNSAU,0050B000007BtKhQAK,false,false,2023-11-17T16:15:16.000+0000
0Yw0B000006dOlSSAU,0050B000007BtKrQAK,false,false,2026-08-17T11:24:25.000+0000
0Yw0B000006dOlXSAU,0050B000007BtKwQAK,false,false,2019-02-05T16:29:42.000+0000
0Yw0B000006dOlcSAE,0050B000007BtL1QAK,false,false,2018-05-09T16:31:15.000+0000
0Yw0B000006dOlhSAE,0050B000007BtL6QAK,false,false,2018-05-01T12:19:23.000+0000
0Yw0B000006dOlmSAE,0050B000007BtLBQA0,false,false,2018-07-30T13:15:05.000+0000
0Yw0B000006dOlrSAE,0050B000007BtLGQA0,false,false,2019-02-05T16:05:55.000+0000
0Yw0B000006dOlwSAE,0050B000007BtLLQA0,false,false,2026-07-08T13:46:52.000+0000
0Yw0B000006dOm1SAE,0050B000007BtLQQA0,false,false,2022-05-24T14:32:59.000+0000
0Yw0B000006dOm6SAE,0050B000007BtLVQA0,false,false,2026-06-08T13:55:50.000+0000
0Yw0B000006dOmBSAU,0050B000007BtLaQAK,false,false,2020-08-05T14:03:55.000+0000
0Yw0B000006dOmGSAU,0050B000007BtLfQAK,false,false,2022-07-07T11:14:15.000+0000
0Yw0B000006dOmLSAU,0050B000007BtLkQAK,false,false,2026-08-04T11:38:17.000+0000
0Yw0B000006dOmQSAU,0050B000007BtLpQAK,false,false,2026-07-23T22:14:42.000+0000
0Yw0B000006dOmVSAU,0050B000007BtLuQAK,false,false,2026-07-13T12:04:24.000+0000
0Yw0B000006dOmaSAE,0050B000007BtLzQAK,false,false,2025-06-04T12:31:33.000+0000
0Yw0B000006dRgaSAE,0050B000007BweLQAS,false,false,2023-11-17T16:14:52.000+0000
0Yw0B000007BzdxSAC,0050B000007x8inQAA,true,false,2020-01-16T18:38:41.000+0000
0Yw0B000007v5q4SAA,0050B0000081MZ5QAM,false,false,2018-12-17T14:07:17.000+0000
0Yw0B000007v8L9SAI,0050B0000081P79QAE,false,false,2023-03-29T18:23:44.000+0000
0Yw0B000007vBAYSA2,0050B0000081S7MQAU,false,false,2022-11-28T18:47:11.000+0000
0Yw0B000007vBQ2SAM,0050B0000081SP1QAM,false,false,2023-11-17T16:24:12.000+0000
0Yw0B000007vGM0SAM,0050B0000081XvvQAE,false,false,2023-11-17T16:15:03.000+0000
0Yw0B000007vL8ISAU,0050B0000081d5gQAA,false,false,2019-07-08T11:12:44.000+0000
0Yw0B000007vWEqSAM,0050B0000082TgeQAE,true,false,2020-03-12T12:43:07.000+0000
0Yw0B000007vWhOSAU,0050B0000082ZCkQAM,false,false,2023-03-09T13:33:43.000+0000
0Yw0B000007vXcySAE,0050B0000082e4HQAQ,false,false,2026-06-01T13:16:05.000+0000
0Yw0B000007vXd3SAE,0050B0000082e4MQAQ,false,false,2023-11-17T16:14:13.000+0000
0Yw0B000007vXd8SAE,0050B0000082e4RQAQ,false,false,2026-08-17T16:56:50.000+0000
0Yw0B000007vXdDSAU,0050B0000082e4WQAQ,true,false,2020-06-03T15:11:08.000+0000
0Yw0B000007vXdISAU,0050B0000082e4bQAA,false,false,2026-08-17T12:37:07.000+0000
0Yw0B000007vXdNSAU,0050B0000082e4gQAA,false,false,2019-03-23T22:17:30.000+0000
0Yw0B000007vXdSSAU,0050B0000082e4lQAA,false,false,2022-01-05T19:11:58.000+0000
0Yw0B000007vXdXSAU,0050B0000082e4qQAA,false,false,2026-08-18T13:20:32.000+0000
0Yw4O0000071cbUSAQ,0054O000007tM1QQAU,false,false,2026-06-04T11:37:34.000+0000
0Yw4O0000071e0GSAQ,0054O000007tOwnQAE,false,false,2023-11-17T16:13:47.000+0000
0Yw4O0000071jKfSAI,0054O000007taNBQAY,false,false,2021-04-19T19:51:02.000+0000
0Yw4O0000071jKkSAI,0054O000007taNGQAY,true,false,2020-11-25T19:22:52.000+0000
0Yw4O0000071jKpSAI,0054O000007taNLQAY,false,false,2026-04-29T14:16:53.000+0000
0Yw4O000007d2tTSAQ,0054O000008xNlCQAU,false,false,2020-01-16T18:38:44.000+0000
0Yw4O000007d2tYSAQ,0054O000008xNlHQAU,false,false,2022-09-13T19:23:01.000+0000
0Yw4O000007d2tdSAA,0054O000008xNlMQAU,false,false,2025-02-18T18:58:12.000+0000
0Yw4O000007dFv3SAE,0054O000008xoKcQAI,false,false,2026-07-13T12:15:35.000+0000
0Yw4O000007dKXfSAM,0054O000008xzShQAI,true,false,2025-03-28T19:00:59.000+0000
0Yw4O000007dMr8SAE,0054O000008y5lBQAQ,false,false,2026-06-03T12:11:40.000+0000
0Yw4O000007dMrISAU,0054O000008y5lLQAQ,true,false,2020-07-10T13:38:44.000+0000
0Yw4O000007dMrNSAU,0054O000008y5lQQAQ,true,false,2020-07-10T13:38:27.000+0000
0Yw4O000007dMrSSAU,0054O000008y5lVQAQ,true,false,2020-02-27T18:03:06.000+0000
0Yw4O000007dNzISAU,0054O000008y8g4QAA,false,false,2023-04-11T17:35:54.000+0000
0Yw4O000007dVeISAU,0054O000008yQ7qQAE,false,false,2020-01-16T18:38:46.000+0000
0Yw4O000007deoCSAQ,0054O000008ydVvQAI,true,false,2020-04-30T21:13:47.000+0000
0Yw4O000008CocaSAC,0054O000008jRd8QAE,false,false,2026-06-29T12:41:47.000+0000
0Yw4O000008CocfSAC,0054O000008jRdDQAU,true,false,2020-04-30T21:13:50.000+0000
0Yw4O000008CohzSAC,0054O000008jRiXQAU,false,false,2020-01-16T18:38:34.000+0000
0Yw4O000008D2C7SAK,0054O000008juDxQAI,true,false,2020-07-10T13:38:35.000+0000
0Yw4O000008D2CCSA0,0054O000008juE2QAI,false,false,2025-05-07T19:35:16.000+0000
0Yw4O000008D2CHSA0,0054O000008juE7QAI,true,false,2020-09-04T13:49:00.000+0000
0Yw4O000008D2CMSA0,0054O000008juECQAY,false,false,2026-08-17T13:56:51.000+0000
0Yw4O000008D2CRSA0,0054O000008juEHQAY,true,false,2020-01-16T18:38:43.000+0000
0Yw4O000008DJG6SAO,0054O0000095iTeQAI,false,false,2021-07-12T12:31:43.000+0000
0Yw4O000008DR9rSAG,0054O0000096AZzQAM,true,false,2021-01-01T19:17:11.000+0000
0Yw4O000008DSPMSA4,0054O0000096ExlQAE,true,false,2020-03-05T16:08:41.000+0000
0Yw4O000008DXq3SAG,0054O0000096Ys2QAE,false,false,2026-08-10T13:08:11.000+0000
0Yw4O000008DXwfSAG,0054O0000096ZFLQA2,false,false,2021-10-11T22:35:44.000+0000
0Yw4O000008Db8oSAC,0054O0000096sLmQAI,false,false,2024-11-05T12:31:47.000+0000
0Yw4O000008DeRZSA0,0054O0000097COWQA2,false,false,2026-08-17T13:29:30.000+0000
0Yw4O000008EZ7bSAG,0054O0000098AttQAE,false,false,2021-09-23T16:32:58.000+0000
0Yw4O000008EaVtSAK,0054O0000098DUDQA2,false,false,2023-11-17T16:13:44.000+0000
0Yw4O000008EaVySAK,0054O0000098DUIQA2,false,false,2023-11-16T21:12:51.000+0000
0Yw4O000008EaW3SAK,0054O0000098DUNQA2,false,false,2023-11-17T16:14:19.000+0000
0Yw4O000008EaW8SAK,0054O0000098DUSQA2,false,false,2023-11-17T16:13:52.000+0000
0Yw4O000008EaWDSA0,0054O0000098DUXQA2,false,false,2023-11-17T16:13:49.000+0000
0Yw4O000008EaWISA0,0054O0000098DUcQAM,false,false,2023-11-17T16:14:04.000+0000
0Yw4O000008EaWNSA0,0054O0000098DUhQAM,false,false,2023-11-17T16:14:57.000+0000
0Yw4O000008EaWSSA0,0054O0000098DUmQAM,false,false,2023-11-17T16:14:03.000+0000
0Yw4O000008EaWXSA0,0054O0000098DUrQAM,false,false,2023-11-17T16:14:59.000+0000
0Yw4O000008EaWcSAK,0054O0000098DUwQAM,false,false,2023-11-17T16:15:15.000+0000
0Yw4O000008EaWhSAK,0054O0000098DV1QAM,false,false,2023-11-17T16:15:12.000+0000
0Yw4O000008EaWmSAK,0054O0000098DV6QAM,false,false,2023-11-17T16:15:14.000+0000
0Yw4O000008EaWrSAK,0054O0000098DVBQA2,false,false,2023-11-17T16:14:52.000+0000
0Yw4O000008EaWwSAK,0054O0000098DVGQA2,false,false,2023-11-17T16:15:17.000+0000
0Yw4O000008EaX1SAK,0054O0000098DVLQA2,true,false,2025-02-11T22:44:19.000+0000
0Yw4O000008EaX6SAK,0054O0000098DVQQA2,false,false,2023-11-17T16:14:34.000+0000
0Yw4O000008EaXBSA0,0054O0000098DVVQA2,false,false,2023-11-17T16:15:16.000+0000
0Yw4O000008EaXGSA0,0054O0000098DVaQAM,false,false,2023-11-17T16:14:09.000+0000
0Yw4O000008EaXLSA0,0054O0000098DVfQAM,false,false,2023-11-17T16:13:46.000+0000
0Yw4O000008EaXQSA0,0054O0000098DVkQAM,false,false,2023-11-17T16:14:23.000+0000
0Yw4O000008EfWcSAK,0054O0000098NlOQAU,false,false,2026-07-30T21:18:17.000+0000
0Yw4O000008EflNSAS,0054O0000098O09QAE,false,false,2023-01-09T14:47:39.000+0000
0Yw4O000008EhxBSAS,0054O0000098RkZQAU,false,false,2023-11-17T16:14:21.000+0000
0Yw4O000008EiaSSAS,0054O0000098SapQAE,false,false,2026-06-04T17:29:54.000+0000
0Yw4O000008EkR3SAK,0054O0000098WDpQAM,false,false,2026-07-22T13:54:17.000+0000
0Yw4O000008Elv4SAC,0054O0000098YdkQAE,false,false,2021-11-08T15:53:34.000+0000
0Yw4O000008En0tSAC,0054O0000098aY8QAI,false,false,2021-05-24T17:56:24.000+0000
0Yw4O000008EnLSSA0,0054O0000098bIBQAY,true,false,2025-06-02T12:14:29.000+0000
0Yw4O000008EnVSSA0,0054O0000098bSGQAY,false,false,2021-11-16T14:03:58.000+0000
0Yw4O000008EndlSAC,0054O0000098baZQAQ,false,false,2023-11-16T21:12:43.000+0000
0Yw4O000008EoqMSAS,0054O0000098dPiQAI,false,false,2022-01-13T14:51:01.000+0000
0Yw4O000008EoqRSAS,0054O0000098dPnQAI,false,false,2023-11-17T16:14:18.000+0000
0Yw4O000008HeoHSAS,0054O000008vJgJQAU,false,false,2022-02-06T16:15:22.000+0000
0Yw4O000008HfrCSAS,0054O000008vKp2QAE,false,false,2026-08-10T21:54:39.000+0000
0Yw4O000008HftrSAC,0054O000008vKrhQAE,false,false,2021-08-25T18:39:24.000+0000
0Yw4O000008HftwSAC,0054O000008vKrmQAE,false,false,2025-06-03T20:13:40.000+0000
0Yw4O000008Hfu1SAC,0054O000008vKrrQAE,false,false,2022-04-14T21:55:12.000+0000
0Yw4O000008Hfu6SAC,0054O000008vKrwQAE,false,false,2023-11-17T16:15:22.000+0000
0Yw4O000008HfuBSAS,0054O000008vKs1QAE,false,false,2022-08-31T17:51:45.000+0000
0Yw4O000008HfuGSAS,0054O000008vKs6QAE,false,false,2022-04-04T17:00:30.000+0000
0Yw4O000008HfuLSAS,0054O000008vKsBQAU,false,false,2026-08-11T18:46:28.000+0000
0Yw4O000008HfuQSAS,0054O000008vKsGQAU,false,false,2022-01-26T14:16:01.000+0000
0Yw4O000008HfuVSAS,0054O000008vKsLQAU,true,false,2022-02-07T18:42:43.000+0000
0Yw4O000008Hg83SAC,0054O000008vL71QAE,false,false,2023-11-17T16:14:48.000+0000
0Yw4O000008HiZuSAK,0054O000008vNlXQAU,false,false,2026-07-20T07:48:32.000+0000
0Yw4O000008HyIGSA0,0054O000008vdzQQAQ,false,false,2022-03-09T20:59:40.000+0000
0Yw4O000008I0NXSA0,0054O000008vg56QAA,false,false,2026-08-11T10:36:32.000+0000
0Yw4O000008I3EOSA0,0054O000008viwCQAQ,false,false,2026-07-13T08:30:47.000+0000
0Yw4O000008I5V2SAK,0054O000008vlDUQAY,false,false,2026-08-17T12:21:50.000+0000
0Yw4O000008I6NYSA0,0054O000008vm6AQAQ,false,false,2026-08-12T13:36:30.000+0000
0Yw4O000008I73tSAC,0054O000008vmmaQAA,false,false,2026-06-23T10:37:09.000+0000
0Yw4O000008IAGgSAO,0054O000008vq0LQAQ,false,false,2026-08-17T13:54:03.000+0000
0Yw4O000008IAGlSAO,0054O000008vq0QQAQ,false,false,2026-08-12T07:25:39.000+0000
0Yw4O000008IAGqSAO,0054O000008vq0VQAQ,false,false,2026-05-26T07:34:34.000+0000
0Yw4O000008IAIISA4,0054O000008vq22QAA,false,false,2023-01-30T13:13:03.000+0000
0Yw4O000008IDXGSA4,0054O000008vtHoQAI,false,false,2023-11-17T16:14:14.000+0000
0Yw4O000008IEFNSA4,0054O000008vu05QAA,false,false,2021-09-03T16:54:09.000+0000
0Yw4O000008IEFSSA4,0054O000008vu0AQAQ,false,false,2022-11-28T13:46:22.000+0000
0Yw4O000008IEGkSAO,0054O000008vu1SQAQ,false,false,2024-02-05T17:25:02.000+0000
0Yw4O000008IFIhSAO,0054O000008vv3PQAQ,true,false,2026-07-01T02:57:45.000+0000
0Yw4O000008IFcXSAW,0054O000008vvNFQAY,true,false,2025-12-09T17:21:18.000+0000
0Yw4O000008IFccSAG,0054O000008vvNKQAY,false,false,2022-01-31T14:02:02.000+0000
0Yw4O000008IFexSAG,0054O000008vvPfQAI,false,false,2022-12-05T21:57:44.000+0000
0Yw4O000008IFf2SAG,0054O000008vvPkQAI,false,false,2021-06-08T16:11:36.000+0000
0Yw4O000008IFf7SAG,0054O000008vvPpQAI,false,false,2024-09-27T16:54:34.000+0000
0Yw4O000008ITPrSAO,0054O000008w9BNQAY,true,false,2026-02-04T14:04:41.000+0000
0Yw4O000008IaPASA0,0054O000008wGAvQAM,false,false,2021-07-22T12:46:10.000+0000
0Yw4O000008IcBjSAK,0054O000008wHxtQAE,false,false,2021-07-28T12:07:44.000+0000
0Yw4O000008OcvySAC,0054O000008zg5TQAQ,false,false,2020-01-17T13:15:17.000+0000
0Yw4O000008OrvUSAS,0054O000008zysYQAQ,true,false,2025-02-11T22:43:56.000+0000
0Yw4O000008PPW4SAO,0054O0000090acnQAA,false,false,2022-01-04T20:50:22.000+0000
0Yw4O000008PTAvSAO,0054O0000090emwQAA,false,false,2022-04-07T02:33:36.000+0000
0Yw4O000008hyxkSAA,0054O000009L8zQQAS,false,false,2026-08-17T10:20:25.000+0000
0Yw4O000008hyy4SAA,0054O000009L90nQAC,true,false,2024-12-04T15:13:55.000+0000
0Yw4O000008i0o1SAA,0054O000009LAwnQAG,false,false,2026-08-10T11:08:44.000+0000
0Yw4O000008i1LPSAY,0054O000009LBWlQAO,false,false,2026-07-13T15:00:45.000+0000
0Yw4O000008i7vYSAQ,0054O000009LIx5QAG,false,false,2026-07-28T12:33:15.000+0000
0Yw4O000008iBlNSAU,0054O000009LctwQAC,false,false,2020-09-29T14:34:28.000+0000
0Yw4O000008iC1LSAU,0054O000009Lf9hQAC,false,false,2026-08-17T17:27:27.000+0000
0Yw4O000008iDx6SAE,0054O00000AADz3QAH,false,false,2026-05-18T16:01:11.000+0000
0Yw4O000008iF01SAE,0054O00000AALGGQA5,false,false,2026-05-19T20:23:53.000+0000
0Yw4O000008iF06SAE,0054O00000AALGLQA5,false,false,2026-05-26T10:31:20.000+0000
0Yw4O000008iHFcSAM,0054O00000AAbk7QAD,false,false,2026-08-11T16:48:23.000+0000
0Yw4O000008iHFdSAM,0054O00000AAbk8QAD,false,false,2024-05-20T18:38:11.000+0000
0Yw4O000008iHFeSAM,0054O00000AAbk9QAD,false,false,2026-07-20T13:42:07.000+0000
0Yw4O000008iHFfSAM,0054O00000AAbkAQAT,false,false,2026-08-18T11:50:48.000+0000
0Yw4O000008iHFgSAM,0054O00000AAbkBQAT,false,false,2026-05-28T15:22:34.000+0000
0Yw4O000008iHFhSAM,0054O00000AAbkCQAT,false,false,2026-06-02T14:07:05.000+0000
0Yw4O000008iHFiSAM,0054O00000AAbkDQAT,false,false,2026-07-27T14:33:14.000+0000
0Yw4O000008iHFjSAM,0054O00000AAbkEQAT,false,false,2026-08-10T13:35:51.000+0000
0Yw4O000008iHFkSAM,0054O00000AAbkFQAT,false,false,2021-08-25T18:38:03.000+0000
0Yw4O000008iHFlSAM,0054O00000AAbkGQAT,false,false,2026-06-02T14:32:31.000+0000
0Yw4O000008iIrISAU,0054O00000AAjs9QAD,false,false,2022-02-01T14:02:54.000+0000
0Yw5b000008n7ADCAY,0055b00000NHUhOAAX,false,false,2026-06-10T16:56:02.000+0000
0Yw5b000008n7ASCAY,0055b00000NHUhdAAH,false,false,2023-11-16T21:12:46.000+0000
0Yw5b000008nEjPCAU,0055b00000NHcHdAAL,false,false,2022-03-08T14:47:39.000+0000
0Yw5b000008nV78CAE,0055b00000NHsjEAAT,false,false,2022-03-29T23:43:43.000+0000
0Yw5b0000093XCvCAM,0055b00000ObHKaAAN,true,false,2025-12-31T22:01:53.000+0000
0Yw5b00000Acw8ECAR,0055b00000P37ebAAB,false,false,2025-05-05T22:48:36.000+0000
0Yw5b00000Ad1RkCAJ,0055b00000P3D0IAAV,false,false,2026-06-22T19:57:49.000+0000
0Yw5b00000Ad1TCCAZ,0055b00000P3D1uAAF,false,false,2026-05-08T14:01:52.000+0000
0Yw5b00000Ad2GYCAZ,0055b00000P3DpuAAF,false,false,2026-08-10T18:56:05.000+0000
0Yw5b00000Ad2GdCAJ,0055b00000P3Dq4AAF,true,false,2025-02-11T22:44:36.000+0000
0Yw5b00000Ad2GiCAJ,0055b00000P3DqEAAV,false,false,2026-04-27T18:33:02.000+0000
0Yw5b00000Ad44UCAR,0055b00000P3Fg6AAF,false,false,2025-05-27T18:19:55.000+0000
0Yw5b00000Ad46zCAB,0055b00000P3FjZAAV,false,false,2021-10-26T10:35:01.000+0000
0Yw5b00000Ad474CAB,0055b00000P3FjeAAF,false,false,2023-05-31T08:46:20.000+0000
0Yw5b00000AdD15CAF,0055b00000P3OuMAAV,false,false,2021-11-09T00:15:11.000+0000
0Yw5b00000AdD1PCAV,0055b00000P3OugAAF,false,false,2026-06-10T19:55:12.000+0000
0Yw5b00000AdD1UCAV,0055b00000P3OuqAAF,false,false,2026-04-15T17:05:57.000+0000
0Yw5b00000AdD1ZCAV,0055b00000P3OuvAAF,false,false,2023-11-17T16:13:46.000+0000
0Yw5b00000AdD1eCAF,0055b00000P3Ov5AAF,false,false,2023-11-17T16:13:49.000+0000
0Yw5b00000AdD1jCAF,0055b00000P3OvAAAV,false,false,2021-11-08T22:09:32.000+0000
0Yw5b00000AdD1tCAF,0055b00000P3OvKAAV,false,false,2026-07-08T16:39:07.000+0000
0Yw5b00000AdD1yCAF,0055b00000P3OvPAAV,false,false,2023-11-17T16:13:59.000+0000
0Yw5b00000AdD23CAF,0055b00000P3OvUAAV,false,false,2024-07-19T13:27:56.000+0000
0Yw5b00000AdD28CAF,0055b00000P3OvZAAV,false,false,2023-11-29T23:48:42.000+0000
0Yw5b00000AdD2DCAV,0055b00000P3OveAAF,false,false,2026-01-07T15:32:01.000+0000
0Yw5b00000AdD2ICAV,0055b00000P3OvjAAF,false,false,2023-11-17T16:14:15.000+0000
0Yw5b00000AdD2mCAF,0055b00000P3OwDAAV,false,false,2021-11-09T02:42:32.000+0000
0Yw5b00000AdD36CAF,0055b00000P3OwcAAF,false,false,2025-03-11T18:24:11.000+0000
0Yw5b00000AdD3BCAV,0055b00000P3OwmAAF,false,false,2026-06-17T15:40:55.000+0000
0Yw5b00000AdD3GCAV,0055b00000P3OwrAAF,false,false,2026-07-31T00:00:04.000+0000
0Yw5b00000AdD3LCAV,0055b00000P3OwwAAF,false,false,2022-04-15T15:24:54.000+0000
0Yw5b00000AdD3QCAV,0055b00000P3Ox1AAF,false,false,2023-12-14T13:56:23.000+0000
0Yw5b00000AdD3VCAV,0055b00000P3Ox6AAF,false,false,2024-10-24T12:34:39.000+0000
0Yw5b00000AdD3aCAF,0055b00000P3OxBAAV,false,false,2023-11-17T16:14:58.000+0000
0Yw5b00000AdD3kCAF,0055b00000P3OxLAAV,false,false,2026-05-18T18:25:51.000+0000
0Yw5b00000AdD3pCAF,0055b00000P3OxVAAV,false,false,2023-11-17T16:15:12.000+0000
0Yw5b00000AdD3uCAF,0055b00000P3OxaAAF,false,false,2021-12-08T21:30:18.000+0000
0Yw5b00000AdD3zCAF,0055b00000P3OxfAAF,false,false,2023-11-17T16:15:15.000+0000
0Yw5b00000AdD44CAF,0055b00000P3OxkAAF,false,false,2023-11-17T16:15:17.000+0000
0Yw5b00000AdD49CAF,0055b00000P3OxpAAF,false,false,2025-07-02T11:21:15.000+0000
0Yw5b00000AdD4JCAV,0055b00000P3OxzAAF,false,false,2026-03-19T13:27:21.000+0000
0Yw5b00000AdSAHCA3,0055b00000P3eZtAAJ,false,false,2021-12-02T15:49:08.000+0000
0Yw5b00000Adg30CAB,0055b00000P3sl0AAB,false,false,2022-06-20T12:55:11.000+0000
0Yw5b00000AdhMDCAZ,0055b00000P3u4XAAR,false,false,2026-08-10T12:39:47.000+0000
0Yw5b00000AeAf4CAF,0055b00000P4NRkAAN,false,false,2026-05-12T03:14:21.000+0000
0Yw5b00000AeaWNCAZ,0055b00000P4nLYAAZ,true,false,2023-12-01T19:01:53.000+0000
0Yw5b00000AefQjCAJ,0055b00000P4sGTAAZ,false,false,2022-02-15T20:38:54.000+0000
0Yw5b00000AefSuCAJ,0055b00000P4sIjAAJ,false,false,2023-11-17T16:14:53.000+0000
0Yw5b00000AehX3CAJ,0055b00000P4uN7AAJ,false,false,2023-11-17T16:14:49.000+0000
0Yw5b00000Aeiz3CAB,0055b00000P4vpCAAR,false,false,2023-10-18T13:52:53.000+0000
0Yw5b00000AemVlCAJ,0055b00000P4zLzAAJ,false,false,2026-06-15T14:56:17.000+0000
0Yw5b00000Aev1kCAB,0055b00000P57sDAAR,false,false,2026-05-21T16:16:01.000+0000
0Yw5b00000AeyL4CAJ,0055b00000P5BBhAAN,false,false,2023-06-05T11:44:01.000+0000
0Yw5b00000AeyL5CAJ,0055b00000P5BBiAAN,true,false,2022-05-31T16:46:51.000+0000
0Yw5b00000AeyL6CAJ,0055b00000P5BBjAAN,false,false,2026-08-18T08:18:22.000+0000
0Yw5b00000AeyL7CAJ,0055b00000P5BBkAAN,false,false,2023-01-17T09:22:50.000+0000
0Yw5b00000AeyL8CAJ,0055b00000P5BBlAAN,false,false,2026-08-12T11:16:43.000+0000
0Yw5b00000AeyL9CAJ,0055b00000P5BBmAAN,false,false,2022-10-31T14:43:05.000+0000
0Yw5b00000AeyLACAZ,0055b00000P5BBnAAN,false,false,2022-12-20T11:13:07.000+0000
0Yw5b00000AeyLBCAZ,0055b00000P5BBoAAN,false,false,2026-06-15T13:24:46.000+0000
0Yw5b00000AeyLCCAZ,0055b00000P5BBpAAN,false,false,2026-05-26T07:51:34.000+0000
0Yw5b00000AeyLDCAZ,0055b00000P5BBqAAN,false,false,2023-02-01T10:15:50.000+0000
0Yw5b00000AeyLECAZ,0055b00000P5BBrAAN,false,false,2026-06-01T10:25:59.000+0000
0Yw5b00000AeyLFCAZ,0055b00000P5BBsAAN,false,false,2024-08-19T08:00:45.000+0000
0Yw5b00000AeyLGCAZ,0055b00000P5BBtAAN,false,false,2022-12-08T13:28:56.000+0000
0Yw5b00000AeyLHCAZ,0055b00000P5BBuAAN,false,false,2023-02-07T10:06:02.000+0000
0Yw5b00000AeyLICAZ,0055b00000P5BBvAAN,false,false,2026-06-08T07:34:39.000+0000
0Yw5b00000AeyLJCAZ,0055b00000P5BBwAAN,true,false,2025-04-29T12:56:10.000+0000
0Yw5b00000AeyLKCAZ,0055b00000P5BBxAAN,true,false,2025-11-28T08:45:06.000+0000
0Yw5b00000AeyLLCAZ,0055b00000P5BByAAN,true,false,2025-01-06T12:53:04.000+0000
0Yw5b00000AeyLMCAZ,0055b00000P5BBzAAN,false,false,2026-06-01T10:24:02.000+0000
0Yw5b00000AeyLNCAZ,0055b00000P5BC0AAN,true,false,2025-07-08T20:34:36.000+0000
0Yw5b00000AeyLOCAZ,0055b00000P5BC1AAN,true,false,2026-01-27T10:44:19.000+0000
0Yw5b00000AeyLPCAZ,0055b00000P5BC2AAN,false,false,2024-11-20T11:09:23.000+0000
0Yw5b00000AeyLQCAZ,0055b00000P5BC3AAN,false,false,2025-02-17T08:38:54.000+0000
0Yw5b00000AeyLRCAZ,0055b00000P5BC4AAN,true,false,2026-02-03T15:11:19.000+0000
0Yw5b00000AeyLSCAZ,0055b00000P5BC5AAN,false,false,2022-03-11T09:55:01.000+0000
0Yw5b00000AeyLTCAZ,0055b00000P5BC6AAN,false,false,2026-08-11T07:27:23.000+0000
0Yw5b00000AeyLUCAZ,0055b00000P5BC7AAN,false,false,2023-04-03T14:20:42.000+0000
0Yw5b00000AeyLVCAZ,0055b00000P5BC8AAN,false,false,2026-06-17T08:05:40.000+0000
0Yw5b00000AeyLWCAZ,0055b00000P5BC9AAN,false,false,2023-06-12T07:32:09.000+0000
0Yw5b00000AeyLXCAZ,0055b00000P5BCAAA3,false,false,2024-05-13T12:38:51.000+0000
0Yw5b00000AeyLYCAZ,0055b00000P5BCBAA3,false,false,2026-06-15T07:26:23.000+0000
0Yw5b00000AeyLZCAZ,0055b00000P5BCCAA3,false,false,2023-03-27T09:31:06.000+0000
0Yw5b00000AeyLaCAJ,0055b00000P5BCDAA3,false,false,2026-05-26T07:31:01.000+0000
0Yw5b00000AeyLbCAJ,0055b00000P5BCEAA3,false,false,2026-06-01T07:49:30.000+0000
0Yw5b00000AeyLcCAJ,0055b00000P5BCFAA3,false,false,2022-03-11T09:55:03.000+0000
0Yw5b00000AeyLdCAJ,0055b00000P5BCGAA3,false,false,2026-08-12T07:35:14.000+0000
0Yw5b00000AeyLeCAJ,0055b00000P5BCHAA3,false,false,2023-03-13T09:16:00.000+0000
0Yw5b00000AeyLfCAJ,0055b00000P5BCIAA3,false,false,2024-10-31T08:52:29.000+0000
0Yw5b00000AeyLgCAJ,0055b00000P5BCJAA3,false,false,2025-02-12T08:21:25.000+0000
0Yw5b00000AeyLhCAJ,0055b00000P5BCKAA3,false,false,2022-03-11T09:55:04.000+0000
0Yw5b00000AeyLiCAJ,0055b00000P5BCLAA3,false,false,2026-05-18T07:48:52.000+0000
0Yw5b00000AeyLjCAJ,0055b00000P5BCMAA3,false,false,2022-03-11T09:55:05.000+0000
0Yw5b00000AeyLkCAJ,0055b00000P5BCNAA3,false,false,2022-03-11T09:55:05.000+0000
0Yw5b00000AeyLlCAJ,0055b00000P5BCOAA3,false,false,2022-03-11T09:55:05.000+0000
0Yw5b00000AeyLmCAJ,0055b00000P5BCPAA3,false,false,2026-05-26T07:04:14.000+0000
0Yw5b00000AeyLnCAJ,0055b00000P5BCQAA3,false,false,2026-07-29T07:36:47.000+0000
0Yw5b00000Af1jdCAB,0055b00000P5EaVAAV,false,false,2022-03-15T14:13:24.000+0000
0Yw5b00000Af1jeCAB,0055b00000P5EaWAAV,false,false,2022-03-15T14:13:24.000+0000
0Yw5b00000Af5iKCAR,0055b00000P5IZRAA3,false,false,2022-12-20T14:38:44.000+0000
0Yw5b00000Af6TGCAZ,0055b00000P5JKXAA3,false,false,2023-11-16T21:12:48.000+0000
0Yw5b00000Af6TQCAZ,0055b00000P5JKhAAN,false,false,2026-08-17T13:30:17.000+0000
0Yw5b00000AfAR9CAN,0055b00000P5NIfAAN,false,false,2023-11-17T16:24:10.000+0000
0Yw5b00000AfASHCA3,0055b00000P5NJnAAN,false,false,2023-11-17T16:14:26.000+0000
0Yw5b00000AfASMCA3,0055b00000P5NJsAAN,false,false,2023-11-17T16:14:03.000+0000
0Yw5b00000AfASWCA3,0055b00000P5NK2AAN,false,false,2023-11-17T16:15:09.000+0000
0Yw5b00000AfAuGCAV,0055b00000P5NlmAAF,false,false,2023-11-17T16:14:39.000+0000
0Yw5b00000AfDBYCA3,0055b00000P5Q3JAAV,false,false,2026-06-09T20:52:24.000+0000
0Yw5b00000AfDStCAN,0055b00000P5QKeAAN,false,false,2023-11-17T16:15:09.000+0000
0Yw5b00000AfEJdCAN,0055b00000P5RBTAA3,false,false,2025-08-12T14:39:36.000+0000
0Yw5b00000AfHZACA3,0055b00000P5URAAA3,true,false,2025-01-14T14:29:15.000+0000
0Yw5b00000AfIsDCAV,0055b00000P5VkIAAV,false,false,2026-08-18T14:43:44.000+0000
0Yw5b00000AfIsXCAV,0055b00000P5VkcAAF,false,false,2022-09-30T14:56:51.000+0000
0Yw5b00000AfKVzCAN,0055b00000P5XjRAAV,false,false,2023-01-24T15:16:09.000+0000
0Yw5b00000AfKW4CAN,0055b00000P5XjWAAV,false,false,2022-08-09T20:10:41.000+0000
0Yw5b00000AfL6qCAF,0055b00000P5YKIAA3,false,false,2023-11-16T21:12:46.000+0000
0Yw5b00000AfMvQCAV,0055b00000P5aCuAAJ,false,false,2023-11-17T16:31:42.000+0000
0Yw5b00000AfNRMCA3,0055b00000P5aivAAB,false,false,2026-08-10T15:55:34.000+0000
0Yw5b00000AfOpeCAF,0055b00000P5c7IAAR,false,false,2025-08-18T12:39:45.000+0000
0Yw5b00000AfQGMCA3,0055b00000P5dYoAAJ,true,false,2026-01-27T10:45:53.000+0000
0Yw5b00000AfQNmCAN,0055b00000P5dgEAAR,false,false,2023-08-08T07:29:21.000+0000
0Yw5b00000AfSFzCAN,0055b00000P5fYWAAZ,false,false,2023-08-01T20:33:19.000+0000
0Yw5b00000AfVQ2CAN,0055b00000P5iiyAAB,false,false,2025-02-19T11:10:43.000+0000
0Yw5b00000AfYocCAF,0055b00000P5m7xAAB,false,false,2024-08-19T08:19:46.000+0000
0Yw5b00000AfYolCAF,0055b00000P5m86AAB,false,false,2023-03-06T14:12:08.000+0000
0Yw5b00000AfcjaCAB,0055b00000P5q3AAAR,false,false,2026-06-09T13:46:59.000+0000
0Yw5b00000Afi5qCAB,0055b00000P5vPkAAJ,false,false,2023-11-17T16:14:43.000+0000
0Yw5b00000AfjnFCAR,0055b00000P5x7TAAR,false,false,2025-01-03T17:35:49.000+0000
0Yw5b00000AfjnoCAB,0055b00000P5x82AAB,false,false,2023-03-22T21:14:32.000+0000
0Yw5b00000Afjo8CAB,0055b00000P5x8MAAR,false,false,2022-09-15T12:36:07.000+0000
0Yw5b00000AfqtoCAB,0055b00000P64EWAAZ,false,false,2023-06-20T15:49:36.000+0000
0Yw5b00000AfqttCAB,0055b00000P64EbAAJ,false,false,2022-10-18T09:10:50.000+0000
0Yw5b00000Afr8tCAB,0055b00000P64TbAAJ,false,false,2025-01-03T15:39:08.000+0000
0Yw5b00000AftX7CAJ,0055b00000P66ruAAB,false,false,2023-05-15T07:26:45.000+0000
0Yw5b00000AftZwCAJ,0055b00000P66ujAAB,false,false,2026-07-29T10:12:08.000+0000
0Yw5b00000AfzRoCAJ,0055b00000P6CnjAAF,false,false,2023-11-17T17:13:57.000+0000
0Yw5b00000Ag41RCAR,0055b00000P6HO0AAN,false,false,2026-08-17T12:26:46.000+0000
0Yw5b00000Ag4PnCAJ,0055b00000P6HmRAAV,false,false,2023-11-17T16:14:01.000+0000
0Yw5b00000Ag7M8CAJ,0055b00000P6KjQAAV,false,false,2022-07-20T11:45:30.000+0000
0Yw5b00000AgAdWCAV,0055b00000P6O18AAF,false,false,2023-11-17T16:15:08.000+0000
0Yw5b00000AgBdcCAF,0055b00000P6P1JAAV,false,false,2023-07-24T08:04:11.000+0000
0Yw5b00000AgIZNCA3,0055b00000P6VzAAAV,true,false,2025-10-01T08:45:28.000+0000
0Yw5b00000AgIo3CAF,0055b00000P6WDvAAN,false,false,2024-11-26T14:05:14.000+0000
0Yw5b00000CWhItCAL,0055b00000QvzmHAAR,true,false,2024-02-08T17:46:02.000+0000
0Yw5b00000CX5zXCAT,0055b00000QwOTPAA3,false,false,2026-07-27T13:17:20.000+0000
0Yw5b00000CXDh7CAH,0055b00000RDIlvAAH,false,false,2023-11-17T16:15:22.000+0000
0Yw5b00000CXDhvCAH,0055b00000RDImjAAH,false,false,2023-11-17T16:14:27.000+0000
0Yw5b00000CXDiACAX,0055b00000RDImyAAH,false,false,2026-02-03T15:51:40.000+0000
0Yw5b00000CXDiZCAX,0055b00000RDInNAAX,false,false,2023-11-17T16:24:10.000+0000
0Yw5b00000CXZgzCAH,0055b00000RDen0AAD,false,false,2023-07-17T18:43:53.000+0000
0Yw5b00000CYioLCAT,0055b00000REnyEAAT,false,false,2026-08-09T14:31:12.000+0000
0Yw5b00000CYzR4CAL,0055b00000RF4cPAAT,false,false,2026-02-09T20:06:38.000+0000
0Yw5b00000CZ21nCAD,0055b00000RF7DXAA1,false,false,2026-06-21T09:37:27.000+0000
0Yw5b00000CZ5mDCAT,0055b00000RFAyqAAH,false,false,2023-11-17T19:39:58.000+0000
0Yw5b00000CaIr3CAF,0055b00000RGOAhAAP,false,false,2023-11-17T16:14:45.000+0000
0Yw5b00000CaJBSCA3,0055b00000RGOVBAA5,false,false,2023-11-17T16:15:05.000+0000
0Yw5b00000CaMliCAF,0055b00000RGS5gAAH,false,false,2024-07-24T20:15:46.000+0000
0Yw5b00000D8DXaCAN,0055b00000RGjhhAAD,true,false,2024-12-16T18:50:29.000+0000
0Yw5b00000D9B5WCAV,0055b00000RYTtEAAX,false,false,2025-10-27T17:35:25.000+0000
0Yw5b00000D9FYmCAN,0055b00000RYYMZAA5,false,false,2025-06-04T03:56:20.000+0000
0Yw5b00000D9FZGCA3,0055b00000RYYN8AAP,false,false,2023-11-22T14:48:33.000+0000
0Yw5b00000D9XMyCAN,0055b00000RYqBAAA1,false,false,2026-07-07T08:11:35.000+0000
0Yw5b00000D9h6rCAB,0055b00000RYzvDAAT,false,false,2023-11-16T21:12:47.000+0000
0Yw5b00000D9hAJCAZ,0055b00000RYzyfAAD,false,false,2023-11-17T16:13:54.000+0000
0Yw5b00000D9oZ6CAJ,0055b00000RZ7NrAAL,false,false,2026-06-01T09:04:47.000+0000
0Yw5b00000DA4cQCAT,0055b00000RZNRLAA5,false,false,2026-07-28T14:25:00.000+0000
0Yw5b00000DA4cpCAD,0055b00000RZNRpAAP,false,false,2023-11-17T16:13:54.000+0000
0Yw5b00000DA4d9CAD,0055b00000RZNSEAA5,false,false,2023-11-17T16:15:01.000+0000
0Yw5b00000DA4dTCAT,0055b00000RZNSYAA5,false,false,2023-11-17T16:14:05.000+0000
0Yw5b00000DA4dYCAT,0055b00000RZNSdAAP,false,false,2026-07-08T18:32:51.000+0000
0Yw5b00000DALGMCA5,0055b00000RZe7NAAT,false,false,2024-12-31T12:13:50.000+0000
0Yw5b00000DBjC6CAL,0055b00000Rb24tAAB,false,false,2023-11-17T16:14:55.000+0000
0Yw5b00000DBjFZCA1,0055b00000Rb28MAAR,false,false,2023-11-17T16:24:12.000+0000
0Yw5b00000DBxvFCAT,0055b00000RbGoHAAV,true,false,2024-10-01T14:38:58.000+0000
0Yw5b00000DC20sCAD,0055b00000RbKtzAAF,false,false,2025-12-05T14:57:29.000+0000
0Yw5b00000DC63MCAT,0055b00000RbOwdAAF,false,false,2025-03-28T13:41:14.000+0000
0Yw5b00000DCZDQCA5,0055b00000QI639AAD,false,false,2025-05-01T18:10:53.000+0000
0Yw5b00000DCZPWCA5,0055b00000QI6FZAA1,false,false,2023-11-17T16:14:01.000+0000
0Yw5b00000DCaaLCAT,0055b00000QI7QxAAL,true,false,2025-05-01T12:52:28.000+0000
0Yw5b00000DCaaQCAT,0055b00000QI7R2AAL,false,false,2024-05-28T13:22:11.000+0000
0Yw5b00000DCbVWCA1,0055b00000QI8MDAA1,false,false,2024-11-13T01:39:13.000+0000
0Yw5b00000DCf0hCAD,0055b00000QIBrsAAH,false,false,2023-03-02T16:28:51.000+0000
0Yw5b00000DCfpVCAT,0055b00000QICgqAAH,true,false,2024-01-02T14:32:26.000+0000
0Yw5b00000DCiJwCAL,0055b00000QIFCAAA5,false,false,2023-03-09T15:36:05.000+0000
0Yw5b00000DCiK1CAL,0055b00000QIFCFAA5,true,false,2023-03-24T20:01:37.000+0000
0Yw5b00000DCiK6CAL,0055b00000QIFCKAA5,true,false,2026-05-26T21:01:52.000+0000
0Yw5b00000DCnxrCAD,0055b00000QIKqyAAH,true,false,2025-12-08T14:15:58.000+0000
0Yw5b00000DCsZ6CAL,0055b00000QIPTBAA5,false,false,2023-11-17T16:14:22.000+0000
0Yw5b00000DCsZaCAL,0055b00000QIPTfAAP,false,false,2023-11-17T16:54:24.000+0000
0Yw5b00000DCstLCAT,0055b00000QIPnVAAX,false,false,2023-11-17T16:14:29.000+0000
0Yw5b00000DD35qCAD,0055b00000QIa0eAAD,false,false,2023-11-17T16:15:11.000+0000
0Yw5b00000DD5W0CAL,0055b00000QIcQoAAL,false,false,2023-04-18T16:21:13.000+0000
0Yw5b00000DD69vCAD,0055b00000QId4oAAD,false,false,2026-08-10T11:59:06.000+0000
0Yw5b00000DD79XCAT,0055b00000QIe4QAAT,false,false,2026-06-23T09:20:59.000+0000
0Yw5b00000DD7A6CAL,0055b00000QIe4zAAD,false,false,2026-07-06T11:32:54.000+0000
0Yw5b00000DD849CAD,0055b00000QIez2AAD,false,false,2024-12-17T13:48:30.000+0000
0Yw5b00000DD88BCAT,0055b00000QIf34AAD,true,false,2024-11-19T08:47:38.000+0000
0Yw5b00000DDC5BCAX,0055b00000QIj09AAD,false,false,2024-12-17T12:20:54.000+0000
0Yw5b00000DDEerCAH,0055b00000QIla9AAD,false,false,2024-08-21T18:46:20.000+0000
0Yw5b00000DDEesCAH,0055b00000QIlaAAAT,false,false,2026-06-03T12:32:57.000+0000
0Yw5b00000DDEetCAH,0055b00000QIlaBAAT,false,false,2026-08-10T12:40:45.000+0000
0Yw5b00000DDEeuCAH,0055b00000QIlaCAAT,false,false,2023-11-17T18:19:06.000+0000
0Yw5b00000DDEevCAH,0055b00000QIlaDAAT,false,false,2026-06-22T16:20:06.000+0000
0Yw5b00000DDEewCAH,0055b00000QIlaEAAT,false,false,2026-07-30T20:58:36.000+0000
0Yw5b00000DDEexCAH,0055b00000QIlaFAAT,false,false,2026-05-20T13:26:52.000+0000
0Yw5b00000DDHudCAH,0055b00000QIoq5AAD,false,false,2023-05-03T20:08:26.000+0000
0Yw5b00000DDHuiCAH,0055b00000QIoqAAAT,false,false,2023-05-03T16:04:32.000+0000
0Yw5b00000DDHunCAH,0055b00000QIoqFAAT,false,false,2024-03-06T19:15:30.000+0000
0Yw5b00000DDHusCAH,0055b00000QIoqKAAT,false,false,2023-05-03T14:13:21.000+0000
0Yw5b00000DDHuxCAH,0055b00000QIoqPAAT,false,false,2023-11-17T17:42:48.000+0000
0Yw5b00000DDJCOCA5,0055b00000QIq7qAAD,false,false,2026-08-10T12:21:06.000+0000
0Yw5b00000DDLDxCAP,0055b00000QIs9UAAT,false,false,2023-11-17T16:24:14.000+0000
0Yw5b00000DDMBYCA5,0055b00000QIt75AAD,false,false,2023-05-16T12:39:31.000+0000
0Yw5b00000DDMbMCAX,0055b00000QItWyAAL,false,false,2026-08-17T01:20:07.000+0000
0Yw5b00000DDMeLCAX,0055b00000QItZxAAL,false,false,2023-11-17T16:24:11.000+0000
0Yw5b00000DDNxTCAX,0055b00000QIut5AAD,false,false,2024-06-19T07:39:16.000+0000
0Yw5b00000DDOF3CAP,0055b00000QIvApAAL,false,false,2026-06-04T13:28:02.000+0000
0Yw5b00000DDPxLCAX,0055b00000QIwt7AAD,false,false,2026-07-07T08:20:16.000+0000
0Yw5b00000DDSHcCAP,0055b00000QIzDTAA1,false,false,2026-05-26T08:01:09.000+0000
0Yw5b00000DDSLZCA5,0055b00000QIzHQAA1,false,false,2025-02-18T14:22:00.000+0000
0Yw5b00000DDSNkCAP,0055b00000QIzJbAAL,true,false,2024-05-06T12:46:33.000+0000
0Yw5b00000DDSNlCAP,0055b00000QIzJcAAL,false,false,2024-05-16T20:31:47.000+0000
0Yw5b00000DDSNmCAP,0055b00000QIzJdAAL,false,false,2026-06-08T13:45:53.000+0000
0Yw5b00000DDSNnCAP,0055b00000QIzJeAAL,false,false,2026-07-08T20:57:01.000+0000
0Yw5b00000DDSNzCAP,0055b00000QIzJqAAL,false,false,2025-06-25T22:26:15.000+0000
0Yw5b00000DDSO0CAP,0055b00000QIzJrAAL,false,false,2023-11-17T16:14:46.000+0000
0Yw5b00000DDSO1CAP,0055b00000QIzJsAAL,false,false,2026-08-17T12:49:19.000+0000
0Yw5b00000DDSO2CAP,0055b00000QIzJtAAL,false,false,2026-06-01T12:52:40.000+0000
0Yw5b00000DDSO3CAP,0055b00000QIzJuAAL,true,false,2024-05-05T23:57:24.000+0000
0Yw5b00000DDTSWCA5,0055b00000QJ0OhAAL,false,false,2024-06-03T08:33:31.000+0000
0Yw5b00000DDXzeCAH,0055b00000QJ4vzAAD,false,false,2025-06-17T14:04:59.000+0000
0Yw5b00000DDaK0CAL,0055b00000QJ7GVAA1,false,false,2023-06-02T15:51:29.000+0000
0Yw5b00000DDdASCA1,0055b00000QJA77AAH,false,false,2024-05-17T13:14:03.000+0000
0Yw5b00000DDdBfCAL,0055b00000QJA8KAAX,false,false,2023-06-07T19:28:14.000+0000
0Yw5b00000DDdKSCA1,0055b00000QJAH7AAP,false,false,2024-07-16T16:58:40.000+0000
0Yw5b00000DDdKXCA1,0055b00000QJAHCAA5,false,false,2026-05-05T21:17:47.000+0000
0Yw5b00000DDe91CAD,0055b00000QJB5gAAH,false,false,2023-06-19T15:19:21.000+0000
0Yw5b00000DDe92CAD,0055b00000QJB5hAAH,true,false,2024-08-06T18:17:43.000+0000
0Yw5b00000DDe93CAD,0055b00000QJB5iAAH,false,false,2026-06-17T16:00:02.000+0000
0Yw5b00000DDe94CAD,0055b00000QJB5jAAH,false,false,2023-06-19T15:19:41.000+0000
0Yw5b00000DDe95CAD,0055b00000QJB5kAAH,false,false,2023-06-19T15:19:35.000+0000
0Yw5b00000DDe96CAD,0055b00000QJB5lAAH,false,false,2023-06-19T15:18:54.000+0000
0Yw5b00000DDe97CAD,0055b00000QJB5mAAH,false,false,2023-06-19T15:19:49.000+0000
0Yw5b00000DDe98CAD,0055b00000QJB5nAAH,false,false,2026-01-30T15:17:37.000+0000
0Yw5b00000DDe99CAD,0055b00000QJB5oAAH,true,false,2024-05-02T22:20:19.000+0000
0Yw5b00000DDe9ACAT,0055b00000QJB5pAAH,false,false,2023-06-19T15:19:28.000+0000
0Yw5b00000DDiwCCAT,0055b00000QJFswAAH,false,false,2026-08-10T14:55:01.000+0000
0Yw5b00000DDofCCAT,0055b00000QJLjWAAX,false,false,2026-07-13T12:54:12.000+0000
0Yw5b00000DDt6WCAT,0055b00000QJQAvAAP,true,false,2025-03-17T15:32:51.000+0000
0Yw5b00000DDw0bCAD,0055b00000QJT55AAH,false,false,2026-08-17T13:27:26.000+0000
0Yw5b00000DDxviCAD,0055b00000QJV0CAAX,false,false,2025-07-28T17:58:26.000+0000
0Yw5b00000DDyQqCAL,0055b00000QJVVKAA5,false,false,2024-08-22T08:17:28.000+0000
0Yw5b00000DT548CAD,0055b00000RbbNMAAZ,true,false,2024-10-01T13:46:43.000+0000
0Yw5b00000DTlkaCAD,0055b00000RcI64AAF,false,false,2026-07-06T16:12:07.000+0000
0Yw5b00000EAdtkCAD,0055b00000SqjluAAB,false,false,2026-08-17T13:20:52.000+0000
0Yw5b00000EAdwUCAT,0055b00000SqjooAAB,false,false,2023-11-17T16:14:27.000+0000
0Yw5b00000EAgTkCAL,0055b00000SqmM9AAJ,false,false,2023-11-17T16:13:56.000+0000
0Yw5b00000EAp8lCAD,0055b00000Sqv28AAB,false,false,2024-05-28T08:50:09.000+0000
0Yw5b00000EB5rICAT,0055b00000SrBliAAF,false,false,2023-11-17T16:26:01.000+0000
0Yw5b00000EBonGCAT,0055b00000SrulOAAR,false,false,2026-07-14T13:43:48.000+0000
0Yw5b00000EBvWHCA1,0055b00000Ss1UjAAJ,false,false,2024-05-21T12:41:37.000+0000
0Yw5b00000EC6XzCAL,0055b00000SsCYcAAN,false,false,2025-02-06T11:07:40.000+0000
0Yw5b00000ECampCAD,0055b00000SsgwjAAB,false,false,2023-09-29T12:32:16.000+0000
0Yw5b00000ECeZkCAL,0055b00000SskkrAAB,false,false,2024-11-25T08:56:11.000+0000
0Yw5b00000EChnVCAT,0055b00000Sso0JAAR,true,false,2025-03-31T09:31:14.000+0000
0Yw5b00000Ee4HbCAJ,0055b00000T09yxAAB,false,false,2024-02-19T12:45:43.000+0000
0Yw5b00000EeZFMCA3,0055b00000T0f3eAAB,false,false,2023-10-30T08:50:22.000+0000
0Yw5b00000EeZFRCA3,0055b00000T0f3jAAB,false,false,2023-10-30T08:50:50.000+0000
0Yw5b00000EeZrkCAF,0055b00000T0fgMAAR,false,false,2026-07-06T10:36:37.000+0000
0Yw5b00000EebA9CAJ,0055b00000T0gylAAB,false,false,2026-08-17T08:28:06.000+0000
0Yw5b00000Eec1cCAB,0055b00000T0hqJAAR,false,false,2025-12-15T10:21:02.000+0000
0Yw5b00000EefVkCAJ,0055b00000T0lKRAAZ,false,false,2024-04-11T14:29:31.000+0000
0Yw5b00000EefVpCAJ,0055b00000T0lKWAAZ,false,false,2024-03-06T15:42:19.000+0000
0Yw5b00000Eeg54CAB,0055b00000T0ltvAAB,false,false,2026-06-04T09:34:21.000+0000
0Yw5b00000EegdMCAR,0055b00000T0mSDAAZ,false,false,2026-07-20T20:19:37.000+0000
0Yw5b00000EegdQCAR,0055b00000T0mSHAAZ,true,false,2024-01-15T15:01:58.000+0000
0Yw5b00000EegdRCAR,0055b00000T0mSIAAZ,true,false,2024-01-15T15:02:10.000+0000
0Yw5b00000EegdSCAR,0055b00000T0mSJAAZ,false,false,2024-01-30T21:50:45.000+0000
0Yw5b00000EegdTCAR,0055b00000T0mSKAAZ,true,false,2024-02-27T19:24:47.000+0000
0Yw5b00000Eei7lCAB,0055b00000T0nx1AAB,false,false,2026-04-23T11:44:57.000+0000
0Yw5b00000EeifJCAR,0055b00000T0oUZAAZ,false,false,2024-02-20T21:58:58.000+0000
0Yw5b00000EejatCAB,0055b00000T0pQ9AAJ,false,false,2026-08-17T13:20:21.000+0000
0Yw5b00000EerigCAB,0055b00000T0xYuAAJ,false,false,2023-12-13T23:43:57.000+0000
0Yw5b00000EerjKCAR,0055b00000T0xZYAAZ,false,false,2026-08-03T16:08:16.000+0000
0Yw5b00000EerjPCAR,0055b00000T0xZdAAJ,true,false,2024-09-09T15:00:34.000+0000
0Yw5b00000Ef47iCAB,0055b00000T19yGAAR,false,false,2026-07-13T14:02:08.000+0000
0Yw5b00000Ef4ycCAB,0055b00000T1ApPAAV,false,false,2026-06-05T08:03:07.000+0000
0Yw5b00000ExUfXCAV,0055b00000StRYoAAN,true,false,2024-08-07T20:38:59.000+0000
0Yw5b00000ExUguCAF,0055b00000StRaBAAV,false,false,2025-05-28T17:40:43.000+0000
0Yw5b00000ExW1yCAF,0055b00000StSvUAAV,false,false,2026-08-10T10:59:11.000+0000
0Yw5b00000ExdJ6CAJ,0055b00000StaETAAZ,false,false,2024-05-20T08:07:39.000+0000
0Yw5b00000ExeI4CAJ,0055b00000StbDqAAJ,false,false,2023-11-17T16:14:17.000+0000
0Yw5b00000ExesvCAB,0055b00000StborAAB,false,false,2026-07-07T14:51:34.000+0000
0Yw5b00000ExwVuCAJ,0055b00000SttZ6AAJ,false,false,2026-07-21T13:28:09.000+0000
0Yw5b00000Ey02rCAB,0055b00000Stx7LAAR,false,false,2026-08-10T13:12:00.000+0000
0Yw5b00000Ey6zBCAR,0055b00000Su45qAAB,true,false,2026-02-03T18:25:22.000+0000
0Yw5b00000Ez4RECAZ,0055b00000TKCRcAAP,false,false,2023-11-17T16:14:12.000+0000
0YwRo0000004eRtKAI,005Ro000000mb3hIAA,false,false,2026-06-03T13:01:46.000+0000
0YwRo0000005DO1KAM,005Ro000000sCozIAE,false,false,2024-06-19T07:38:30.000+0000
0YwRo0000005YFZKA2,005Ro000000wQN7IAM,false,false,2026-05-27T21:35:41.000+0000
0YwRo0000006C1hKAE,005Ro0000012QInIAM,false,false,2026-07-15T07:56:35.000+0000
0YwRo0000006C3JKAU,005Ro0000012PTCIA2,false,false,2024-05-16T08:09:52.000+0000
0YwRo0000006rG9KAI,005Ro0000017EYlIAM,false,false,2024-11-19T00:01:05.000+0000
0YwRo0000006yfpKAA,005Ro0000019OIfIAM,false,false,2026-08-14T00:32:58.000+0000
0YwRo0000007uOrKAI,005Ro000001M0nBIAS,false,false,2024-06-03T09:30:57.000+0000
0YwRo00000091phKAA,005Ro000001bBdSIAU,false,false,2025-04-08T13:19:22.000+0000
0YwRo00000091rJKAQ,005Ro000001bN6jIAE,false,false,2026-07-13T18:27:17.000+0000
0YwRo00000096CfKAI,005Ro000001cj1yIAA,false,false,2026-07-07T14:15:23.000+0000
0YwRo0000009EDRKA2,005Ro000001dbNJIAY,false,false,2025-06-11T14:12:17.000+0000
0YwRo0000009aQrKAI,005Ro000001hrwXIAQ,false,false,2025-11-03T17:26:50.000+0000
0YwRo000000AIrhKAG,005Ro000001uDDJIA2,false,false,2024-09-25T18:54:56.000+0000
0YwRo000000AVovKAG,005Ro000001yTRZIA2,false,false,2026-07-27T16:10:22.000+0000
0YwRo000000AVowKAG,005Ro000001yTRaIAM,false,false,2026-07-29T13:59:13.000+0000
0YwRo000000AVoxKAG,005Ro000001yTRbIAM,false,false,2026-07-28T13:24:38.000+0000
0YwRo000000AVoyKAG,005Ro000001yTRcIAM,false,false,2026-07-27T12:33:24.000+0000
0YwRo000000AVozKAG,005Ro000001yTRdIAM,false,false,2025-04-28T13:38:14.000+0000
0YwRo000000AVp0KAG,005Ro000001yTReIAM,false,false,2024-04-30T17:00:32.000+0000
0YwRo000000AVp1KAG,005Ro000001yTRfIAM,false,false,2024-04-30T17:00:31.000+0000
0YwRo000000AVp2KAG,005Ro000001yTRgIAM,false,false,2026-05-26T12:43:06.000+0000
0YwRo000000AVp3KAG,005Ro000001yTRhIAM,false,false,2024-12-23T15:28:38.000+0000
0YwRo000000AVp4KAG,005Ro000001yTRiIAM,false,false,2026-07-22T14:58:44.000+0000
0YwRo000000AVp5KAG,005Ro000001yTRjIAM,false,false,2025-05-01T13:01:55.000+0000
0YwRo000000AVp6KAG,005Ro000001yTRkIAM,false,false,2025-04-28T12:28:51.000+0000
0YwRo000000CJlFKAW,005Ro000002LEEwIAO,false,false,2024-04-03T05:13:25.000+0000
0YwRo000000CJoTKAW,005Ro000002LIjyIAG,false,false,2025-11-24T17:58:47.000+0000
0YwRo000000CJq5KAG,005Ro000002LOnlIAG,false,false,2024-03-29T18:17:12.000+0000
0YwRo000000CJtJKAW,005Ro000002LNRuIAO,false,false,2025-04-08T17:18:22.000+0000
0YwRo000000CK7pKAG,005Ro000002LMikIAG,false,false,2024-07-09T19:55:46.000+0000
0YwRo000000Cd8rKAC,005Ro000002QxGDIA0,false,false,2025-04-28T21:06:46.000+0000
0YwRo000000CnrNKAS,005Ro000002SUbXIAW,false,false,2026-06-02T16:13:23.000+0000
0YwRo000000CnszKAC,005Ro000002Sb57IAC,false,false,2026-07-14T15:56:16.000+0000
0YwRo000000CnwDKAS,005Ro000002SbI1IAK,false,false,2024-07-11T12:42:39.000+0000
0YwRo000000DJ6TKAW,005Ro000002bqHpIAI,false,false,2026-07-06T19:04:45.000+0000
0YwRo000000DR2PKAW,005Ro000002dCubIAE,false,false,2026-07-14T09:20:01.000+0000
0YwRo000000DbmXKAS,005Ro000002fKb7IAE,false,false,2024-07-09T13:18:38.000+0000
0YwRo000000DvDNKA0,005Ro000002kaDpIAI,false,false,2025-04-11T15:58:17.000+0000
0YwRo000000E5izKAC,005Ro000002oSw1IAE,false,false,2026-07-06T13:29:41.000+0000
0YwRo000000E5sgKAC,005Ro000002ocljIAA,false,false,2024-04-15T13:02:42.000+0000
0YwRo000000En0rKAC,005Ro000002y8snIAA,false,false,2026-07-15T13:38:39.000+0000
0YwRo000000EyE1KAK,005Ro0000032TvTIAU,false,false,2026-07-20T13:32:28.000+0000
0YwRo000000FB9dKAG,005Ro0000035vK5IAI,false,false,2024-09-18T15:17:55.000+0000
0YwRo000000FBG5KAO,005Ro0000035lW2IAI,false,false,2026-07-27T14:20:27.000+0000
0YwRo000000FJAPKA4,005Ro000003832DIAQ,false,false,2024-07-24T14:19:22.000+0000
0YwRo000000FnLNKA0,005Ro000003GUObIAO,false,false,2024-07-29T13:40:10.000+0000
0YwRo000000GIfJKAW,005Ro000003Ms3FIAS,false,false,2025-08-05T16:21:27.000+0000
0YwRo000000GKE5KAO,005Ro000003NC8PIAW,false,false,2026-08-10T07:12:46.000+0000
0YwRo000000GRVhKAO,005Ro000003PNZBIA4,false,false,2024-05-07T10:09:15.000+0000
0YwRo000000GoX7KAK,005Ro000003WsI5IAK,false,false,2026-02-10T20:05:45.000+0000
0YwRo000000GoaQKAS,005Ro000003WsQEIA0,false,false,2025-02-11T15:59:35.000+0000
0YwRo000000GoaRKAS,005Ro000003WsQFIA0,false,false,2026-07-09T14:31:48.000+0000
0YwRo000000GoaSKAS,005Ro000003WsQGIA0,false,false,2026-08-07T18:53:41.000+0000
0YwRo000000GoaTKAS,005Ro000003WsQHIA0,true,false,2026-01-16T21:46:00.000+0000
0YwRo000000GoaUKAS,005Ro000003WsQIIA0,false,false,2026-08-18T12:13:51.000+0000
0YwRo000000H62bKAC,005Ro000003aEXPIA2,false,false,2024-05-09T17:03:56.000+0000
0YwRo000000HuKLKA0,005Ro000003ju17IAA,false,false,2025-08-11T11:19:03.000+0000
0YwRo000000I7HZKA0,005Ro000003lhB3IAI,false,false,2024-11-18T15:13:22.000+0000
0YwRo000000Iv33KAC,005Ro000003vU4TIAU,false,false,2024-05-23T23:24:28.000+0000
0YwRo000000Iys9KAC,005Ro000003wMkoIAE,false,false,2026-07-06T13:43:04.000+0000
0YwRo000000IytlKAC,005Ro000003wOMnIAM,false,false,2026-05-26T15:10:16.000+0000
0YwRo000000JEdZKAW,005Ro0000040iYDIAY,true,false,2026-01-08T21:35:52.000+0000
0YwRo000000JQ8TKAW,005Ro0000042ZiYIAU,true,false,2024-08-02T17:03:26.000+0000
0YwRo000000K2TtKAK,005Ro0000046FjdIAE,false,false,2025-12-29T23:35:37.000+0000
0YwRo000000K2X7KAK,005Ro0000046FwXIAU,false,false,2026-06-08T16:06:59.000+0000
0YwRo000000K2nFKAS,005Ro00000469r8IAA,false,false,2026-06-01T10:40:23.000+0000
0YwRo000000KQnxKAG,005Ro000004A0CXIA0,false,false,2026-05-29T19:39:14.000+0000
0YwRo000000L0t3KAC,005Ro000004GMezIAG,false,false,2025-01-16T18:54:33.000+0000
0YwRo000000LWBNKA4,005Ro000004MzvSIAS,false,false,2026-07-17T17:53:40.000+0000
0YwRo000000LWEbKAO,005Ro000004N117IAC,false,false,2026-06-09T17:38:55.000+0000
0YwRo000000LegnKAC,005Ro000004OljRIAS,false,false,2026-05-29T13:01:31.000+0000
0YwRo000000Mb2YKAS,005Ro000004bKWwIAM,false,false,2024-06-24T16:38:34.000+0000
0YwRo000000N3TRKA0,005Ro000004gDEgIAM,false,false,2026-06-29T20:07:54.000+0000
0YwRo000000N41JKAS,005Ro000004gDBSIA2,false,false,2026-08-18T02:34:44.000+0000
0YwRo000000NLQLKA4,005Ro000004jpvJIAQ,false,false,2025-01-02T09:20:19.000+0000
0YwRo000000NyptKAC,005Ro0000056bgLIAQ,false,false,2024-07-08T15:40:36.000+0000
0YwRo000000NyrVKAS,005Ro0000056blBIAQ,false,false,2026-06-19T15:37:09.000+0000
0YwRo000000NyujKAC,005Ro0000056PDoIAM,false,false,2026-08-12T00:37:00.000+0000
0YwRo000000NywLKAS,005Ro0000056brdIAA,false,false,2026-04-10T22:29:04.000+0000
0YwRo000000OR0fKAG,005Ro000005KLi9IAG,false,false,2026-08-11T16:10:58.000+0000
0YwRo000000OR77KAG,005Ro000005K5aBIAS,true,false,2026-07-23T19:14:19.000+0000
0YwRo000000PmKnKAK,005Ro0000061rbYIAQ,false,false,2024-07-23T19:28:15.000+0000
0YwRo000000PxjFKAS,005Ro00000688mgIAA,false,false,2026-07-20T15:04:09.000+0000
0YwRo000000PxkrKAC,005Ro0000068DMUIA2,false,false,2026-08-14T15:15:30.000+0000
0YwRo000000PxmTKAS,005Ro0000068BNyIAM,true,false,2026-06-09T14:19:05.000+0000
0YwRo000000Pxo5KAC,005Ro00000686bDIAQ,false,false,2024-08-02T20:20:52.000+0000
0YwRo000000Q8ggKAC,005Ro000006CnEsIAK,false,false,2026-08-12T14:15:50.000+0000
0YwRo000000Q8ghKAC,005Ro000006CnEtIAK,false,false,2026-07-27T15:49:06.000+0000
0YwRo000000Q8giKAC,005Ro000006CnEuIAK,false,false,2024-11-21T18:14:05.000+0000
0YwRo000000Q8gjKAC,005Ro000006CnEvIAK,false,false,2026-08-18T13:26:40.000+0000
0YwRo000000Q8gkKAC,005Ro000006CnEwIAK,false,false,2024-10-24T16:03:45.000+0000
0YwRo000000Q8glKAC,005Ro000006CnExIAK,false,false,2026-06-01T11:50:27.000+0000
0YwRo000000Q8gmKAC,005Ro000006CnEyIAK,false,false,2025-01-23T15:58:46.000+0000
0YwRo000000Q8gnKAC,005Ro000006CnEzIAK,false,false,2024-07-30T21:37:35.000+0000
0YwRo000000Q8goKAC,005Ro000006CnF0IAK,false,false,2026-07-27T14:59:57.000+0000
0YwRo000000Q8gpKAC,005Ro000006CnF1IAK,false,false,2024-07-26T12:54:44.000+0000
0YwRo000000Q8gqKAC,005Ro000006CnF2IAK,false,false,2026-05-27T16:55:41.000+0000
0YwRo000000Q8grKAC,005Ro000006CnF3IAK,false,false,2026-01-19T17:29:54.000+0000
0YwRo000000Q8gsKAC,005Ro000006CnF4IAK,false,false,2025-05-22T17:30:44.000+0000
0YwRo000000Q8gtKAC,005Ro000006CnF5IAK,false,false,2026-08-12T18:09:03.000+0000
0YwRo000000Q8guKAC,005Ro000006CnF6IAK,false,false,2026-07-20T13:58:59.000+0000
0YwRo000000Q8gvKAC,005Ro000006CnF7IAK,false,false,2026-06-01T15:17:43.000+0000
0YwRo000000Q8gwKAC,005Ro000006CnF8IAK,false,false,2026-07-30T20:32:42.000+0000
0YwRo000000Q8gxKAC,005Ro000006CnF9IAK,false,false,2026-08-05T17:05:04.000+0000
0YwRo000000Q8gyKAC,005Ro000006CnFAIA0,false,false,2026-07-14T19:29:54.000+0000
0YwRo000000Q8gzKAC,005Ro000006CnFBIA0,false,false,2026-05-28T20:01:24.000+0000
0YwRo000000Q8h0KAC,005Ro000006CnFCIA0,false,false,2025-03-20T12:25:09.000+0000
0YwRo000000QVjJKAW,005Ro000006QPyjIAG,false,false,2026-04-29T12:09:31.000+0000
0YwRo000000QkjxKAC,005Ro000006WmNwIAK,false,false,2026-08-11T19:50:40.000+0000
0YwRo000000QqB3KAK,005Ro000006ZTv1IAG,false,false,2025-05-02T17:09:01.000+0000
0YwRo000000RrZhKAK,005Ro000006zBhUIAU,false,false,2024-08-08T20:04:47.000+0000
0YwRo000000S7bFKAS,005Ro0000074n4YIAQ,false,false,2026-08-15T14:27:32.000+0000
0YwRo000000S7bGKAS,005Ro0000074n4ZIAQ,false,false,2026-07-22T14:44:39.000+0000
0YwRo000000S7bHKAS,005Ro0000074n4aIAA,false,false,2026-07-30T11:35:52.000+0000
0YwRo000000S7bIKAS,005Ro0000074n4bIAA,false,false,2025-08-05T13:29:14.000+0000
0YwRo000000S7bJKAS,005Ro0000074n4cIAA,false,false,2026-08-10T10:03:56.000+0000
0YwRo000000S7bKKAS,005Ro0000074n4dIAA,false,false,2026-08-17T08:57:59.000+0000
0YwRo000000S7bLKAS,005Ro0000074n4eIAA,false,false,2026-08-07T19:58:28.000+0000
0YwRo000000S7bMKAS,005Ro0000074n4fIAA,false,false,2026-01-16T09:55:31.000+0000
0YwRo000000S7bNKAS,005Ro0000074n4gIAA,false,false,2026-05-05T08:36:37.000+0000
0YwRo000000S7bOKAS,005Ro0000074n4hIAA,false,false,2026-02-04T14:37:20.000+0000
0YwRo000000S7bPKAS,005Ro0000074n4iIAA,false,false,2026-07-09T07:35:28.000+0000
0YwRo000000S7bQKAS,005Ro0000074n4jIAA,false,false,2026-07-17T13:09:07.000+0000
0YwRo000000S7bRKAS,005Ro0000074n4kIAA,false,false,2025-12-22T09:57:38.000+0000
0YwRo000000S7bSKAS,005Ro0000074n4lIAA,false,false,2025-03-11T12:01:09.000+0000
0YwRo000000S7bTKAS,005Ro0000074n4mIAA,false,false,2026-03-27T11:56:48.000+0000
0YwRo000000S7bUKAS,005Ro0000074n4nIAA,false,false,2024-08-12T03:51:58.000+0000
0YwRo000000S7bVKAS,005Ro0000074n4oIAA,false,false,2026-06-01T09:30:18.000+0000
0YwRo000000S7bWKAS,005Ro0000074n4pIAA,false,false,2025-08-26T16:36:16.000+0000
0YwRo000000S7bXKAS,005Ro0000074n4qIAA,false,false,2026-02-03T10:46:13.000+0000
0YwRo000000S7bYKAS,005Ro0000074n4rIAA,false,false,2025-11-28T10:19:12.000+0000
0YwRo000000S7bZKAS,005Ro0000074n4sIAA,false,false,2025-03-12T09:13:25.000+0000
0YwRo000000S7baKAC,005Ro0000074n4tIAA,false,false,2026-07-22T13:18:38.000+0000
0YwRo000000S7bbKAC,005Ro0000074n4uIAA,false,false,2026-08-05T09:06:22.000+0000
0YwRo000000S7bcKAC,005Ro0000074n4vIAA,false,false,2026-08-05T08:55:58.000+0000
0YwRo000000S7bdKAC,005Ro0000074n4wIAA,false,false,2025-12-15T23:27:13.000+0000
0YwRo000000S7beKAC,005Ro0000074n4xIAA,false,false,2026-02-03T11:05:09.000+0000
0YwRo000000S7bfKAC,005Ro0000074n4yIAA,false,false,2026-08-11T15:49:06.000+0000
0YwRo000000S7bgKAC,005Ro0000074n4zIAA,false,false,2025-03-03T12:53:18.000+0000
0YwRo000000S7bhKAC,005Ro0000074n50IAA,false,false,2026-07-17T15:21:12.000+0000
0YwRo000000S7biKAC,005Ro0000074n51IAA,false,false,2026-08-17T09:47:57.000+0000
0YwRo000000S7bjKAC,005Ro0000074n52IAA,false,false,2025-03-06T14:23:37.000+0000
0YwRo000000S7bkKAC,005Ro0000074n53IAA,false,false,2026-06-16T14:16:35.000+0000
0YwRo000000S7blKAC,005Ro0000074n54IAA,false,false,2026-08-02T16:23:51.000+0000
0YwRo000000S7bmKAC,005Ro0000074n55IAA,false,false,2026-03-26T12:57:00.000+0000
0YwRo000000S7bnKAC,005Ro0000074n56IAA,false,false,2024-08-12T03:51:59.000+0000
0YwRo000000S7kvKAC,005Ro0000074qf7IAA,false,false,2024-08-12T04:54:38.000+0000
0YwRo000000ShRpKAK,005Ro000007CWpiIAG,false,false,2026-08-11T14:40:08.000+0000
0YwRo000000ShTRKA0,005Ro000007Ca3hIAC,false,false,2025-08-08T15:49:42.000+0000
0YwRo000000UjPVKA0,005Ro000007X9V7IAK,false,false,2026-02-23T13:16:17.000+0000
0YwRo000000UjanKAC,005Ro000007XBgbIAG,false,false,2026-06-11T17:30:11.000+0000
0YwRo000000UkWsKAK,005Ro000007XG3aIAG,false,false,2025-08-19T14:28:23.000+0000
0YwRo000000UmIXKA0,005Ro000007XMKHIA4,false,false,2026-06-17T18:34:57.000+0000
0YwRo000000VBnBKAW,005Ro000007beQfIAI,false,false,2024-09-12T11:45:07.000+0000
0YwRo000000VBonKAG,005Ro000007barkIAA,false,false,2024-12-09T21:38:46.000+0000
0YwRo000000WM0bKAG,005Ro000007o53hIAA,false,false,2026-05-12T15:59:47.000+0000
0YwRo000000WRQ5KAO,005Ro000007qBJVIA2,false,false,2026-06-15T18:35:32.000+0000
0YwRo000000WRmfKAG,005Ro000007qCVhIAM,false,false,2026-08-04T22:38:06.000+0000
0YwRo000000XWE1KAO,005Ro0000085UIbIAM,false,false,2025-05-06T22:26:24.000+0000
0YwRo000000XpoXKAS,005Ro000008ABonIAG,false,false,2026-07-20T08:47:08.000+0000
0YwRo000000Y1rJKAS,005Ro000008EO7VIAW,true,false,2025-01-13T14:45:34.000+0000
0YwRo000000YSTJKA4,005Ro000008Ke37IAC,false,false,2026-06-22T12:56:02.000+0000
0YwRo000000a2L3KAI,005Ro000008gLxuIAE,false,false,2025-09-04T09:59:43.000+0000
0YwRo000000a6JpKAI,005Ro000008hhrWIAQ,false,false,2025-07-08T21:03:45.000+0000
0YwRo000000aYMXKA2,005Ro000008p41lIAA,false,false,2026-08-03T16:09:31.000+0000
0YwRo000000aaL7KAI,005Ro000008pW4TIAU,false,false,2024-10-04T20:23:54.000+0000
0YwRo000000aaL8KAI,005Ro000008pW4UIAU,false,false,2024-10-04T20:23:54.000+0000
0YwRo000000b601KAA,005Ro000008y1mEIAQ,false,false,2024-10-09T18:43:24.000+0000
0YwRo000000bXg9KAE,005Ro00000964WnIAI,false,false,2026-07-27T15:14:48.000+0000
0YwRo000000bYNhKAM,005Ro0000096AcDIAU,false,false,2025-09-04T11:55:05.000+0000
0YwRo000000cqX3KAI,005Ro000009QOXlIAO,false,false,2024-10-23T13:18:05.000+0000
0YwRo000000cqYfKAI,005Ro000009PoMHIA0,false,false,2024-10-28T15:22:37.000+0000
0YwRo000000cqaHKAQ,005Ro000009QQzNIAW,false,false,2024-10-23T13:20:21.000+0000
0YwRo000000dWPpKAM,005Ro000009Zq1lIAC,false,false,2026-08-03T14:50:33.000+0000
0YwRo000000dWWHKA2,005Ro000009ZqUnIAK,true,false,2026-02-23T17:19:29.000+0000
0YwRo000000dWZVKA2,005Ro000009Zqo9IAC,false,false,2024-11-07T20:26:14.000+0000
0YwRo000000daoPKAQ,005Ro000009aW5pIAE,false,false,2026-07-13T13:48:06.000+0000
0YwRo000000eUtpKAE,005Ro000009naunIAA,false,false,2025-05-12T08:35:27.000+0000
0YwRo000000eqeDKAQ,005Ro000009twXdIAI,false,false,2024-11-06T16:07:11.000+0000
0YwRo000000f7S9KAI,005Ro000009z5ooIAA,false,false,2026-06-18T10:22:01.000+0000
0YwRo000000g9OfKAI,005Ro00000ACTq5IAH,false,false,2026-08-17T07:52:35.000+0000
0YwRo000000gWmfKAE,005Ro00000AIzs5IAD,false,false,2026-05-18T07:37:39.000+0000
0YwRo000000hGHdKAM,005Ro00000APx3xIAD,true,false,2026-01-09T22:09:58.000+0000
0YwRo000000hGPhKAM,005Ro00000APy3FIAT,false,false,2026-06-15T18:28:30.000+0000
0YwRo000000hfMTKAY,005Ro00000AYcoJIAT,false,false,2026-05-26T07:05:59.000+0000
0YwRo000000i5qPKAQ,005Ro00000Am51FIAR,false,false,2025-12-30T10:29:58.000+0000
0YwRo000000iumTKAQ,005Ro00000B3heoIAB,false,false,2025-09-15T08:10:00.000+0000
0YwRo000000j92LKAQ,005Ro00000B7vCwIAJ,false,false,2026-07-06T16:00:03.000+0000
0YwRo000000j93xKAA,005Ro00000B7vmPIAR,false,false,2026-08-03T15:32:10.000+0000
0YwRo000000j97BKAQ,005Ro00000B7vzKIAR,false,false,2026-06-08T17:45:19.000+0000
0YwRo000000l3YjKAI,005Ro00000BhCNlIAN,true,false,2026-01-30T11:28:03.000+0000
0YwRo000000lD1pKAE,005Ro00000BjEmrIAF,false,false,2026-07-08T15:32:59.000+0000
0YwRo000000lwBpKAI,005Ro00000BpbGyIAJ,false,false,2026-07-29T11:49:53.000+0000
0YwRo000000m4SjKAI,005Ro00000BqqsDIAR,false,false,2026-07-13T08:09:50.000+0000
0YwRo000000mtYTKAY,005Ro00000BusiYIAR,false,false,2026-07-13T06:59:20.000+0000
0YwRo000000mvIXKAY,005Ro00000Bv7MbIAJ,false,false,2026-07-20T17:23:13.000+0000
0YwRo000000nLRVKA2,005Ro00000BwrNNIAZ,false,false,2025-01-15T16:21:13.000+0000
0YwRo000000nOh7KAE,005Ro00000BxCA5IAN,false,false,2026-02-20T17:04:19.000+0000
0YwRo000000neU9KAI,005Ro00000BzKBZIA3,false,false,2026-07-13T12:13:01.000+0000
0YwRo000000ntEfKAI,005Ro00000C1XXhIAN,true,false,2026-04-22T19:01:18.000+0000
0YwRo000000oXTpKAM,005Ro00000C7l6XIAR,false,false,2026-05-21T13:03:04.000+0000
0YwRo000000oXlZKAU,005Ro00000C7h9OIAR,false,false,2025-08-22T13:03:36.000+0000
0YwRo000000oXonKAE,005Ro00000C7rDZIAZ,false,false,2026-07-28T13:13:45.000+0000
0YwRo000000oa9xKAA,005Ro00000C8MHNIA3,false,false,2026-05-27T10:07:51.000+0000
0YwRo000000ouobKAA,005Ro00000CBzE9IAL,false,false,2026-07-27T15:20:13.000+0000
0YwRo000000ourpKAA,005Ro00000CBzR3IAL,false,false,2026-05-26T15:26:54.000+0000
0YwRo000000pGVlKAM,005Ro00000CFXeHIAX,false,false,2025-02-11T14:12:29.000+0000
0YwRo000000pSlRKAU,005Ro00000CI6RRIA1,false,false,2026-08-10T14:02:49.000+0000
0YwRo000000pglBKAQ,005Ro00000CK4VBIA1,false,false,2026-08-03T08:51:20.000+0000
0YwRo000000pgmnKAA,005Ro00000CK4LWIA1,false,false,2025-03-14T10:14:27.000+0000
0YwRo000000q8G2KAI,005Ro00000COeAIIA1,false,false,2026-07-21T16:25:43.000+0000
0YwRo000000qFHVKA2,005Ro00000CPRCbIAP,false,false,2025-02-26T10:07:22.000+0000
0YwRo000000qFJ7KAM,005Ro00000CPREDIA5,false,false,2025-02-06T14:07:32.000+0000
0YwRo000000qFKjKAM,005Ro00000CPRHRIA5,false,false,2026-01-29T13:51:24.000+0000
0YwRo000000qoaDKAQ,005Ro00000CUKATIA5,false,false,2026-07-20T14:56:30.000+0000
0YwRo000000r3W1KAI,005Ro00000CWhCbIAL,false,false,2026-07-15T13:40:40.000+0000
0YwRo000000r3hJKAQ,005Ro00000CWijlIAD,false,false,2025-02-12T03:01:35.000+0000
0YwRo000000r3nlKAA,005Ro00000CWk41IAD,false,false,2025-08-26T15:27:03.000+0000
0YwRo000000rHFdKAM,005Ro00000CYjrpIAD,false,false,2025-05-14T21:40:46.000+0000
0YwRo000000rjWrKAI,005Ro00000Ce1bBIAR,true,false,2026-02-10T13:47:39.000+0000
0YwRo000000rquvKAA,005Ro00000CfMs5IAF,false,false,2026-08-17T13:12:18.000+0000
0YwRo000000sGHVKA2,005Ro00000CkAThIAN,false,false,2026-08-13T08:19:16.000+0000
0YwRo000000sGJ7KAM,005Ro00000CkAlRIAV,false,false,2026-04-30T16:43:24.000+0000
0YwRo000000sVQDKA2,005Ro00000CmlfFIAR,false,false,2026-03-03T15:03:17.000+0000
0YwRo000000ueXRKAY,005Ro00000D8vcrIAB,false,false,2025-03-12T13:18:55.000+0000
0YwRo000000ueafKAA,005Ro00000D8w0vIAB,false,false,2025-03-12T13:22:26.000+0000
0YwRo000000uhezKAA,005Ro00000D9PULIA3,false,false,2025-03-12T16:58:38.000+0000
0YwRo000000upFxKAI,005Ro00000DAhDtIAL,false,false,2026-06-17T13:18:28.000+0000
0YwRo000000vBoLKAU,005Ro00000DETDxIAP,false,false,2026-06-23T08:15:35.000+0000
0YwRo000000w3ITKAY,005Ro00000DLBqbIAH,true,false,2026-07-08T15:44:45.000+0000
0YwRo000000w5fFKAQ,005Ro00000DLTHFIA5,true,false,2026-07-08T14:17:28.000+0000
0YwRo000000wWCPKA2,005Ro00000DOe3GIAT,false,false,2025-03-26T13:46:49.000+0000
0YwRo000000wlg5KAA,005Ro00000DQIBVIA5,false,false,2025-07-21T14:40:01.000+0000
0YwRo000000wlmXKAQ,005Ro00000DQE9WIAX,false,false,2025-03-27T16:40:33.000+0000
0YwRo000000wuufKAA,005Ro00000DRDo8IAH,false,false,2026-02-18T17:16:00.000+0000
0YwRo000000xKM5KAM,005Ro00000DUEyvIAH,false,false,2026-06-15T08:01:39.000+0000
0YwRo000000xW77KAE,005Ro00000DVh1BIAT,false,false,2026-07-06T10:54:46.000+0000
0YwRo000000xiWTKAY,005Ro00000DWzleIAD,false,false,2025-07-03T14:40:31.000+0000
0YwRo000000y4GrKAI,005Ro00000DZibNIAT,false,false,2026-08-14T08:17:35.000+0000
0YwRo000000yJpNKAU,005Ro00000DbfEQIAZ,false,false,2026-06-16T19:39:03.000+0000
0YwRo000000yK3tKAE,005Ro00000DbhxlIAB,false,false,2025-04-08T18:53:13.000+0000
0YwRo000000yQUHKA2,005Ro00000DcRpJIAV,true,false,2026-06-12T19:57:06.000+0000
0YwRo000000yQhBKAU,005Ro00000DcQoXIAV,false,false,2025-10-30T13:18:30.000+0000
0YwRo000000yzJxKAI,005Ro00000DgdofIAB,false,false,2025-04-14T13:48:10.000+0000
0YwRo000000yzdJKAQ,005Ro00000DggRZIAZ,false,false,2026-05-01T09:08:52.000+0000
0YwRo000000zExJKAU,005Ro00000DiPBJIA3,false,false,2026-08-17T20:12:59.000+0000
0YwRo000000zUkLKAU,005Ro00000DkOW7IAN,false,false,2025-04-17T17:04:09.000+0000
0YwRo000000zUsPKAU,005Ro00000DkQUfIAN,true,false,2026-03-02T15:44:20.000+0000
0YwRo000000zV0TKAU,005Ro00000DkJQ2IAN,false,false,2026-08-10T22:21:01.000+0000
0YwRo000000zV8XKAU,005Ro00000DkR8zIAF,false,false,2026-05-24T20:40:33.000+0000
0YwRo000000zx82KAA,005Ro00000DncKoIAJ,false,false,2026-05-15T08:37:28.000+0000
0YwRo0000010d41KAA,005Ro00000DtkKTIAZ,false,false,2026-06-15T08:16:09.000+0000
0YwRo0000010d5dKAA,005Ro00000DtkM5IAJ,false,false,2026-07-14T12:03:49.000+0000
0YwRo0000010rDRKAY,005Ro00000DvlkHIAR,false,false,2025-04-29T14:59:52.000+0000
0YwRo0000011j2XKAQ,005Ro00000E2M2nIAF,false,false,2025-05-06T15:39:01.000+0000
0YwRo00000126vBKAQ,005Ro00000E5637IAB,false,false,2026-08-05T12:54:29.000+0000
0YwRo00000127w5KAA,005Ro00000E5FXpIAN,false,false,2026-08-11T15:18:41.000+0000
0YwRo0000012ZNhKAM,005Ro00000E8Za1IAF,false,false,2025-05-13T12:35:09.000+0000
0YwRo0000012oZdKAI,005Ro00000EAcyPIAT,false,false,2025-05-14T18:28:37.000+0000
0YwRo0000013dsHKAQ,005Ro00000EFpuzIAD,false,false,2026-07-21T14:03:52.000+0000
0YwRo0000013jo1KAA,005Ro00000EGUzmIAH,false,false,2026-07-24T14:10:11.000+0000
0YwRo0000013nhxKAA,005Ro00000EGwT0IAL,false,false,2026-06-01T14:00:39.000+0000
0YwRo0000014NWvKAM,005Ro00000ELHNZIA5,false,false,2026-08-17T17:23:04.000+0000
0YwRo00000151NtKAI,005Ro00000EPsLJIA1,false,false,2025-06-09T13:50:27.000+0000
0YwRo0000015XVpKAM,005Ro00000EUI4HIAX,false,false,2026-07-30T12:58:58.000+0000
0YwRo0000015XfVKAU,005Ro00000EUE5WIAX,false,false,2025-06-05T20:41:38.000+0000
0YwRo0000015XkLKAU,005Ro00000EUJI5IAP,false,false,2025-06-06T15:06:00.000+0000
0YwRo0000015o6rKAA,005Ro00000EWeWvIAL,false,false,2026-08-18T14:31:34.000+0000
0YwRo0000016A49KAE,005Ro00000EZNUjIAP,false,false,2026-06-16T14:43:24.000+0000
0YwRo0000016gqPKAQ,005Ro00000EdYD3IAN,false,false,2025-06-16T21:35:28.000+0000
0YwRo0000017anlKAA,005Ro00000Ej8ivIAB,false,false,2026-06-22T07:56:23.000+0000
0YwRo0000017c3BKAQ,005Ro00000EjJBJIA3,false,false,2026-03-05T20:40:41.000+0000
0YwRo0000017l85KAA,005Ro00000EkIRhIAN,false,false,2026-07-08T07:51:24.000+0000
0YwRo0000018mq5KAA,005Ro00000EqmdBIAR,false,false,2026-07-10T15:15:05.000+0000
0YwRo0000019M7CKAU,005Ro00000EvM8cIAF,false,false,2026-06-02T16:50:28.000+0000
0YwRo0000019MOvKAM,005Ro00000EvO3xIAF,false,false,2025-07-07T13:49:12.000+0000
0YwRo0000019MQXKA2,005Ro00000EvOITIA3,false,false,2026-06-09T18:03:01.000+0000
0YwRo0000019MS9KAM,005Ro00000EvOLhIAN,false,false,2026-07-06T12:37:10.000+0000
0YwRo0000019MrxKAE,005Ro00000EvSM5IAN,false,false,2026-05-26T12:17:38.000+0000
0YwRo0000019s5RKAQ,005Ro00000EzcukIAB,false,false,2026-05-27T21:07:29.000+0000
0YwRo000001AFI9KAO,005Ro00000F2Uz3IAF,false,false,2026-07-20T12:14:44.000+0000
0YwRo000001B805KAC,005Ro00000F8bcrIAB,false,false,2026-06-10T13:28:48.000+0000
0YwRo000001B8EbKAK,005Ro00000F8eu5IAB,true,false,2025-12-08T16:17:37.000+0000
0YwRo000001BO1dKAG,005Ro00000FADszIAH,false,false,2025-07-22T17:12:58.000+0000
0YwRo000001BnhZKAS,005Ro00000FDFgXIAX,false,false,2026-04-27T15:36:06.000+0000
0YwRo000001CT7JKAW,005Ro00000FHvdxIAD,false,false,2026-08-13T10:51:45.000+0000
0YwRo000001CyhNKAS,005Ro00000FLfAnIAL,false,false,2026-08-04T07:50:08.000+0000
0YwRo000001CzYbKAK,005Ro00000FLp5KIAT,false,false,2025-08-04T16:01:14.000+0000
0YwRo000001D1nJKAS,005Ro00000FMBaTIAX,false,false,2026-08-03T12:39:59.000+0000
0YwRo000001DO0jKAG,005Ro00000FOo33IAD,false,false,2026-06-16T16:16:14.000+0000
0YwRo000001EOBZKA4,005Ro00000FVz8DIAT,false,false,2026-07-28T18:22:02.000+0000
0YwRo000001EnujKAC,005Ro00000FYeGvIAL,false,false,2026-08-17T13:20:58.000+0000
0YwRo000001EnwLKAS,005Ro00000FYeIXIA1,false,false,2026-06-01T18:15:00.000+0000
0YwRo000001F4NhKAK,005Ro00000FZqW9IAL,false,false,2025-08-19T10:33:50.000+0000
0YwRo000001FIwvKAG,005Ro00000FaiLFIAZ,false,false,2025-08-19T20:49:44.000+0000
0YwRo000001FMfZKAW,005Ro00000Fb82nIAB,false,false,2026-07-27T13:26:41.000+0000
0YwRo000001HBxlKAG,005Ro00000Fk4G5IAJ,false,false,2026-07-09T15:56:20.000+0000
0YwRo000001I2vdKAC,005Ro00000FnAQbIAN,false,false,2026-07-22T07:17:41.000+0000
0YwRo000001I8crKAC,005Ro00000FnhsnIAB,false,false,2026-06-01T10:57:12.000+0000
0YwRo000001J0erKAC,005Ro00000FtdL4IAJ,false,false,2026-08-18T14:38:11.000+0000
0YwRo000001J0gTKAS,005Ro00000FteU1IAJ,false,false,2025-09-08T14:13:57.000+0000
0YwRo000001JzdVKAS,005Ro00000G01irIAB,false,false,2026-06-16T08:00:26.000+0000
0YwRo000001Jzf7KAC,005Ro00000G01kTIAR,false,false,2026-01-23T07:01:49.000+0000
0YwRo000001K0JRKA0,005Ro00000G079xIAB,false,false,2025-12-15T19:28:42.000+0000
0YwRo000001KBDFKA4,005Ro00000G1KRhIAN,false,false,2026-06-15T13:37:34.000+0000
0YwRo000001KnGvKAK,005Ro00000G5TJVIA3,false,false,2026-06-18T13:10:27.000+0000
0YwRo000001KzgHKAS,005Ro00000G6y1tIAB,false,false,2026-06-09T20:48:34.000+0000
0YwRo000001LIarKAG,005Ro00000G9BcXIAV,false,false,2026-05-14T17:02:21.000+0000
0YwRo000001LIuDKAW,005Ro00000G9CDeIAN,false,false,2026-06-15T18:03:58.000+0000
0YwRo000001LIvpKAG,005Ro00000G9DKzIAN,false,false,2026-05-20T01:04:29.000+0000
0YwRo000001LJ0fKAG,005Ro00000G9E49IAF,false,false,2026-05-28T01:22:05.000+0000
0YwRo000001LLLpKAO,005Ro00000G9Rz3IAF,false,false,2026-05-21T16:44:03.000+0000
0YwRo000001LLSHKA4,005Ro00000G9SblIAF,false,false,2026-07-20T17:08:58.000+0000
0YwRo000001LLwvKAG,005Ro00000G9UgnIAF,false,false,2026-07-11T14:25:05.000+0000
0YwRo000001LM1lKAG,005Ro00000G9UosIAF,false,false,2026-05-28T18:41:33.000+0000
0YwRo000001Lqr3KAC,005Ro00000GD261IAD,false,false,2026-07-22T19:17:07.000+0000
0YwRo000001M2sDKAS,005Ro00000GEHJ7IAP,false,false,2026-07-06T12:04:45.000+0000
0YwRo000001MElJKAW,005Ro00000GFWUbIAP,false,false,2026-08-06T17:00:07.000+0000
0YwRo000001MwhVKAS,005Ro00000GJyP3IAL,true,false,2025-12-12T16:36:45.000+0000
0YwRo000001OFJtKAO,005Ro00000GSdgLIAT,true,false,2026-07-16T20:22:02.000+0000
0YwRo000001Or5pKAC,005Ro00000GWEQ1IAP,false,false,2026-03-31T07:30:12.000+0000
0YwRo000001OrllKAC,005Ro00000GWMdhIAH,false,false,2025-10-20T12:34:05.000+0000
0YwRo000001OrozKAC,005Ro00000GWMllIAH,false,false,2026-05-20T09:09:34.000+0000
0YwRo000001QNy5KAG,005Ro00000GkPa5IAF,true,false,2026-01-06T18:04:40.000+0000
0YwRo000001QNzhKAG,005Ro00000GkPbhIAF,false,false,2026-08-05T18:52:32.000+0000
0YwRo000001QanFKAS,005Ro00000GlsDSIAZ,false,false,2026-03-04T17:27:10.000+0000
0YwRo000001RFdVKAW,005Ro00000GqxE5IAJ,false,false,2026-05-19T21:45:38.000+0000
0YwRo000001RFf7KAG,005Ro00000GquwAIAR,false,false,2025-11-06T02:19:51.000+0000
0YwRo000001RFgjKAG,005Ro00000GqymrIAB,false,false,2026-05-26T17:27:18.000+0000
0YwRo000001RFiLKAW,005Ro00000GqweeIAB,false,false,2026-05-27T14:13:47.000+0000
0YwRo000001RFonKAG,005Ro00000Gr0OrIAJ,true,false,2026-05-29T14:36:08.000+0000
0YwRo000001RFqPKAW,005Ro00000Gr0QTIAZ,false,false,2026-05-19T20:20:29.000+0000
0YwRo000001RFs1KAG,005Ro00000Gr0S5IAJ,false,false,2026-07-29T13:31:05.000+0000
0YwRo000001RFtdKAG,005Ro00000Gr0ThIAJ,false,false,2026-05-19T22:40:35.000+0000
0YwRo000001RFvFKAW,005Ro00000Gr0VJIAZ,false,false,2026-05-19T02:16:11.000+0000
0YwRo000001RFwrKAG,005Ro00000Gr0YXIAZ,false,false,2026-04-07T16:31:02.000+0000
0YwRo000001RFyTKAW,005Ro00000Gqy27IAB,false,false,2026-05-27T21:18:25.000+0000
0YwRo000001RIujKAG,005Ro00000GrFpJIAV,false,false,2026-05-19T20:30:21.000+0000
0YwRo000001RRgHKAW,005Ro00000GsFk1IAF,false,false,2025-12-05T14:56:02.000+0000
0YwRo000001S1AHKA0,005Ro00000GvMyfIAF,false,false,2026-05-11T13:31:54.000+0000
0YwRo000001S1DVKA0,005Ro00000GvN3VIAV,false,false,2025-11-11T16:08:36.000+0000
0YwRo000001TGbtKAG,005Ro00000H1yZpIAJ,false,false,2025-11-17T23:23:02.000+0000
0YwRo000001TdqDKAS,005Ro00000H3t6DIAR,false,false,2026-02-17T18:43:34.000+0000
0YwRo000001Tyt3KAC,005Ro00000H5tmsIAB,false,false,2026-06-09T20:10:26.000+0000
0YwRo000001Uaa9KAC,005Ro00000HAcDWIA1,false,false,2026-05-15T15:30:57.000+0000
0YwRo000001VwiHKAS,005Ro00000HMyesIAD,false,false,2026-03-13T16:03:32.000+0000
0YwRo000001WKpRKAW,005Ro00000HQLQPIA5,false,false,2025-12-04T16:07:08.000+0000
0YwRo000001XV9JKAW,005Ro00000HfeiuIAB,false,false,2026-07-28T13:52:14.000+0000
0YwRo000001YCHVKA4,005Ro00000HndknIAB,false,false,2025-12-22T17:27:55.000+0000
0YwRo000001ZFzhKAG,005Ro00000I3u3JIAR,false,false,2026-07-07T12:13:23.000+0000
0YwRo000001ZG1JKAW,005Ro00000I3u89IAB,false,false,2026-07-07T11:56:23.000+0000
0YwRo000001ZPEHKA4,005Ro00000I5ZsQIAV,false,false,2026-01-06T11:10:31.000+0000
0YwRo000001ZpS5KAK,005Ro00000I9MjhIAF,false,false,2026-08-05T13:49:50.000+0000
0YwRo000001bfjZKAQ,005Ro00000IOxkXIAT,false,false,2026-01-19T20:26:33.000+0000
0YwRo000001cIL7KAM,005Ro00000ISMmPIAX,false,false,2026-07-22T19:17:57.000+0000
0YwRo000001cSdpKAE,005Ro00000ITMKXIA5,false,false,2026-06-12T10:18:36.000+0000
0YwRo000001dDJNKA2,005Ro00000IZ0sPIAT,false,false,2026-05-29T17:27:46.000+0000
0YwRo000001dDKzKAM,005Ro00000IZ0vdIAD,false,false,2026-01-26T14:01:39.000+0000
0YwRo000001dmFVKAY,005Ro00000IcnYPIAZ,false,false,2026-05-19T20:25:27.000+0000
0YwRo000001dmqbKAA,005Ro00000IcqrFIAR,false,false,2026-05-26T17:47:04.000+0000
0YwRo000001dmsDKAQ,005Ro00000Icr49IAB,false,false,2026-05-26T18:23:44.000+0000
0YwRo000001dmsEKAQ,005Ro00000Icr4AIAR,false,false,2026-05-27T20:31:00.000+0000
0YwRo000001dmvRKAQ,005Ro00000IcrDpIAJ,false,false,2026-05-26T23:24:37.000+0000
0YwRo000001dn0HKAQ,005Ro00000IcrKHIAZ,false,false,2026-06-09T21:50:52.000+0000
0YwRo000001dnI1KAI,005Ro00000IcsxtIAB,false,false,2026-05-21T21:17:51.000+0000
0YwRo000001dnRhKAI,005Ro00000IctxBIAR,false,false,2026-01-28T18:06:47.000+0000
0YwRo000001dnUvKAI,005Ro00000IcuejIAB,false,false,2026-05-26T16:38:03.000+0000
0YwRo000001dnY9KAI,005Ro00000IcuoPIAR,false,false,2026-07-27T21:10:37.000+0000
0YwRo000001dnbNKAQ,005Ro00000IcutFIAR,false,false,2026-05-27T15:37:27.000+0000
0YwRo000001f8lpKAA,005Ro00000Il2GvIAJ,false,false,2026-08-06T14:29:10.000+0000
0YwRo000001gKo9KAE,005Ro00000Iqb2jIAB,false,false,2026-02-09T19:46:40.000+0000
0YwRo000001gdFhKAI,005Ro00000IsNWjIAN,false,false,2026-07-09T18:26:05.000+0000
0YwRo000001jCkPKAU,005Ro00000J6KifIAF,false,false,2026-05-29T11:35:54.000+0000
0YwRo000001jCm1KAE,005Ro00000J6KltIAF,false,false,2026-05-27T19:31:14.000+0000
0YwRo000001jCpFKAU,005Ro00000J6Kp7IAF,false,false,2026-02-24T18:24:35.000+0000
0YwRo000001jR57KAE,005Ro00000J7nSTIAZ,false,false,2026-02-24T09:11:17.000+0000
0YwRo000001kkGzKAI,005Ro00000JEj8nIAD,false,false,2026-06-08T12:17:18.000+0000
0YwRo000001l3ptKAA,005Ro00000JGHEuIAP,false,false,2026-06-01T15:36:26.000+0000
0YwRo000001l6W1KAI,005Ro00000JGZ0TIAX,false,false,2026-06-02T12:31:19.000+0000
0YwRo000001nQSDKA2,005Ro00000JRJbVIAX,false,false,2026-03-12T13:29:03.000+0000
0YwRo000001qMALKA2,005Ro00000JgQBFIA3,true,false,2026-07-08T15:45:27.000+0000
0YwRo000001qNhVKAU,005Ro00000JgalhIAB,false,false,2026-06-30T12:33:57.000+0000
0YwRo000001s1RZKAY,005Ro00000JoMdVIAV,false,false,2026-04-06T15:36:59.000+0000
0YwRo000001sBsLKAU,005Ro00000JpKplIAF,false,false,2026-07-13T13:49:18.000+0000
0YwRo000001tGErKAM,005Ro00000JulyzIAB,false,false,2026-07-08T11:59:07.000+0000
0YwRo000001ubHFKAY,005Ro00000K1qibIAB,false,false,2026-05-29T19:11:55.000+0000
0YwRo000001vRkTKAU,005Ro00000K5ibBIAR,false,false,2026-04-21T14:04:58.000+0000
0YwRo000001xfPxKAI,005Ro00000KGrmQIAT,false,false,2026-07-27T08:50:10.000+0000
0YwRo000001xq5FKAQ,005Ro00000KHaLJIA1,false,false,2026-04-28T13:49:34.000+0000
0YwRo00000207YDKAY,005Ro00000KTG2fIAH,false,false,2026-07-07T21:28:40.000+0000
0YwRo0000021SE1KAM,005Ro00000KZkCXIA1,false,false,2026-08-19T12:51:56.000+0000
0YwRo0000024yPRKAY,005Ro00000KrYG9IAN,false,false,2026-05-27T22:21:32.000+0000
0YwRo0000025YxZKAU,005Ro00000KugfNIAR,false,false,2026-07-17T21:00:31.000+0000
0YwRo0000026f5lKAA,005Ro00000KzcJNIAZ,false,false,2026-06-08T16:07:54.000+0000
0YwRo0000026iWfKAI,005Ro00000KzuubIAB,false,false,2026-06-08T14:59:37.000+0000
0YwRo0000028sZxKAI,005Ro00000L8eVdIAJ,false,false,2026-06-11T16:04:38.000+0000
0YwRo000002D3YPKA0,005Ro00000LRhZRIA1,false,false,2026-06-30T08:02:00.000+0000
0YwRo000002DMUbKAO,005Ro00000LT8SjIAL,false,false,2026-07-01T09:40:26.000+0000
0YwRo000002EzqTKAS,005Ro00000LacXJIAZ,false,false,2026-07-15T15:50:29.000+0000
0YwRo000002GEyjKAG,005Ro00000LfniDIAR,false,false,2026-07-28T13:28:44.000+0000
0YwRo000002GFRlKAO,005Ro00000LfqEfIAJ,false,false,2026-07-20T17:15:44.000+0000
0YwRo000002GTEbKAO,005Ro00000Lgii5IAB,false,false,2026-07-20T21:00:18.000+0000
0YwRo000002ICJJKA4,005Ro00000LoVkTIAV,false,false,2026-07-21T16:55:42.000+0000
0YwRo000002IjQXKA0,005Ro00000LrPLxIAN,false,false,2026-07-28T13:36:19.000+0000
0YwRo000002IxWjKAK,005Ro00000LsTaPIAV,false,false,2026-07-29T16:47:32.000+0000
0YwRo000002KHErKAO,005Ro00000LyXZhIAN,false,false,2026-07-31T19:55:33.000+0000
0YwRo000002NXWnKAO,005Ro00000MCe3RIAT,false,false,2026-08-17T16:39:36.000+0000
0YwRo000002OJI5KAO,005Ro00000MFsY5IAL,false,false,2026-08-19T14:35:52.000+0000
0YwU0000001YAE1KAO,005U0000002zqGtIAI,false,false,2023-11-16T21:12:45.000+0000
0YwU0000002mDBVKA2,005U0000002zqGnIAI,false,false,2023-11-17T16:14:06.000+0000
0YwU0000002xHzxKAE,005U0000006AfeCIAS,false,false,2016-01-06T15:15:09.000+0000
0YwU0000002xX9sKAE,005U0000006AuxOIAS,false,false,2026-07-28T15:36:15.000+0000
0YwU0000002xdaBKAQ,005U0000006B1aCIAS,false,false,2016-04-25T20:19:28.000+0000
0YwU0000002xe0sKAA,005U0000006B24lIAC,false,false,2016-10-24T11:24:17.000+0000
0YwU0000002yNCAKA2,005U0000006Bm8AIAS,true,false,2020-04-30T21:13:52.000+0000
0YwU0000003WI4qKAG,005U00000045xUeIAI,false,false,2026-05-28T13:07:56.000+0000
0YwU0000003WI5AKAW,005U00000045xUyIAI,false,false,2026-08-17T12:51:53.000+0000
0YwU0000003WI5FKAW,005U00000045xV3IAI,false,false,2016-07-29T16:41:12.000+0000
0YwU0000003YT8xKAG,005U00000048BCLIA2,false,false,2015-05-15T14:46:41.000+0000
0YwU0000003Yxx2KAC,005U0000004CtgmIAC,false,false,2016-01-18T10:00:16.000+0000
0YwU0000003xwI3KAI,005U0000004H1abIAC,false,false,2015-05-27T13:24:27.000+0000
0YwU0000003xwI8KAI,005U0000004H1agIAC,false,false,2026-08-09T11:58:53.000+0000
0YwU0000003yUSCKA2,005U0000004cZXYIA2,false,false,2018-12-13T22:47:11.000+0000
0YwU0000003yrsmKAA,005U0000004d4xXIAQ,false,false,2016-08-23T13:36:37.000+0000
0YwU0000003yrtVKAQ,005U0000004d4yGIAQ,false,false,2017-09-25T16:39:32.000+0000
0YwU0000004iMl8KAE,005U0000005lovwIAA,false,false,2015-08-30T19:13:00.000+0000
0YwU0000004iV4IKAU,005U0000005lxOTIAY,false,false,2019-05-20T13:00:47.000+0000
0YwU0000004jXfDKAU,005U0000005n2HMIAY,false,false,2015-11-21T14:35:00.000+0000
0YwU0000005ipcxKAA,005U0000006ul2GIAQ,true,false,2023-11-17T16:13:53.000+0000
0YwU0000005j8IrKAI,005U0000006v3xaIAA,false,false,2016-08-22T19:35:44.000+0000
